id_persona,cliente,edad,genero,ciudad_residencia,estrato_socioeconomico,frecuencia_visita,promedio_gasto_comida,ocio,consume_licor,preferencias_alimenticias,membresia_premium,telefono_contacto,correo_electronico,tipo_de_pago_mas_usado,ingresos_mensuales
4013002847,James Shannon,41.0,Masculino,Boston,Alto,5,30.74,Sí,Sí,Carnes,Sí,,scottfrey@example.com,Tarjeta,6931
8373803828,Julie Russo,66.0,Femenino,Boston,Muy Alto,9,19.94,No,Sí,Vegetariano,Sí,,,Efectivo,13456
5394273061,Sara Ball,37.0,Femenino,Boston,Bajo,1,11.35,Sí,No,Carnes,No,563-346-4749x6591,smithstacy@example.com,Efectivo,1197
9336353877,Mary Bentley,29.0,Femenino,Boston,Medio,2,11.22,No,Sí,Vegetariano,No,6382528579,,Efectivo,2052
1232293617,Elizabeth Griffin,51.0,Femenino,Boston,Alto,6,51.46,No,No,Vegetariano,Sí,906.282.9481,,Efectivo,8499
9116770673,April Hoffman,57.0,Femenino,Boston,Alto,5,48.4,No,No,Carnes,No,,veronicalane@example.net,Efectivo,5535
6065852975,Mary Hernandez,18.0,Femenino,Boston,Medio,3,24.88,Sí,Sí,Mariscos,No,(715)738-4503,omcintosh@example.org,Efectivo,2856
7601008318,George Murphy,33.0,Masculino,Boston,Medio,3,14.26,Sí,Sí,Mariscos,No,236.294.1751,,App,1698
2562700723,Alyssa Salinas,80.0,Femenino,Boston,Bajo,3,10.89,Sí,Sí,Vegetariano,No,+1-439-553-1169x5152,mark08@example.net,Efectivo,876
5666123927,Jonathon Nguyen,18.0,Masculino,Boston,Alto,4,19.69,No,Sí,Vegano,Sí,3086888764,stephengriffin@example.org,Tarjeta,4645
1233356095,Kimberly Harrison,47.0,Femenino,Boston,Alto,4,50.69,Sí,No,Vegano,Sí,001-704-625-3776x96732,freyes@example.org,Tarjeta,4745
8991263318,Zachary Davis,35.0,Masculino,Boston,Bajo,2,11.02,No,No,Mariscos,No,,robert40@example.com,Tarjeta,915
5067996808,Sara Johnson,59.0,Femenino,Boston,Alto,4,8.5,No,Sí,Vegetariano,No,,,Tarjeta,6750
5841829810,Heather Santiago,80.0,Femenino,Boston,Muy Alto,7,68.82,No,No,Mariscos,Sí,+1-819-758-1618x93298,,Efectivo,10405
8839545607,Jessica Harmon,47.0,Femenino,Boston,Bajo,2,6.81,No,Sí,Pescado,No,900.760.3289,vperez@example.com,App,1027
5853321243,Rhonda Solomon,35.0,Femenino,Boston,Medio,2,21.8,Sí,Sí,Carnes,No,(235)498-6484,jjohnson@example.net,Tarjeta,3307
2247112947,Sandra Gonzales,47.0,Femenino,Boston,Bajo,1,8.12,No,No,Otro,No,,,App,823
9828782886,Kenneth Moran,47.0,Masculino,Boston,Muy Alto,10,18.95,No,Sí,Carnes,Sí,,,App,16011
2193787923,Jasmine Parker,54.0,Femenino,Boston,Medio,2,11.11,Sí,No,Pescado,No,,stevenwalter@example.org,App,2606
5900313192,Rebecca Wright,62.0,Femenino,Boston,Alto,5,47.1,No,Sí,Mariscos,Sí,,baileybarbara@example.org,Criptomoneda,4087
6973394281,Matthew Martin,26.0,Masculino,Boston,Alto,6,14.0,Sí,Sí,Mariscos,Sí,001-828-654-0402x616,,Efectivo,5506
6973196201,Eric Young,31.0,Masculino,Boston,Alto,4,46.4,Sí,No,Carnes,Sí,667-929-4424x72226,walterwright@example.org,Tarjeta,3824
3417082009,Carol Chen,65.0,Femenino,Boston,Medio,5,23.81,No,No,Mariscos,Sí,,,Tarjeta,3129
4037270171,Brandy Pope,28.0,Femenino,Boston,Medio,5,6.43,Sí,Sí,Vegetariano,Sí,,riosdaisy@example.com,App,2232
6631058699,Cynthia Bishop,40.0,Femenino,Boston,Bajo,2,7.32,Sí,Sí,Vegetariano,No,+1-305-865-5340x0267,,Tarjeta,1094
8691230554,John Smith,60.0,Masculino,Boston,Alto,4,40.63,Sí,Sí,Vegano,Sí,580-868-1065x950,,Tarjeta,4715
9334437368,Jessica Irwin,54.0,Femenino,Boston,Alto,4,39.48,No,No,Carnes,Sí,,williamsgregory@example.org,Efectivo,6999
9257266440,James Cowan,45.0,Masculino,Boston,Alto,6,32.14,Sí,No,Mariscos,Sí,,larry77@example.org,Efectivo,5723
3885502378,Erin Hill,26.0,Femenino,Boston,Muy Alto,7,40.94,Sí,No,Vegetariano,No,(363)685-1603x121,,App,13668
8131208599,Amy Gonzalez,78.0,Femenino,Boston,Muy Alto,8,92.69,Sí,No,Vegetariano,Sí,,batesthomas@example.net,Efectivo,12539
6155277595,Emily Brennan,28.0,Femenino,Boston,Muy Alto,5,9.1,No,Sí,Vegetariano,Sí,,,App,11264
5674583340,Thomas Ross,73.0,Masculino,Boston,Muy Alto,10,94.78,Sí,Sí,Carnes,Sí,,,Tarjeta,12882
7023095493,Troy Ibarra,62.0,Masculino,Boston,Alto,6,9.61,No,No,Pescado,No,590.642.6980x87825,asimpson@example.net,App,8190
1420654268,Keith Hensley,42.0,Masculino,Boston,Muy Alto,9,104.17,Sí,Sí,Vegano,Sí,,raymondbeasley@example.org,Efectivo,9806
1260652596,Ashley Torres,24.0,Femenino,Boston,Muy Alto,10,94.09,Sí,Sí,Mariscos,Sí,455.996.5727,,Tarjeta,9115
2076151332,Jane Jenkins,40.0,Femenino,Boston,Alto,6,39.26,No,No,Vegetariano,No,001-539-987-9201x48292,michaelarmstrong@example.net,Efectivo,7155
2922036958,Craig Smith,56.0,Masculino,Boston,Alto,5,23.18,No,Sí,Vegetariano,Sí,,,Efectivo,3998
4366568207,Jennifer Jensen,64.0,Femenino,Boston,Muy Alto,6,82.07,Sí,Sí,Otro,Sí,,jacksonmary@example.org,App,17220
8680701997,Kelsey Acosta,35.0,Femenino,Boston,Medio,2,10.86,No,No,Vegano,No,,jeff25@example.org,Efectivo,2538
1963581697,Julie Martin,20.0,Femenino,Boston,Alto,4,20.16,Sí,No,Mariscos,Sí,(762)559-9143,,App,3698
8766703461,Amber Johnson,63.0,Femenino,Boston,Bajo,2,10.8,No,No,Mariscos,No,,autumndaniels@example.com,App,1285
4794650015,Christina Jones,77.0,Femenino,Boston,Alto,4,17.13,No,No,Vegetariano,Sí,+1-754-205-3340x1647,,Tarjeta,5670
1010508398,Walter Simon,59.0,Masculino,Boston,Medio,3,19.11,Sí,Sí,Carnes,No,,yharris@example.net,Tarjeta,2493
9674596936,Lauren Kelly,19.0,Femenino,Boston,Medio,3,5.88,Sí,Sí,Vegetariano,No,445.962.1555,eric16@example.net,App,2726
6450686199,Eileen Patel,27.0,Femenino,Boston,Medio,3,15.67,Sí,Sí,Vegetariano,No,777-944-4156,jason75@example.net,App,3286
1524498170,Deborah Pham,31.0,Femenino,Boston,Alto,5,29.88,Sí,No,Vegetariano,Sí,(781)680-1295,logan35@example.org,Efectivo,6583
8803438370,Shelly Fowler,39.0,Femenino,Boston,Alto,6,14.06,Sí,Sí,Pescado,Sí,,,App,6306
4706462983,Nicole Bishop,32.0,Femenino,Boston,Medio,5,10.41,Sí,No,Mariscos,Sí,,,Efectivo,2415
9847694338,William Harper,29.0,Masculino,Boston,Muy Alto,8,71.29,No,No,Vegetariano,Sí,495.532.7918,loriortiz@example.org,Efectivo,15576
1575927354,Melissa Reynolds,21.0,Femenino,Boston,Bajo,1,13.0,Sí,Sí,Pescado,No,,,Tarjeta,1523
7746557406,Alison Daniels,68.0,Femenino,Boston,Medio,4,22.53,No,No,Mariscos,No,474-432-6417,michael45@example.net,App,2805
9190753627,Danielle Abbott,27.0,Femenino,Boston,Medio,4,13.69,No,Sí,Pescado,No,365-598-1157,cbass@example.net,Efectivo,2450
8344243787,Brian Arnold,21.0,Masculino,Boston,Alto,4,13.18,Sí,Sí,Vegano,Sí,,glennmichelle@example.com,Efectivo,6669
2602884797,Carrie Phillips,37.0,Femenino,Boston,Medio,4,7.54,No,Sí,Vegetariano,No,,,Tarjeta,2902
7145898019,Devin Taylor,78.0,Masculino,Boston,Alto,6,62.46,Sí,No,Vegano,Sí,,,Efectivo,4598
8571863474,Robert Martin,78.0,Masculino,Boston,Alto,4,60.21,No,No,Vegetariano,Sí,8629011990,,App,7911
4993724986,Matthew Ramirez,57.0,Masculino,Boston,Medio,4,17.36,Sí,No,Pescado,No,,,Tarjeta,3363
6879098746,Kathy Jackson,22.0,Femenino,Boston,Bajo,2,6.56,Sí,No,Mariscos,No,,,Tarjeta,1144
6252977800,Dustin Ochoa,74.0,Masculino,Boston,Alto,4,14.2,Sí,Sí,Carnes,Sí,643.558.5693x287,derrick05@example.org,App,5501
7168129514,Todd Smith,60.0,Masculino,Boston,Bajo,1,9.8,No,Sí,Otro,No,+1-275-483-3183,,App,1533
1307978476,Jenna Barnes,20.0,Femenino,Boston,Alto,5,51.05,Sí,Sí,Pescado,No,966-951-5174,johncampbell@example.net,App,6904
5391597972,David Vazquez,71.0,Masculino,Boston,Medio,3,23.91,Sí,Sí,Pescado,No,,lauren98@example.net,Tarjeta,1766
1730934543,Adam Moore,59.0,Masculino,Boston,Bajo,1,8.61,No,Sí,Mariscos,No,,johnsontonya@example.org,Tarjeta,1163
4893441449,Nathan Barrett,34.0,Masculino,Boston,Medio,2,22.06,Sí,Sí,Vegano,No,(288)715-1473,stevenbrowning@example.net,Efectivo,1827
6130988790,Kara Edwards,48.0,Femenino,Boston,Alto,4,54.7,Sí,Sí,Pescado,Sí,,,Tarjeta,3800
7325011385,Stephanie Green,63.0,Femenino,Boston,Muy Alto,5,70.42,Sí,Sí,Carnes,Sí,,,Tarjeta,10331
3694825728,Antonio Peters,76.0,Masculino,Boston,Bajo,2,10.52,Sí,Sí,Vegano,No,,,App,1402
3047869247,Rebecca Cooper,47.0,Femenino,Boston,Alto,5,31.47,Sí,Sí,Carnes,No,,michellebrown@example.com,Efectivo,8549
9481150570,Amber Cruz,49.0,Femenino,Boston,Bajo,3,9.4,Sí,No,Pescado,No,,,Efectivo,1078
2466538300,Jessica Miller,78.0,Femenino,Boston,Medio,5,29.71,Sí,Sí,Carnes,No,,phillipsnathan@example.net,App,2100
5375623915,Joseph Baker,18.0,Masculino,Boston,Medio,4,25.65,No,Sí,Otro,Sí,001-863-762-2982x25053,clarencegonzalez@example.net,Efectivo,2387
2310775000,Regina Barber,38.0,Femenino,Boston,Medio,4,26.67,No,Sí,Vegetariano,No,,,Efectivo,2337
7523591587,Jill Cervantes,67.0,Femenino,Boston,Muy Alto,5,26.8,Sí,Sí,Mariscos,Sí,+1-319-540-5484x6529,,App,10776
7500860082,Katherine Anderson,59.0,Femenino,Boston,Medio,3,27.23,Sí,Sí,Carnes,No,(702)725-0920x1198,ralphburns@example.net,Efectivo,2953
9872029928,Sarah Miller,42.0,Femenino,Boston,Alto,5,36.58,No,Sí,Vegetariano,No,,kellystone@example.com,App,6940
8871508287,Thomas Newton,42.0,Masculino,Boston,Muy Alto,10,72.76,Sí,No,Vegetariano,Sí,,,Efectivo,14855
5531465480,Ashley Jones,68.0,Femenino,Boston,Alto,4,5.94,No,Sí,Carnes,Sí,2493978055,sandra43@example.org,Efectivo,7189
4222051513,Teresa Jennings,79.0,Femenino,Boston,Alto,4,54.87,Sí,No,Vegetariano,Sí,,,Efectivo,7550
5853660504,Victor Gibbs,68.0,Masculino,Boston,Bajo,2,13.22,Sí,No,Pescado,No,001-586-421-7008x781,davisdaniel@example.org,Efectivo,1265
4470591645,Mason Roberts,62.0,Masculino,Boston,Alto,5,63.07,No,Sí,Pescado,Sí,320-271-0156x339,,Efectivo,5675
8473887714,Charles Lewis,39.0,Masculino,Boston,Medio,4,15.96,No,Sí,Vegetariano,No,,susanlopez@example.org,Tarjeta,2559
7262162344,Tonya Gibson,31.0,Femenino,Boston,Medio,2,28.53,Sí,No,Vegetariano,No,429.299.6043,fwilson@example.org,Efectivo,3267
5911651524,Jeremiah Fernandez,20.0,Masculino,Boston,Alto,4,13.58,No,Sí,Vegetariano,No,,michaelking@example.net,Efectivo,7491
9869669782,Christopher Cameron,27.0,Masculino,Boston,Alto,5,40.02,Sí,Sí,Vegetariano,Sí,,,Tarjeta,8539
1893428333,Steven Ortiz,58.0,Masculino,Boston,Medio,4,17.55,No,Sí,Vegano,No,,bonnie28@example.org,Efectivo,2385
2980892706,Jennifer Barton,45.0,Femenino,Boston,Medio,3,20.71,Sí,No,Pescado,No,001-773-804-0009x536,lgonzalez@example.net,Efectivo,1903
6536939931,Michelle Morrison,27.0,Femenino,Boston,Alto,4,24.19,Sí,Sí,Otro,No,,,Efectivo,6245
9839593434,Angela Williamson,64.0,Femenino,Boston,Medio,2,33.54,No,Sí,Carnes,No,+1-411-558-2702x45285,,App,2375
6639336381,Stacey Johnson,59.0,Femenino,Boston,Bajo,2,6.22,Sí,No,Carnes,No,,wheelerpedro@example.net,Efectivo,976
9817780073,Robert Lutz,79.0,Masculino,Boston,Muy Alto,10,36.6,Sí,No,Vegetariano,Sí,447-662-2898,,Efectivo,14232
3079851349,Christopher Hernandez,66.0,Masculino,Boston,Bajo,2,9.89,Sí,Sí,Carnes,No,,,App,1428
7861571879,Stacy Lopez,62.0,Femenino,Boston,Medio,2,17.04,Sí,No,Otro,No,+1-531-952-3499,robertburke@example.org,App,2830
4333767518,Darren Clayton,48.0,Masculino,Boston,Bajo,2,9.81,No,No,Otro,No,,,App,983
6588447280,Maria Taylor,80.0,Femenino,Boston,Medio,2,23.89,No,No,Vegetariano,No,,frichardson@example.com,Tarjeta,2718
3515615256,Amanda Strickland,27.0,Femenino,Boston,Medio,5,23.03,Sí,Sí,Vegetariano,Sí,,,App,1957
5437859483,Cheryl Townsend,44.0,Femenino,Boston,Medio,2,29.55,No,Sí,Otro,No,,,Tarjeta,2019
1119652928,Cheryl Fox,67.0,Femenino,Boston,Bajo,3,11.27,No,Sí,Vegetariano,No,,,Efectivo,876
1028275916,Dustin Allen,59.0,Masculino,Boston,Medio,5,22.09,No,Sí,Vegetariano,No,,campbelllisa@example.net,Efectivo,2962
5345918656,Kyle Wallace,21.0,Masculino,Boston,Alto,5,39.54,No,Sí,Mariscos,Sí,,,App,8679
5645032724,Paul Cook,63.0,Masculino,Boston,Alto,6,42.03,Sí,Sí,Carnes,No,,,Efectivo,5158
6629913550,Derek Carroll,39.0,Masculino,Boston,Muy Alto,10,43.69,No,No,Vegetariano,Sí,378.887.0221x24464,,Efectivo,10702
4701810418,Matthew Moore,59.0,Masculino,Boston,Medio,5,20.46,No,No,Mariscos,No,+1-429-368-9819,,Efectivo,2360
8093168480,Megan Madden,49.0,Femenino,Boston,Alto,5,63.92,Sí,No,Carnes,No,,michellerobinson@example.com,Efectivo,3772
1497439597,Barbara Ramos,33.0,Femenino,Boston,Medio,4,20.28,No,Sí,Mariscos,Sí,,ufleming@example.org,Tarjeta,2714
1328836517,Shawn White,64.0,Masculino,Boston,Alto,5,47.96,No,No,Vegano,Sí,,rebeccasanchez@example.net,App,6394
7453869976,Jodi Adams,26.0,Femenino,Boston,Medio,2,20.15,No,Sí,Mariscos,No,649.293.5241x4398,johnsonsara@example.net,Efectivo,3468
3152153207,Mary Trujillo,79.0,Femenino,Boston,Bajo,2,8.29,No,No,Mariscos,No,,angel29@example.com,Efectivo,1422
5740328129,William Hernandez,30.0,Masculino,Boston,Bajo,2,6.97,Sí,Sí,Vegetariano,No,,iking@example.net,Efectivo,1358
4671396162,Edward Walker,68.0,Masculino,Boston,Medio,4,7.88,Sí,No,Carnes,No,782-998-1320x272,,App,3263
5443372171,Glenn Cisneros,40.0,Masculino,Boston,Bajo,2,7.16,No,Sí,Carnes,No,,peter12@example.net,App,1110
4311931853,Kirk Noble,63.0,Masculino,Boston,Muy Alto,9,40.88,No,Sí,Vegetariano,No,(254)970-6078x054,everettbrittany@example.net,Tarjeta,15940
8203447752,Miranda West,50.0,Femenino,Boston,Alto,6,36.16,Sí,No,Mariscos,Sí,+1-204-291-9817,kruegernicholas@example.org,App,3839
5256537862,Thomas Alexander,20.0,Masculino,Boston,Medio,5,11.56,Sí,No,Vegano,No,001-524-309-7526x06654,,Efectivo,2133
6064374162,Gabrielle Miller,62.0,Femenino,Boston,Muy Alto,10,103.09,Sí,Sí,Mariscos,Sí,,vincent74@example.com,Efectivo,13679
2854772804,Jordan West,67.0,Masculino,Boston,Alto,5,27.75,Sí,No,Mariscos,Sí,,,Efectivo,6719
9361867596,Ricky Mahoney,70.0,Masculino,Boston,Alto,4,13.45,No,Sí,Mariscos,Sí,,,Tarjeta,8135
6485605386,Haley Ruiz,65.0,Femenino,Boston,Bajo,2,14.27,Sí,Sí,Vegetariano,No,,ostone@example.org,Efectivo,1317
4871676777,Angela Morse,60.0,Femenino,Boston,Medio,3,34.39,No,Sí,Carnes,No,,isabella76@example.org,App,2603
6037776655,Craig Gray,56.0,Masculino,Boston,Bajo,1,7.34,No,Sí,Vegetariano,No,939-545-5928x15154,,Efectivo,1309
4179423398,Tara Christian,49.0,Femenino,Boston,Alto,5,58.15,Sí,No,Vegetariano,Sí,+1-503-624-7271x2246,christopher49@example.net,Efectivo,6017
6002066515,Jessica Richardson,69.0,Femenino,Boston,Muy Alto,6,29.05,No,Sí,Carnes,Sí,,,Tarjeta,17593
4811165458,Jason Beck,79.0,Masculino,Boston,Medio,3,12.55,No,No,Mariscos,No,,stewartsusan@example.com,Efectivo,2385
9706591774,Laura Houston,55.0,Femenino,Boston,Medio,2,33.84,No,Sí,Vegano,No,(819)275-3989x547,,Tarjeta,2447
9167489057,Joseph Moran,54.0,Masculino,Boston,Alto,5,26.33,No,No,Mariscos,Sí,,,App,6124
6330959387,Cindy Mahoney,74.0,Femenino,Boston,Medio,3,21.92,No,Sí,Vegano,No,,qking@example.com,Tarjeta,1767
8350402056,Valerie Mullen,54.0,Femenino,Boston,Medio,2,28.85,Sí,Sí,Mariscos,No,,brandialvarez@example.com,Tarjeta,2325
8483706257,Kaitlyn Singh,29.0,Femenino,Boston,Alto,6,7.44,Sí,Sí,Mariscos,No,,,Tarjeta,5482
5237465008,Gina Simmons,66.0,Femenino,Boston,Alto,5,53.84,No,Sí,Mariscos,Sí,486-231-1343x3813,jordanthomas@example.org,Efectivo,4161
1087712916,Gregory Carpenter,49.0,Masculino,Boston,Bajo,3,14.08,No,Sí,Vegetariano,No,909-891-9755x54904,crobinson@example.com,Tarjeta,1316
3996596068,Cynthia Hayes,58.0,Femenino,Boston,Bajo,3,6.12,Sí,Sí,Vegetariano,No,,,Efectivo,895
2954541080,Brett Cross,69.0,Masculino,Boston,Alto,4,7.83,Sí,Sí,Pescado,Sí,001-864-638-8733x46224,david72@example.org,App,3861
5811161965,Kimberly Saunders,21.0,Femenino,Boston,Alto,6,54.97,No,Sí,Vegetariano,No,,,App,5172
9571153645,Ashley Miles,73.0,Femenino,Boston,Bajo,3,7.63,No,No,Pescado,No,(589)690-0988x65673,,Tarjeta,1520
5752190436,Jonathan Baldwin,43.0,Masculino,Boston,Alto,6,28.95,Sí,No,Mariscos,Sí,,,App,6655
1088747200,Craig Willis,47.0,Masculino,Boston,Muy Alto,6,78.54,No,No,Vegetariano,Sí,+1-901-626-8213x3423,kimberlyperry@example.org,Efectivo,10855
4673457063,Rebecca Day,79.0,Femenino,Boston,Alto,4,21.81,Sí,Sí,Carnes,Sí,348-273-1460,,Tarjeta,3541
5803118954,Clinton Robertson,80.0,Masculino,Boston,Alto,6,15.95,No,Sí,Mariscos,Sí,5177110658,shaneellis@example.org,Efectivo,4471
6717516887,Drew Mendoza,39.0,Masculino,Boston,Alto,6,46.81,Sí,Sí,Pescado,Sí,8462765505,jacqueline23@example.com,Efectivo,7910
9341110027,Amy Tate,27.0,Femenino,Boston,Muy Alto,8,47.95,No,Sí,Vegetariano,Sí,452.631.5899x83224,yclark@example.com,Efectivo,9555
7738835494,Mark Webster,34.0,Masculino,Boston,Medio,2,16.2,No,Sí,Vegano,No,,,Efectivo,2151
4090709910,Christopher Gibbs,35.0,Masculino,Boston,Alto,4,14.64,Sí,No,Mariscos,Sí,,smithryan@example.com,Tarjeta,5309
2401696707,Jordan Anderson,52.0,Masculino,Boston,Medio,5,25.84,No,No,Vegetariano,No,001-286-915-5535x13592,,Tarjeta,2697
2373259143,Melinda Waters,60.0,Femenino,Boston,Alto,6,60.79,Sí,Sí,Mariscos,Sí,,,Tarjeta,3707
6854490552,Joseph Mcguire,22.0,Masculino,Boston,Medio,4,11.5,No,Sí,Pescado,No,496-373-3106x0096,brandi48@example.org,Criptomoneda,2824
6423704730,Edwin Wilson,36.0,Masculino,Boston,Medio,3,7.97,Sí,No,Mariscos,Sí,,,Tarjeta,3400
2071547054,Lindsey Rose,20.0,Femenino,Boston,Alto,6,35.47,No,Sí,Mariscos,Sí,+1-447-918-8303x1011,,App,8561
9801098884,Justin Fitzpatrick,78.0,Masculino,Boston,Medio,3,20.36,No,No,Vegetariano,No,,xaviervaldez@example.com,Tarjeta,1755
8524105278,Vanessa Jones,57.0,Femenino,Boston,Muy Alto,5,58.37,Sí,Sí,Carnes,No,,glennangelica@example.net,App,11884
4640435053,Adam Young,,Masculino,Boston,Medio,4,14.13,No,Sí,Vegetariano,No,,ryan08@example.com,App,2958
6175348293,Amanda Bryant,26.0,Femenino,Boston,Medio,4,30.15,Sí,Sí,Pescado,No,,carsonrobert@example.org,App,2993
5453940328,Adam Mcmillan,49.0,Masculino,Boston,Bajo,2,7.6,Sí,No,Carnes,No,+1-237-211-6174x13527,nromero@example.org,App,1363
7136173390,Lisa Harrison,60.0,Femenino,Boston,Muy Alto,9,29.63,No,Sí,Vegetariano,Sí,,,App,9245
6585609060,Ruth Brooks,33.0,Femenino,Boston,Alto,4,57.49,Sí,No,Vegetariano,Sí,,,App,5229
7670236837,Aaron Erickson,42.0,Masculino,Boston,Alto,6,27.71,Sí,Sí,Pescado,No,553.325.6589,,Tarjeta,3686
9983782476,Kimberly Walton,78.0,Femenino,Boston,Medio,3,34.85,No,Sí,Otro,No,,,Tarjeta,1635
1875755962,Jose Warren,44.0,Masculino,Boston,Muy Alto,7,45.76,Sí,Sí,Pescado,Sí,(491)898-6264x05928,,Efectivo,14973
9936660346,Louis Charles,21.0,Masculino,Boston,Muy Alto,7,60.53,No,Sí,Mariscos,Sí,,,Efectivo,11746
5833673005,Evelyn Hutchinson,54.0,Femenino,Boston,Medio,2,23.61,No,No,Carnes,No,,diana07@example.com,Efectivo,2711
4516614927,Debra Sharp,44.0,Femenino,Boston,Muy Alto,5,37.74,Sí,No,Carnes,No,,nataliecarpenter@example.org,Tarjeta,16484
9149673063,Jenny Johnson,74.0,Femenino,Boston,Medio,5,13.19,No,No,Mariscos,No,,,App,3185
1929342747,Robert Barnes,46.0,Masculino,Boston,Muy Alto,5,85.09,No,Sí,Mariscos,Sí,,,Efectivo,13236
5477637780,Connie Mendoza,67.0,Femenino,Boston,Medio,5,25.94,Sí,Sí,Otro,No,,,Tarjeta,1669
7534583219,Thomas Mcdonald,68.0,Masculino,Boston,Bajo,3,7.31,No,No,Carnes,No,+1-991-707-9446,,Tarjeta,1596
9136155213,Samantha Brooks,60.0,Femenino,Boston,Alto,5,63.88,Sí,No,Vegetariano,Sí,544-344-4523x76468,wwilson@example.org,Efectivo,7728
5231196084,Craig Johnson,39.0,Masculino,Boston,Medio,2,17.67,Sí,Sí,Vegetariano,No,+1-653-631-5419,wstark@example.net,Efectivo,2473
3792643135,Christina Calderon,27.0,Femenino,Boston,Bajo,2,11.59,No,Sí,Carnes,No,,andersontyler@example.org,Tarjeta,1453
7472579944,Jessica Williams,25.0,Femenino,Boston,Alto,4,10.29,Sí,Sí,Vegetariano,Sí,001-573-427-1458x39187,charles54@example.com,Tarjeta,7801
1802753761,John Liu,24.0,Masculino,Boston,Muy Alto,5,66.73,Sí,Sí,Carnes,Sí,750.383.2323,qfields@example.org,App,16912
1737293582,Holly Gallagher,,Femenino,Boston,Medio,4,22.82,Sí,No,Carnes,No,,websteramanda@example.org,Efectivo,2836
3282456292,Monica Thomas,59.0,Femenino,Boston,Medio,2,20.62,Sí,Sí,Vegetariano,No,394.724.5092x030,,App,2582
4855172529,Jerry Jones,42.0,Masculino,Boston,Medio,2,32.2,Sí,Sí,Carnes,No,(231)416-5695,madisontucker@example.com,Efectivo,2786
5841419125,Jose Walker,54.0,Masculino,Boston,Alto,4,30.7,No,No,Carnes,No,,lorisanders@example.net,Efectivo,8377
8261621776,Kenneth Aguirre,72.0,Masculino,Boston,Muy Alto,7,73.92,Sí,Sí,Vegetariano,Sí,,annaholder@example.net,Tarjeta,12168
7251768606,Kent Thomas,77.0,Masculino,Boston,Medio,3,5.2,Sí,No,Pescado,No,,danielle91@example.com,Tarjeta,2777
1703197090,Natalie Brown,33.0,Femenino,Boston,Muy Alto,5,85.26,Sí,Sí,Carnes,Sí,+1-493-299-2535x8161,,Efectivo,10607
6228635509,Jason Matthews,,Masculino,Boston,Muy Alto,10,85.96,No,No,Mariscos,Sí,(879)385-9416,kathyjones@example.com,Tarjeta,9729
5356203406,Lucas Sanders,63.0,Masculino,Boston,Muy Alto,8,24.08,Sí,Sí,Mariscos,Sí,,xburns@example.net,Efectivo,14698
8236409212,Michael Aguirre,31.0,Masculino,Boston,Alto,6,34.67,Sí,Sí,Otro,Sí,,,Tarjeta,5599
1229836745,Debra Fitzpatrick,56.0,Femenino,Boston,Alto,4,47.83,No,Sí,Vegetariano,Sí,,,Tarjeta,3961
4594787485,Elizabeth Matthews,80.0,Femenino,Boston,Medio,4,34.19,No,Sí,Vegetariano,No,,chapmanmarvin@example.com,App,2768
9844600889,Steven Perez,66.0,Masculino,Boston,Alto,5,,No,No,Vegano,Sí,,,Efectivo,8471
9017739343,Daryl Jones,78.0,Masculino,Boston,Medio,3,29.73,Sí,Sí,Vegetariano,No,,,Efectivo,2002
4499399190,Sandra Carr,37.0,Femenino,Boston,Bajo,2,6.41,No,Sí,Carnes,No,+1-398-695-9562x875,joshuarobertson@example.com,Tarjeta,1090
1666660868,Daniel Garrett,62.0,Masculino,Boston,Medio,4,21.24,Sí,No,Carnes,No,001-510-529-9572x29355,pcraig@example.net,Efectivo,2772
8443061472,Debra Estrada,46.0,Femenino,Boston,Muy Alto,7,54.25,Sí,Sí,Vegetariano,Sí,+1-918-290-2248x493,,Efectivo,12038
3168679136,Debbie Bell,70.0,Femenino,Boston,Muy Alto,5,93.82,Sí,Sí,Carnes,Sí,,scottandrew@example.org,Tarjeta,9967
7103557930,Christopher Garcia,61.0,Masculino,Boston,Alto,6,58.04,Sí,Sí,Otro,Sí,3447641980,,Tarjeta,8864
3958590550,Kevin Moody,41.0,Masculino,Boston,Muy Alto,10,42.22,Sí,No,Carnes,Sí,,,App,9446
7507090175,Colleen Everett,19.0,Femenino,Boston,Alto,4,61.24,Sí,Sí,Vegetariano,No,(348)587-6461,,Efectivo,4765
2376354767,William Krause,72.0,Masculino,Boston,Medio,4,26.99,Sí,No,Otro,No,(636)317-8961,justin64@example.com,Efectivo,3039
7745580128,Carol Thompson,30.0,Femenino,Boston,Alto,6,41.94,Sí,Sí,Carnes,No,,murraydiane@example.net,Tarjeta,7353
2327342139,Seth Turner,26.0,Masculino,Boston,Muy Alto,5,20.13,No,Sí,Carnes,Sí,(599)827-6726x49408,,Tarjeta,17617
1163469499,Debra Warren,57.0,Femenino,Boston,Medio,2,31.36,No,Sí,Vegetariano,No,,michael86@example.net,Tarjeta,1699
2343473834,Paige Adams,45.0,Femenino,Boston,Muy Alto,10,51.94,Sí,Sí,Vegetariano,Sí,450.423.2314,,App,12494
2940202689,Kevin Mitchell,77.0,Masculino,Boston,Medio,5,5.2,Sí,No,Vegano,No,,bmccormick@example.net,Efectivo,3022
7558344464,Ryan Smith,27.0,Masculino,Boston,Medio,4,5.97,No,Sí,Carnes,No,(853)242-3644,,Tarjeta,3491
2677769486,Justin Grimes,74.0,Masculino,Boston,Muy Alto,7,13.69,Sí,No,Carnes,Sí,,lsingleton@example.com,Tarjeta,12860
8136121063,Sharon Lopez,78.0,Femenino,Boston,Muy Alto,5,29.46,Sí,No,Vegetariano,Sí,,trevorwilkinson@example.net,Efectivo,15575
5311738516,Joseph Gonzalez,55.0,Masculino,Boston,Bajo,3,9.55,Sí,No,Vegano,No,+1-402-254-0437x894,,Tarjeta,1144
1571909228,Elizabeth Martin,25.0,Femenino,Boston,Medio,5,25.49,Sí,Sí,Vegetariano,No,514.987.2927x6189,nflores@example.net,Tarjeta,2147
2115925314,Gregory Porter,80.0,Masculino,Boston,Medio,4,18.72,No,No,Mariscos,No,,,Efectivo,3257
9053417049,Edwin Hunt,32.0,Masculino,Boston,Muy Alto,10,102.54,Sí,No,Mariscos,Sí,001-825-436-3922,,Tarjeta,11916
9129464505,Calvin Martinez,67.0,Masculino,Boston,Alto,6,9.19,Sí,Sí,Vegano,Sí,538-587-0305,angelamaddox@example.net,App,7679
1970998540,Mason Perez,31.0,Masculino,Boston,Alto,4,39.88,Sí,Sí,Carnes,Sí,(279)872-7435x11319,,App,6197
1240140248,Thomas Clark,58.0,Masculino,Boston,Alto,6,54.94,No,No,Vegetariano,Sí,,jpeters@example.org,App,4285
9901502713,Jacqueline Gomez,40.0,Femenino,Boston,Alto,5,28.15,No,Sí,Vegetariano,Sí,4449104524,,Tarjeta,7060
1654602021,Samantha Bean,66.0,Femenino,Boston,Muy Alto,10,14.22,No,Sí,Vegetariano,Sí,,jessica24@example.net,Efectivo,17382
5473025524,Andrea Peterson,34.0,Femenino,Boston,Medio,3,15.81,No,No,Carnes,No,470-594-0843,lhorne@example.net,App,2304
5033864217,Thomas Nichols,34.0,Masculino,Boston,Medio,2,17.39,No,No,Vegetariano,No,(988)727-6131,,App,2207
8003782049,Jessica Cross,59.0,Femenino,Boston,Muy Alto,6,58.91,Sí,No,Carnes,Sí,+1-850-242-4617x88269,paulcarey@example.com,Tarjeta,10644
5796800114,Andre Jones,32.0,Masculino,Boston,Muy Alto,6,32.48,Sí,Sí,Carnes,Sí,430-999-8786,sarahmoore@example.org,Tarjeta,13449
7125994325,Kayla Delacruz,23.0,Femenino,Boston,Medio,4,33.97,Sí,Sí,Carnes,No,,smithsandra@example.com,Tarjeta,2383
7702235761,Sharon Cunningham,24.0,Femenino,Boston,Medio,3,33.48,Sí,Sí,Mariscos,No,668-297-6830,,Efectivo,2423
1112794026,Edgar Nielsen,74.0,Masculino,Boston,Alto,5,33.64,No,No,Mariscos,Sí,912-984-5373x263,,Tarjeta,4691
1230249217,Courtney Johnson,66.0,Femenino,Boston,Medio,5,21.55,No,Sí,Vegetariano,No,,miguel42@example.org,Efectivo,2393
5141688400,Melissa Gonzalez,32.0,Femenino,Boston,Medio,3,31.21,No,No,Vegetariano,No,270-434-6652,efitzgerald@example.net,Efectivo,1786
2935930035,Kathryn Turner,47.0,Femenino,Boston,Muy Alto,10,69.08,Sí,No,Vegetariano,Sí,323-391-3043,,Efectivo,11633
6584331165,Melissa Caldwell,24.0,Femenino,Boston,Muy Alto,7,80.66,Sí,Sí,Vegetariano,Sí,,kellermadison@example.com,App,14902
6330807867,Ashley Scott,62.0,Femenino,Boston,Medio,4,7.93,Sí,No,Carnes,Sí,+1-419-304-8285x7044,,Tarjeta,1845
4860075997,Lisa Hughes,23.0,Femenino,Boston,Alto,5,6.59,Sí,Sí,Vegetariano,Sí,(838)865-7136x567,,App,5416
3307191856,Bobby Crawford,36.0,Masculino,Boston,Muy Alto,6,64.91,No,No,Vegetariano,Sí,,,App,13733
3882425604,Gregory Hunter,51.0,Masculino,Boston,Medio,4,13.8,Sí,Sí,Vegano,Sí,,ssmith@example.org,Tarjeta,3445
4935462811,Sophia Coleman,68.0,Femenino,Boston,Alto,6,43.11,No,Sí,Carnes,Sí,+1-996-647-0981x703,wilsonmark@example.org,App,4720
4146077865,Angela Bell,73.0,Femenino,Boston,Alto,5,49.61,Sí,Sí,Carnes,Sí,,,App,8756
2439922067,Richard Elliott,77.0,Masculino,Boston,Alto,5,33.3,Sí,No,Otro,Sí,,kimguzman@example.com,App,8166
6954238895,Terry Bullock,45.0,Masculino,Boston,Muy Alto,6,71.99,Sí,Sí,Mariscos,Sí,,ijohnson@example.com,Tarjeta,11753
1178810419,Nicole Thompson,56.0,Femenino,Boston,Medio,2,15.8,No,Sí,Vegano,No,,,Efectivo,2547
3772733269,Frederick Hernandez,64.0,Masculino,Boston,Alto,4,9.04,No,Sí,Mariscos,Sí,,,Efectivo,7865
6765522528,Valerie Mcneil,24.0,Femenino,Boston,Bajo,2,11.91,Sí,Sí,Vegano,No,+1-613-802-5547,,Efectivo,1568
8224165114,Richard Gonzales,30.0,Masculino,Boston,Muy Alto,6,98.67,No,Sí,Mariscos,Sí,,debbiecline@example.net,App,13941
7542179398,Kyle Waller,29.0,Masculino,Boston,Alto,4,18.04,No,Sí,Vegetariano,No,,,Efectivo,4783
3056698664,Elizabeth Bernard,41.0,Femenino,Boston,Alto,5,15.57,No,Sí,Vegetariano,No,+1-887-534-5262x210,,App,4267
8100264303,Ernest Garza,19.0,Masculino,Boston,Medio,3,24.28,No,Sí,Carnes,No,,cruzkimberly@example.com,Tarjeta,2170
1665014783,Jessica Ross,40.0,Femenino,Boston,Alto,6,9.54,Sí,Sí,Vegetariano,Sí,656-581-9142,samantha85@example.net,Tarjeta,6885
5060688103,Ashley Shepherd,49.0,Femenino,Boston,Alto,5,39.56,Sí,No,Otro,Sí,,,Efectivo,4080
4421732042,Derrick Callahan,80.0,Masculino,Boston,Medio,3,31.14,Sí,Sí,Carnes,Sí,,fjohnson@example.net,Tarjeta,3462
9362395521,Thomas Moore,53.0,Masculino,Boston,Muy Alto,6,6.23,Sí,No,Vegano,Sí,393-356-2808,,App,13251
3729700891,David Landry,68.0,Masculino,Boston,Bajo,2,10.48,Sí,Sí,Mariscos,No,(774)694-1769x116,colenoah@example.com,Efectivo,1234
5122383169,Heather Larson,32.0,Femenino,Boston,Bajo,1,7.54,No,Sí,Carnes,No,,zfreeman@example.org,App,1109
9948054234,Wendy Dyer,26.0,Femenino,Boston,Muy Alto,5,78.07,No,Sí,Carnes,Sí,(932)694-6766,,Efectivo,15317
6413163558,Xavier Lopez,19.0,Masculino,Boston,Alto,6,5.63,No,Sí,Pescado,Sí,,johnfields@example.org,Tarjeta,6311
5168801310,Sherry Porter,32.0,Femenino,Boston,Alto,6,49.01,No,Sí,Vegetariano,Sí,001-903-374-3275x3171,jason71@example.com,App,8935
1614720122,Mark Cox,71.0,Masculino,Boston,Alto,4,56.74,Sí,No,Mariscos,Sí,513-576-7317,,Efectivo,4278
3491955912,Alexander Walker,75.0,Masculino,Boston,Medio,5,7.63,Sí,No,Mariscos,No,,,Efectivo,3259
3194285976,Joel Gillespie,54.0,Masculino,Boston,Muy Alto,6,41.17,Sí,No,Carnes,Sí,,,App,15299
1052988672,George Warner,37.0,Masculino,Boston,Medio,4,32.85,No,Sí,Vegano,Sí,2023096031,,App,2562
2515672889,Toni Jones,57.0,Femenino,Boston,Medio,3,16.89,Sí,Sí,Pescado,Sí,+1-439-575-1078x3806,,Efectivo,2389
3766539517,Todd Gray,43.0,Masculino,Boston,Muy Alto,5,34.31,No,Sí,Carnes,Sí,(533)466-3095x30796,,Efectivo,9695
2540453562,Dennis Anderson,52.0,Masculino,Boston,Muy Alto,10,56.77,Sí,Sí,Pescado,Sí,,,Tarjeta,10245
1322809882,John Morales,24.0,Masculino,Boston,Muy Alto,10,25.42,Sí,Sí,Mariscos,Sí,(215)573-2554x818,,Tarjeta,16732
6618551176,Eugene Moore,57.0,Masculino,Boston,Medio,2,18.06,Sí,No,Mariscos,No,,,App,1830
4748958133,Allen Johnston,51.0,Masculino,Boston,Alto,5,6.16,Sí,Sí,Mariscos,Sí,001-703-265-8448x43588,iduke@example.org,Efectivo,7579
2809331583,Kimberly Ryan,43.0,Femenino,Boston,Medio,2,18.71,Sí,Sí,Carnes,No,,,Efectivo,3103
4655073624,Monica Nelson,28.0,Femenino,Boston,Muy Alto,9,101.18,No,Sí,Vegetariano,Sí,,,Tarjeta,12057
7210288053,Michaela Bruce,67.0,Femenino,Boston,Alto,4,9.77,Sí,Sí,Vegetariano,Sí,,,Efectivo,8168
9477800442,Taylor Oliver,75.0,Femenino,Boston,Alto,4,20.41,Sí,Sí,Vegetariano,Sí,+1-776-432-0526,hmcdonald@example.org,App,8598
3997431923,Brenda Charles,21.0,Femenino,Boston,Alto,5,30.55,No,Sí,Vegetariano,Sí,,dcross@example.net,Efectivo,4347
1561523820,Jesus Goodwin,75.0,Masculino,Boston,Muy Alto,9,46.26,Sí,No,Vegetariano,No,,,Efectivo,10652
1110239423,Jonathan Mccall,37.0,Masculino,Boston,Muy Alto,5,66.71,No,Sí,Vegetariano,Sí,,,App,9298
1567584864,Zachary Anderson,70.0,Masculino,Boston,Muy Alto,7,36.03,Sí,No,Carnes,Sí,,xyoung@example.net,Tarjeta,16153
5985786370,Edwin Craig,31.0,Masculino,Boston,Muy Alto,10,88.11,Sí,Sí,Vegetariano,Sí,,,App,9883
7867138648,Peter Lamb,64.0,Masculino,Boston,Alto,4,47.04,No,Sí,Pescado,Sí,,,App,6401
4236123879,Samantha Benson,76.0,Femenino,Boston,Alto,5,18.03,Sí,No,Pescado,No,,,Efectivo,4365
7166873452,Charles Wolfe,49.0,Masculino,Boston,Medio,3,16.98,No,Sí,Otro,Sí,,,Efectivo,2141
2802141793,Amanda Reese,62.0,Femenino,Boston,Alto,4,45.19,Sí,Sí,Carnes,No,296.554.5605x569,rwright@example.net,Efectivo,5949
8612072838,Matthew Frederick,55.0,Masculino,Boston,Muy Alto,9,20.55,Sí,Sí,Carnes,Sí,,,Efectivo,10795
2309186996,Christopher Austin,37.0,Masculino,Boston,Muy Alto,8,61.63,No,Sí,Vegano,Sí,,,Efectivo,11874
3602680421,Nathaniel Jones,79.0,Masculino,Boston,Bajo,3,11.1,No,No,Vegano,No,001-362-591-6618,handerson@example.net,App,1534
1020560774,Dana Washington,66.0,Femenino,Boston,Muy Alto,7,53.42,No,Sí,Pescado,Sí,,keithvasquez@example.net,Tarjeta,17440
7518883548,Elizabeth Wright,60.0,Femenino,Boston,Muy Alto,10,26.92,No,Sí,Vegetariano,Sí,,,App,9590
2948070301,Dawn Gonzalez,50.0,Femenino,Boston,Bajo,3,12.27,Sí,No,Vegano,No,590.214.7068,,Tarjeta,1581
8950148935,Robert Riley,75.0,Masculino,Boston,Bajo,3,6.42,Sí,Sí,Vegano,No,,,Tarjeta,1069
7642577159,Danielle Santos,80.0,Femenino,Boston,Medio,4,23.44,No,No,Carnes,No,,cannoncristian@example.net,Tarjeta,1857
7390188891,Vanessa Edwards,63.0,Femenino,Boston,Alto,5,40.45,No,No,Pescado,Sí,,jjackson@example.net,Tarjeta,8745
7886314544,Peter Goodman,29.0,Masculino,Boston,Medio,5,19.42,No,Sí,Vegetariano,No,,powellgrace@example.net,Tarjeta,1931
4101308249,Patricia Moses,25.0,Femenino,Boston,Bajo,1,14.85,No,Sí,Carnes,No,,,Efectivo,1210
1474439845,George Perry,71.0,Masculino,Boston,Medio,4,32.57,No,No,Vegano,Sí,723-590-4412x307,grossmark@example.net,Efectivo,2796
7828914779,Paula Harris,19.0,Femenino,Boston,Medio,2,18.26,Sí,Sí,Carnes,Sí,,christophermcdonald@example.org,Efectivo,2723
9348248765,Rhonda Gallagher,68.0,Femenino,Boston,Alto,5,19.08,No,No,Mariscos,No,,,Efectivo,4587
2743219864,Johnny Kennedy,73.0,Masculino,Boston,Alto,5,50.11,Sí,Sí,Mariscos,Sí,,,Efectivo,5957
5015629493,Patricia Burns,46.0,Femenino,Boston,Medio,4,6.29,Sí,Sí,Vegano,No,(428)473-6921,juliehudson@example.org,App,2102
6657470517,Tyler Vargas,41.0,Masculino,Boston,Muy Alto,9,66.13,Sí,Sí,Mariscos,Sí,310-854-9734,richard00@example.org,App,9393
5901212012,Wendy Sanchez,36.0,Femenino,Boston,Alto,4,32.67,Sí,No,Vegetariano,Sí,493-628-5545x6979,,Efectivo,5402
2619318385,Nathan Johnson,48.0,Masculino,Boston,Muy Alto,8,34.44,No,No,Vegetariano,Sí,468.434.9872x5378,barbara35@example.net,Criptomoneda,15344
8256394548,Christopher Gomez,54.0,Masculino,Boston,Medio,3,30.98,No,No,Vegetariano,No,2956762321,krodriguez@example.net,Efectivo,2222
6197275443,Melissa Austin,19.0,Femenino,Boston,Medio,4,26.88,No,Sí,Pescado,No,(217)798-9123x003,,Tarjeta,3050
8469177241,Michael Walters,65.0,Masculino,Boston,Alto,6,60.94,No,No,Vegetariano,Sí,,,Efectivo,7227
6611874047,Cynthia Lawson,49.0,Femenino,Boston,Muy Alto,8,50.17,No,No,Mariscos,Sí,,tsimpson@example.net,Efectivo,17373
1116263535,Lindsay Roth,42.0,Femenino,Boston,Alto,4,19.44,No,No,Mariscos,Sí,001-378-711-5981x919,,Efectivo,3657
2996360520,Dylan Wallace,45.0,Masculino,Boston,Alto,4,64.07,Sí,No,Vegetariano,No,784-524-8388x6597,gonzalezdebra@example.com,App,7703
4401958531,Damon Johnson,23.0,Masculino,Boston,Alto,6,50.84,Sí,No,Mariscos,Sí,,,App,7869
3628750833,Cynthia Martinez,68.0,Femenino,Boston,Alto,4,62.58,No,Sí,Pescado,No,987.855.5155x106,,App,7242
9605919334,Melissa Simon,19.0,Femenino,Boston,Bajo,2,12.97,Sí,Sí,Mariscos,No,,,Efectivo,1284
6756332150,Teresa Flowers,24.0,Femenino,Boston,Muy Alto,8,88.14,Sí,Sí,Vegano,Sí,001-662-919-9477x37421,aaronhines@example.com,Tarjeta,9089
5298299638,April Rodriguez,27.0,Femenino,Boston,Bajo,2,9.22,Sí,Sí,Vegetariano,No,+1-738-867-3952x841,mwilkerson@example.net,Efectivo,1195
2549748436,Rebecca Wilson,67.0,Femenino,Boston,Medio,5,34.23,Sí,No,Vegano,Sí,001-436-356-5666x392,emurphy@example.net,Efectivo,1643
7012843640,Rhonda Warren,29.0,Femenino,Boston,Medio,2,20.19,No,Sí,Otro,No,767-942-4848,,Efectivo,1737
5209622941,Bridget Stewart,24.0,Femenino,Boston,Medio,4,19.37,No,Sí,Vegetariano,No,(391)904-3846x24992,gwyatt@example.org,Tarjeta,3235
1029953578,Curtis Harding,63.0,Masculino,Boston,Bajo,2,9.35,No,No,Pescado,No,374.202.7192x723,jane55@example.net,Tarjeta,1575
2295067571,Cameron Adams,68.0,Masculino,Boston,Muy Alto,9,51.79,No,Sí,Carnes,Sí,,sarahgriffith@example.org,Tarjeta,15772
8476914035,Jason Brewer,66.0,Masculino,Boston,Medio,3,22.45,No,Sí,Carnes,No,,kentbishop@example.com,Efectivo,2197
2437624147,Troy Andrews,32.0,Masculino,Boston,Bajo,2,8.43,Sí,No,Vegetariano,No,(806)699-3132x213,kathy99@example.org,Tarjeta,1035
2678474117,John Faulkner,52.0,Masculino,Boston,Muy Alto,8,87.87,Sí,Sí,Vegetariano,Sí,,alexandra01@example.com,Efectivo,17594
1532465136,Holly Collins,40.0,Femenino,Boston,Bajo,2,6.98,Sí,No,Vegetariano,No,001-573-858-8487x507,,App,1158
5107778253,John Owens,71.0,Masculino,Boston,Medio,5,21.98,Sí,Sí,Mariscos,No,+1-894-865-0356,crawfordtyler@example.org,Efectivo,2517
4220563726,Lindsey Case,60.0,Femenino,Boston,Medio,4,27.27,Sí,No,Otro,No,,,App,2873
1954846935,Benjamin Martin,68.0,Masculino,Boston,Medio,4,33.96,No,Sí,Vegano,Sí,,,App,2643
9094351577,Kelly Griffin,69.0,Femenino,Boston,Medio,3,13.58,Sí,Sí,Otro,No,,,Tarjeta,1619
1230624431,Sonya Sparks,40.0,Femenino,Boston,Alto,4,56.83,No,Sí,Pescado,Sí,(335)634-4813x43504,,App,4609
6848258538,Mathew Cox,70.0,Masculino,Boston,Medio,2,28.76,No,No,Mariscos,Sí,,,Tarjeta,3150
8092464455,Julie Kemp,34.0,Femenino,Boston,Medio,5,10.06,No,Sí,Carnes,No,(418)524-1800x2824,joanna23@example.org,Efectivo,1947
2198936710,Anthony Cisneros,19.0,Masculino,Boston,Alto,5,25.06,No,Sí,Vegano,No,,,Tarjeta,3852
3397157286,Sabrina Miller,67.0,Femenino,Boston,Alto,5,15.11,Sí,Sí,Pescado,Sí,,jennifer64@example.net,Efectivo,7679
5662607588,Robert Foster,24.0,Masculino,Boston,Alto,6,16.8,No,Sí,Vegano,Sí,(836)492-7895,,Efectivo,5937
2686613837,Jessica Nichols,56.0,Femenino,Boston,Muy Alto,9,14.42,No,No,Carnes,Sí,,uritter@example.com,Efectivo,15634
9869132245,Kaylee Marshall,80.0,Femenino,Boston,Medio,3,8.8,No,No,Vegetariano,No,848.257.6754x8285,wendyrussell@example.net,Efectivo,3160
6833970391,Megan Weber,46.0,Femenino,Boston,Muy Alto,7,58.2,No,Sí,Vegetariano,Sí,,rebecca06@example.org,App,13055
7525080238,William Huang,44.0,Masculino,Boston,Bajo,2,8.06,No,No,Vegetariano,No,801.532.1581x4634,,Efectivo,1282
2468913247,Amy Miller,76.0,Femenino,Boston,Alto,5,60.01,No,Sí,Vegano,Sí,,waltersheidi@example.com,Efectivo,4640
1847810424,Bryan Gregory,38.0,Masculino,Boston,Muy Alto,10,83.1,Sí,No,Pescado,Sí,,,Efectivo,16639
4609487344,Kevin Booth,48.0,Masculino,Boston,Muy Alto,8,15.04,No,No,Pescado,Sí,358.545.3019,,App,10871
6448324230,Erik Martinez,,Masculino,Boston,Bajo,3,13.81,No,Sí,Carnes,No,,,Tarjeta,1364
4106811051,Jesse Koch,23.0,Masculino,Boston,Muy Alto,8,59.21,No,Sí,Otro,Sí,001-871-718-7436x4420,,Efectivo,12881
2879353386,Alicia Mathews,70.0,Femenino,Boston,Alto,4,10.61,No,No,Mariscos,No,,,App,6245
5960796665,Brittney Mason,29.0,Femenino,Boston,Muy Alto,8,6.63,Sí,No,Vegetariano,Sí,349.557.8202x791,,Tarjeta,17435
7713253516,Chad Ramirez,28.0,Masculino,Boston,Medio,3,30.56,No,Sí,Vegano,No,001-875-543-6203,laura54@example.net,Efectivo,2576
3755283933,Jennifer Gates,19.0,Femenino,Boston,Muy Alto,7,77.71,No,Sí,Carnes,Sí,(897)211-6872,michellethomas@example.com,Efectivo,16286
5592432662,Frank Perry,75.0,Masculino,Boston,Bajo,3,6.08,Sí,No,Vegano,No,8656555390,bellcynthia@example.com,Tarjeta,1225
9135217534,Jennifer Simmons,42.0,Femenino,Boston,Bajo,1,6.63,No,Sí,Carnes,No,001-339-288-0587,,Efectivo,1420
3664231157,Wayne Tanner,58.0,Masculino,Boston,Muy Alto,7,12.65,No,Sí,Vegano,Sí,607.585.5010,erica81@example.net,App,11254
1077618551,Richard Coleman,54.0,Masculino,Boston,Medio,5,5.63,No,Sí,Vegetariano,No,,,Tarjeta,3049
2012410919,James Rush,60.0,Masculino,Boston,Bajo,3,7.93,Sí,Sí,Carnes,No,(230)900-3188,bateslee@example.org,Tarjeta,1261
6097417358,Maria Roberts,54.0,Femenino,Boston,Bajo,2,12.75,Sí,No,Vegetariano,No,,,Efectivo,1041
4211641400,Ryan Woods,68.0,Masculino,Boston,Alto,6,25.05,Sí,Sí,Mariscos,Sí,+1-692-592-6388x0173,,Tarjeta,8263
6028321870,Michelle Wallace,63.0,Femenino,Boston,Alto,6,56.81,No,Sí,Vegano,No,,,Efectivo,4573
7283316661,Kathleen Chan,40.0,Femenino,Boston,Muy Alto,9,48.54,No,Sí,Carnes,Sí,,,Efectivo,9915
2051772590,Victor Huang,18.0,Masculino,Boston,Muy Alto,10,64.33,No,Sí,Vegano,Sí,,stanleybrooke@example.net,Efectivo,15685
5528674657,Lisa Torres,24.0,Femenino,Boston,Alto,5,64.14,Sí,Sí,Mariscos,No,,,Tarjeta,6609
5667503195,Amanda Garner,22.0,Femenino,Boston,Alto,5,62.47,No,Sí,Vegetariano,No,,heather70@example.com,App,5654
1376036247,Julie Thomas,43.0,Femenino,Boston,Bajo,3,8.93,No,Sí,Carnes,No,,rogerskrista@example.net,Tarjeta,1557
5168793922,Erin Barker,67.0,Femenino,Boston,Alto,4,10.11,Sí,Sí,Vegetariano,No,,wsmith@example.org,Efectivo,5428
2553363005,Sarah Mora,31.0,Femenino,Boston,Medio,5,25.51,No,No,Vegetariano,No,,,Tarjeta,2273
6643461056,Richard Carpenter,49.0,Masculino,Boston,Bajo,1,12.95,No,Sí,Carnes,No,937-332-6031,,Efectivo,839
3149636709,Sean Huynh,28.0,Masculino,Boston,Medio,3,14.34,Sí,No,Mariscos,No,,zreynolds@example.com,Efectivo,3214
1314326915,Shannon Lee,54.0,Femenino,Boston,Medio,3,16.61,Sí,No,Carnes,No,,,App,2334
4424713310,Wendy Ramos,80.0,Femenino,Boston,Alto,4,33.98,Sí,Sí,Mariscos,Sí,,,App,4920
9257518054,Sandra Garcia,41.0,Femenino,Boston,Alto,6,42.95,No,Sí,Vegetariano,No,,markwilliams@example.net,Efectivo,7171
8451972581,Ronald Davis,50.0,Masculino,Boston,Alto,5,29.98,No,Sí,Pescado,No,,,Efectivo,4576
7997747661,Russell Kelley,65.0,Masculino,Boston,Medio,5,12.42,No,Sí,Mariscos,No,,benitezdonna@example.net,App,2822
7227899138,Justin Williams,57.0,Masculino,Boston,Medio,5,23.53,No,Sí,Otro,No,,jennifercontreras@example.org,Efectivo,2394
1337185615,Joseph Kemp,20.0,Masculino,Boston,Muy Alto,9,97.72,Sí,Sí,Carnes,Sí,202.622.3583x562,cameronharrell@example.org,Efectivo,9663
4018952356,Nancy Kim,23.0,Femenino,Boston,Alto,6,40.54,No,Sí,Carnes,No,+1-763-733-6668,hdavis@example.net,Tarjeta,5149
8538911338,Lori Heath,34.0,Femenino,Boston,Medio,3,16.46,Sí,Sí,Carnes,No,383-232-0204x7707,nvasquez@example.org,Efectivo,2225
7268255039,Bob Arnold,64.0,Masculino,Boston,Alto,6,42.54,No,No,Carnes,Sí,,,App,8248
9851544303,Casey Parsons,19.0,Masculino,Boston,Alto,6,17.71,No,Sí,Otro,Sí,,sylvia21@example.com,Tarjeta,3956
9709892418,Brandi Wade,21.0,Femenino,Boston,Muy Alto,9,20.13,Sí,Sí,Vegetariano,Sí,320-912-8450,,App,15516
8191614951,Molly Nguyen,56.0,Femenino,Boston,Medio,3,19.24,No,Sí,Otro,No,,wesleyarellano@example.com,Efectivo,2400
5337997351,Catherine Gray,40.0,Femenino,Boston,Medio,5,5.44,No,No,Vegetariano,No,001-224-989-0340,juan00@example.com,Tarjeta,3138
8268437736,Robert Arnold,35.0,Masculino,Boston,Alto,4,6.32,No,Sí,Vegano,Sí,001-474-222-2289,melanie28@example.com,Tarjeta,5196
7928143230,Karen Francis,47.0,Femenino,Boston,Medio,2,20.52,Sí,Sí,Pescado,No,+1-604-629-2351,,Efectivo,1764
2382677827,Hannah Baker,52.0,Femenino,Boston,Alto,6,32.43,Sí,Sí,Vegano,Sí,,,App,5323
5839207920,Larry Charles,34.0,Masculino,Boston,Alto,6,18.27,Sí,Sí,Mariscos,No,,imyers@example.org,Tarjeta,4306
1664494972,Terry Whitaker,22.0,Masculino,Boston,Muy Alto,5,87.63,No,Sí,Otro,Sí,,,Efectivo,10166
1160452507,Alec Caldwell,65.0,Masculino,Boston,Alto,6,32.26,No,Sí,Vegetariano,No,,tiffany97@example.org,App,5019
2237220865,Darin Vincent,37.0,Masculino,Boston,Muy Alto,7,98.65,No,Sí,Carnes,Sí,653-971-0076,,Efectivo,16683
4471941923,Erin Moreno,73.0,Femenino,Boston,Alto,5,36.71,Sí,Sí,Vegetariano,Sí,001-736-691-8291,,Efectivo,8240
1744568961,Travis Henry,38.0,Masculino,Boston,Medio,3,17.31,No,Sí,Carnes,No,331.501.5467,christiancarroll@example.org,App,1769
8181144741,Samantha Pena,28.0,Femenino,Boston,Muy Alto,9,51.38,No,Sí,Vegetariano,Sí,,,Tarjeta,15921
1112987505,Kaitlin Weber,37.0,Femenino,Boston,Muy Alto,8,35.27,Sí,No,Mariscos,Sí,445-269-1742,,Efectivo,16671
7246858055,Elizabeth Austin,24.0,Femenino,Boston,Bajo,2,11.0,No,Sí,Vegano,No,995.547.2183,,Efectivo,1463
3674325175,Trevor Martinez,57.0,Masculino,Boston,Medio,4,24.57,Sí,Sí,Vegetariano,No,777-467-6341x90865,,Tarjeta,2795
5809998704,Donald Allen,20.0,Masculino,Boston,Alto,6,24.13,No,Sí,Carnes,No,,thaley@example.com,Efectivo,7903
3873899049,Debbie Pollard,46.0,Femenino,Boston,Muy Alto,6,91.33,No,Sí,Mariscos,Sí,661-839-7610x815,courtney69@example.net,Efectivo,9624
8919888996,Troy Evans,38.0,Masculino,Boston,Medio,5,20.57,No,Sí,Vegano,No,(297)536-2394,,App,2235
2914590233,Carlos Jackson,33.0,Masculino,Boston,Medio,4,17.24,No,No,Vegetariano,No,,harrisonrodney@example.com,App,3062
5462987469,Bradley Lester,76.0,Masculino,Boston,Bajo,1,5.54,Sí,No,Mariscos,No,,,Efectivo,1270
4536306171,William Wilson,60.0,Masculino,Boston,Medio,4,28.1,No,Sí,Mariscos,No,518-298-1613,ediaz@example.org,Tarjeta,1771
5744003377,Hailey Barnes,62.0,Femenino,Boston,Muy Alto,6,29.32,No,Sí,Vegano,Sí,,,Efectivo,11441
9597198563,Barry Wilkinson,64.0,Masculino,Boston,Alto,5,10.9,No,Sí,Carnes,Sí,(333)432-7494,,Efectivo,6240
8448403848,Deborah Hernandez,53.0,Femenino,Boston,Alto,5,51.36,Sí,No,Mariscos,Sí,782-899-3796x26445,,Efectivo,4606
5972243081,Ashlee Williamson,20.0,Femenino,Boston,Bajo,1,6.99,Sí,Sí,Mariscos,No,,,App,1365
5248645820,Dylan Wang,63.0,Masculino,Boston,Bajo,2,7.17,No,Sí,Vegano,No,,,App,1493
8348583061,David Schmidt,67.0,Masculino,Boston,Alto,5,13.23,No,Sí,Otro,No,,,Tarjeta,5661
8979287418,Joseph Moore,68.0,Masculino,Boston,Muy Alto,7,84.08,Sí,Sí,Mariscos,Sí,972.987.2115x67395,,Efectivo,11902
7127924323,Eugene Davis,66.0,Masculino,Boston,Medio,4,20.99,No,Sí,Mariscos,No,,,Efectivo,3487
6249582297,Jacob Sawyer,59.0,Masculino,Boston,Medio,2,27.45,Sí,No,Pescado,No,,,Efectivo,3235
2362961825,Andrew Hall,33.0,Masculino,Boston,Alto,4,52.49,Sí,No,Vegetariano,Sí,,,App,7474
2049061031,Shaun Yates,66.0,Masculino,Boston,Bajo,3,9.57,Sí,No,Vegetariano,No,303.864.6708x64123,samantha43@example.net,Tarjeta,873
9101876274,Stephen Tanner,37.0,Masculino,Boston,Bajo,1,10.17,No,No,Pescado,No,,,Tarjeta,975
2474731513,Jacob Evans,19.0,Masculino,Boston,Medio,4,23.27,Sí,Sí,Pescado,Sí,(715)424-4264x399,quinnjoanne@example.org,App,1768
4378817220,Christine Higgins,60.0,Femenino,Boston,Alto,5,16.84,No,Sí,Vegetariano,Sí,319.468.7289,,Tarjeta,8424
3383006544,Richard Armstrong,37.0,Masculino,Boston,Alto,5,60.21,No,Sí,Vegano,Sí,+1-704-201-0971x8002,,Efectivo,8468
7758041108,Christopher Garcia,68.0,Masculino,Boston,Bajo,1,14.5,Sí,Sí,Vegetariano,No,001-338-508-2464,,Efectivo,1387
1695892620,David Jackson,65.0,Masculino,Boston,Muy Alto,6,25.51,No,No,Pescado,Sí,,,Efectivo,13048
5586163550,Ann Richmond,57.0,Femenino,Boston,Alto,5,16.17,Sí,Sí,Vegetariano,Sí,,,App,3588
8422554142,Christopher Robles,36.0,Masculino,Boston,Medio,3,30.7,Sí,Sí,Otro,No,9754160051,ibutler@example.com,App,3371
3586522663,Christy Lee,73.0,Femenino,Boston,Medio,3,19.9,Sí,Sí,Vegetariano,No,,,Efectivo,1654
9330013423,Stacey Taylor,18.0,Femenino,Boston,Muy Alto,10,16.43,Sí,Sí,Vegano,Sí,430-632-5235x8390,,Tarjeta,11495
3737286176,Loretta Adams,19.0,Femenino,Boston,Alto,6,53.92,Sí,No,Pescado,Sí,,robinrodgers@example.com,App,8515
9940452109,Angel Casey,49.0,Femenino,Boston,Bajo,3,6.9,No,No,Carnes,No,,leachjack@example.net,Efectivo,1407
8767398545,Nicole Pearson,46.0,Femenino,Boston,Muy Alto,9,12.03,No,Sí,Carnes,Sí,884-312-7433x8234,,Tarjeta,11884
5724966813,Eric George,73.0,Masculino,Boston,Alto,6,23.12,Sí,Sí,Mariscos,Sí,,irojas@example.net,App,6179
6989807553,Melinda Bond,27.0,Femenino,Boston,Muy Alto,9,65.82,Sí,Sí,Carnes,Sí,,,Tarjeta,13156
5989100178,Nathan Elliott,40.0,Masculino,Boston,Alto,4,44.16,Sí,Sí,Vegetariano,Sí,+1-763-778-2066x672,,Efectivo,6491
8625626860,Jacqueline Bird,67.0,Femenino,Boston,Medio,2,31.33,Sí,Sí,Mariscos,No,,,Efectivo,3329
6451319739,Christopher Jimenez,53.0,Masculino,Boston,Bajo,3,10.7,Sí,Sí,Vegetariano,No,,,Tarjeta,942
8419590655,Elizabeth Bailey,33.0,Femenino,Boston,Bajo,2,13.6,Sí,Sí,Mariscos,No,821-655-4148,john76@example.org,App,1552
8609089234,Mitchell Butler,45.0,Masculino,Boston,Muy Alto,10,9.84,Sí,Sí,Mariscos,Sí,,,Tarjeta,13147
3582521445,Kevin Richards,79.0,Masculino,Boston,Medio,3,28.48,No,No,Vegetariano,No,(267)745-7548x947,yatesbrandi@example.org,Efectivo,2418
1717346250,Joseph Nguyen,35.0,Masculino,Boston,Muy Alto,6,60.32,No,Sí,Carnes,Sí,,adamsanthony@example.com,Tarjeta,9652
6169243284,Brenda Davis,51.0,Femenino,Boston,Alto,5,59.89,No,No,Carnes,Sí,(576)490-6748,rjones@example.com,Tarjeta,7313
8077718620,Tammy Cook,39.0,Femenino,Boston,Alto,4,6.62,No,No,Otro,No,,,App,5874
1242049785,Allen Porter,62.0,Masculino,Boston,Medio,5,19.78,Sí,Sí,Vegetariano,No,001-498-328-6843x9460,,Tarjeta,3383
5512755082,Joshua Brown,51.0,Masculino,Boston,Muy Alto,6,10.8,Sí,No,Vegetariano,Sí,(409)540-3610x51267,,Tarjeta,9560
7848500406,Kimberly Brooks,33.0,Femenino,Boston,Muy Alto,5,98.82,Sí,No,Vegano,No,001-407-391-2568x403,craigbell@example.org,Efectivo,13984
8189624683,Fernando Smith,73.0,Masculino,Boston,Medio,5,15.94,No,Sí,Otro,No,,jill45@example.com,App,2338
7487012742,April Carey,42.0,Femenino,Boston,Muy Alto,7,87.68,Sí,No,Pescado,No,+1-954-403-5735,katherinecantrell@example.com,Tarjeta,9511
1099592369,Derek Kelly,70.0,Masculino,Boston,Muy Alto,10,72.89,No,Sí,Vegetariano,Sí,(348)404-7981x734,,Tarjeta,17863
5868420839,Randy Whitaker,66.0,Masculino,Boston,Alto,6,21.9,Sí,Sí,Pescado,Sí,,courtney70@example.net,App,8423
4811205292,Andrea Hawkins,40.0,Femenino,Boston,Alto,4,15.55,Sí,No,Carnes,Sí,822.972.2638x762,,App,5396
3307329307,Raymond Jimenez,41.0,Masculino,Boston,Medio,3,16.35,No,Sí,Mariscos,No,,sharonharrison@example.net,Tarjeta,2287
6317189421,Ryan Shields,30.0,Masculino,Boston,Muy Alto,7,11.89,No,Sí,Carnes,Sí,,brooksrichard@example.net,Efectivo,12402
3850790592,Randy Cobb,33.0,Masculino,Boston,Medio,3,32.34,No,No,Vegano,No,001-296-354-0840x316,barrypatterson@example.org,Efectivo,1764
8151942315,Victoria Huynh,24.0,Femenino,Boston,Medio,3,21.98,No,Sí,Vegetariano,No,,scottpowell@example.net,Efectivo,2584
7651960431,Amanda Sloan,50.0,Femenino,Boston,Bajo,3,6.49,No,No,Otro,No,974-337-1481,brianna60@example.net,Efectivo,1049
7472774158,Vickie Jackson,31.0,Femenino,Boston,Medio,3,31.1,Sí,No,Carnes,No,753-754-3765,thomas86@example.org,Tarjeta,2831
2436758919,Tiffany Middleton,18.0,Femenino,Boston,Medio,3,24.0,Sí,Sí,Mariscos,No,,,App,1604
9327720702,William Melton,29.0,Masculino,Boston,Alto,4,5.62,No,Sí,Mariscos,Sí,,,Efectivo,7774
1793221132,Shannon Berg,34.0,Femenino,Boston,Bajo,1,9.26,Sí,No,Vegetariano,No,(973)915-5866x94413,thoover@example.net,Tarjeta,935
7790041807,Alex Sawyer,24.0,Masculino,Boston,Alto,6,49.25,No,Sí,Pescado,No,8577386952,osbornestephanie@example.net,App,5981
9715288789,Steve Choi,30.0,Masculino,Boston,Muy Alto,7,67.7,Sí,Sí,Vegetariano,Sí,,,Efectivo,11526
5805756498,Robert Johnston,71.0,Masculino,Boston,Alto,4,48.31,No,Sí,Carnes,Sí,,morrisonkevin@example.com,Tarjeta,4837
5899813434,Nathan Landry,29.0,Masculino,Boston,Medio,2,7.64,Sí,Sí,Pescado,Sí,751-559-6583,,Tarjeta,3479
5884080139,Jeremy Parker,22.0,Masculino,Boston,Bajo,2,12.47,Sí,Sí,Vegetariano,No,,,App,1159
6325871705,Amy Wheeler,24.0,Femenino,Boston,Alto,6,25.97,Sí,Sí,Carnes,Sí,(835)241-0845x563,,Tarjeta,4452
3734252963,Joseph Jackson,59.0,Masculino,Boston,Muy Alto,5,23.54,No,No,Vegetariano,Sí,,tlee@example.com,Efectivo,13113
5909664532,Brenda Ellis,19.0,Femenino,Boston,Medio,5,22.94,Sí,Sí,Vegano,No,001-738-239-9451,haleycalhoun@example.org,Tarjeta,2122
4943000904,Alexander Butler,29.0,Masculino,Boston,Medio,2,32.54,Sí,Sí,Vegetariano,No,317-794-2166x1978,,App,3416
5666371719,Jacob Romero,77.0,Masculino,Boston,Medio,4,33.32,Sí,Sí,Otro,No,,lcook@example.org,App,3482
8926719921,Jennifer Watson,38.0,Femenino,Boston,Bajo,1,10.74,No,Sí,Carnes,No,,philipnorris@example.com,App,1097
4655771746,Brian Cervantes,60.0,Masculino,Boston,Bajo,1,5.29,No,Sí,Vegetariano,No,,,Tarjeta,1406
7985797527,Keith Stewart,55.0,Masculino,Boston,Alto,4,40.3,No,Sí,Carnes,Sí,,,Efectivo,7078
6400026847,Karen Grant,33.0,Femenino,Boston,Muy Alto,10,24.48,Sí,No,Carnes,Sí,,wongmichael@example.net,App,16658
7573015878,Jason Zimmerman,38.0,Masculino,Boston,Medio,5,15.19,No,Sí,Vegetariano,No,299-868-7485x00949,johnsonkaren@example.org,Criptomoneda,3064
9623534576,Bryan Owens,41.0,Masculino,Boston,Bajo,1,12.65,Sí,No,Vegano,No,425.497.5039,,Tarjeta,1167
1677403680,Amanda Coffey,49.0,Femenino,Boston,Muy Alto,9,62.85,No,Sí,Vegetariano,Sí,,anthonyjohnson@example.net,App,15122
5096274235,Tony Luna,71.0,Masculino,Boston,Alto,4,45.74,Sí,No,Vegetariano,Sí,545.419.2875x723,,Efectivo,6451
3744446292,Amy Mcfarland,72.0,Femenino,Boston,Medio,4,5.48,Sí,No,Otro,No,229.772.1144x977,,Tarjeta,2773
6338036681,Alex Salazar,72.0,Masculino,Boston,Muy Alto,6,95.56,No,No,Otro,Sí,520.830.6607x79329,franklinmichael@example.net,App,9575
7986433890,Maria Freeman,73.0,Femenino,Boston,Medio,3,32.18,Sí,No,Mariscos,No,,,Efectivo,2544
9967011296,Monica Barron,71.0,Femenino,Boston,Muy Alto,6,92.44,No,No,Pescado,Sí,,,Efectivo,17626
7790625760,William Delgado,65.0,Masculino,Boston,Bajo,3,10.36,No,Sí,Vegetariano,No,+1-738-408-7706x136,tiffany92@example.org,Efectivo,1095
9698935156,Patricia Fleming,61.0,Femenino,Boston,Muy Alto,9,5.21,No,Sí,Vegetariano,Sí,001-849-491-5170,,App,11087
5789238017,Nicole Williams,24.0,Femenino,Boston,Bajo,3,5.02,No,Sí,Vegetariano,No,,,Tarjeta,1457
2465628415,Mary Mcmillan,37.0,Femenino,Boston,Medio,3,13.55,Sí,No,Pescado,Sí,,rogercooley@example.com,Tarjeta,1684
6642368935,Amy Fuentes,34.0,Femenino,Boston,Muy Alto,9,47.43,Sí,Sí,Mariscos,Sí,,jmoore@example.com,Criptomoneda,10537
5320080287,Andrew Richards,28.0,Masculino,Boston,Bajo,3,14.92,No,Sí,Vegetariano,No,,stevensrachel@example.com,App,1030
2944852529,Kimberly Perkins,40.0,Femenino,Boston,Medio,2,15.36,No,Sí,Vegetariano,No,424.960.5288x7369,parkerjeffrey@example.net,App,2485
8018179960,Paul Stewart,47.0,Masculino,Boston,Medio,2,24.69,No,Sí,Carnes,No,,,Efectivo,2547
6916028495,Evan Allen,72.0,Masculino,Boston,Alto,4,33.86,Sí,Sí,Vegetariano,Sí,,alvarezkari@example.com,Efectivo,8275
9110576985,Kelly Wagner,75.0,Femenino,Boston,Alto,4,36.47,Sí,Sí,Pescado,No,532.990.2204x927,monroejennifer@example.org,App,5442
7737588792,Dorothy Robinson,49.0,Femenino,Boston,Alto,5,14.76,No,Sí,Vegano,Sí,,,App,6979
7568223339,Kimberly Robinson,36.0,Femenino,Boston,Muy Alto,7,44.61,No,Sí,Carnes,Sí,923-492-9915,thomas54@example.org,Efectivo,11544
2539612479,Brian Farrell,,Masculino,Boston,Medio,3,32.56,No,Sí,Carnes,No,370-361-2950x83474,ymolina@example.com,Tarjeta,2892
4244112571,John Rivera,47.0,Masculino,Boston,Medio,4,25.94,Sí,Sí,Otro,No,614.945.6337x462,,Tarjeta,2942
7227593033,Kristin Bean,24.0,Femenino,Boston,Medio,2,34.46,Sí,Sí,Carnes,No,,,Efectivo,3076
8698857403,Louis Ramos,53.0,Masculino,Boston,Medio,3,13.73,No,Sí,Mariscos,No,,,Efectivo,1813
3115152817,Taylor Gray,75.0,Femenino,Boston,Alto,5,19.8,No,No,Otro,Sí,6158249384,shawkathryn@example.org,Efectivo,7272
3790296564,Shannon Sanchez,53.0,Femenino,Boston,Medio,3,14.83,Sí,Sí,Mariscos,No,,,Efectivo,3274
3895286342,Felicia Lopez,74.0,Femenino,Boston,Bajo,2,5.12,Sí,Sí,Carnes,No,,,App,823
6434290701,Michael White,36.0,Masculino,Boston,Alto,6,33.8,Sí,Sí,Vegetariano,Sí,7982925896,william75@example.org,App,7297
4012497650,Sarah Hill,31.0,Femenino,Boston,Bajo,1,11.66,No,Sí,Vegetariano,No,(965)357-7816x0441,,Efectivo,1158
7877176650,Taylor Mendez,27.0,Femenino,Boston,Medio,2,34.75,Sí,Sí,Mariscos,No,001-596-549-8788x140,,App,2533
1344385139,Casey Green,35.0,Masculino,Boston,Alto,6,16.26,Sí,Sí,Mariscos,No,918-678-7542x7540,,Tarjeta,5307
7458879423,Pamela Wright,20.0,Femenino,Boston,Alto,5,55.4,No,Sí,Carnes,Sí,,,Tarjeta,4049
8634986773,Adam Kelley,42.0,Masculino,Boston,Muy Alto,5,101.89,No,No,Vegano,Sí,,shane46@example.net,App,16585
3835386061,Margaret Duke,52.0,Femenino,Boston,Alto,6,58.08,No,Sí,Vegetariano,Sí,,mejiacassandra@example.com,App,4106
8295971445,Clayton Martinez,50.0,Masculino,Boston,Bajo,2,8.74,No,No,Mariscos,No,,,Tarjeta,909
7331154985,Jimmy Morris,79.0,Masculino,Boston,Muy Alto,8,104.13,No,Sí,Vegetariano,Sí,905.806.4301x752,,App,14349
9529908424,Brian Chavez,41.0,Masculino,Boston,Bajo,3,9.54,No,No,Mariscos,No,438-911-5526,,App,962
5264686600,Patricia Rogers,70.0,Femenino,Boston,Alto,6,14.32,Sí,Sí,Vegano,Sí,(889)616-4046x46651,,Efectivo,5977
3040880495,Yesenia Mack,29.0,Femenino,Boston,Muy Alto,5,103.94,Sí,Sí,Vegetariano,Sí,,pattersondanielle@example.org,App,14136
6923893872,Sean Mckinney,27.0,Masculino,Boston,Alto,4,40.15,No,Sí,Carnes,No,001-610-547-1607,,Tarjeta,4391
1305829255,Sarah Brown,40.0,Femenino,Boston,Muy Alto,8,12.87,Sí,Sí,Vegetariano,Sí,001-743-467-7759x7089,brittany48@example.net,Tarjeta,10153
6647456708,Kelly Morales,41.0,Femenino,Boston,Muy Alto,8,63.93,Sí,Sí,Pescado,Sí,,,Tarjeta,13187
5223861639,Kevin Lucas,33.0,Masculino,Boston,Medio,3,27.07,No,No,Carnes,No,+1-884-519-4675x032,,App,2331
4507092820,Curtis Carter,46.0,Masculino,Boston,Bajo,2,5.38,Sí,Sí,Vegetariano,No,3128178224,karen91@example.org,App,1317
2806638735,Evan Potter,62.0,Masculino,Boston,Alto,5,36.13,No,No,Mariscos,Sí,,mark06@example.net,Tarjeta,7009
4292053797,Jeremy Clark,72.0,Masculino,Boston,Alto,4,53.19,No,No,Vegano,Sí,,stanley30@example.com,Efectivo,6861
4835847054,Pamela Martin,59.0,Femenino,Boston,Muy Alto,5,72.5,Sí,Sí,Vegetariano,Sí,,juarezshannon@example.org,Efectivo,17619
9370133032,Heather Holloway,75.0,Femenino,Boston,Muy Alto,8,73.73,Sí,Sí,Otro,Sí,,todd24@example.net,Efectivo,12499
8428017178,Brady Cochran,75.0,Masculino,Boston,Medio,3,30.53,No,No,Carnes,No,,,Tarjeta,2969
4273030968,Christopher Acosta,78.0,Masculino,Boston,Medio,5,33.51,No,No,Vegetariano,Sí,(360)789-8833x391,,Tarjeta,2055
8507497883,Samuel Thomas,67.0,Masculino,Boston,Alto,5,29.48,Sí,Sí,Vegetariano,Sí,751.756.3515x3115,christinejones@example.net,Efectivo,7989
4643576871,Judith Beasley,29.0,Femenino,Boston,Alto,4,48.03,No,Sí,Mariscos,Sí,,,Efectivo,6011
3278071297,Lonnie Chapman,45.0,Masculino,Boston,Muy Alto,10,28.71,Sí,No,Pescado,Sí,,brendaroberts@example.org,Tarjeta,12050
6972951230,Jason Delgado,54.0,Masculino,Boston,Alto,6,44.96,No,Sí,Vegetariano,Sí,+1-781-649-8216x2482,marcwilliams@example.net,App,4870
7262510377,Jasmine Reed,23.0,Femenino,Boston,Alto,6,40.78,No,Sí,Mariscos,Sí,,fcrawford@example.org,App,8244
7151725654,Michael Martin,69.0,Masculino,Boston,Medio,3,7.29,Sí,Sí,Mariscos,No,200.308.3851,,App,2010
5243233430,John Robinson,34.0,Masculino,Boston,Alto,5,51.32,No,Sí,Carnes,Sí,,,Tarjeta,4168
1379874179,Joseph Liu,56.0,Masculino,Boston,Alto,6,10.3,Sí,Sí,Vegano,Sí,,,Efectivo,4576
9558918846,Charles Beasley,72.0,Masculino,Boston,Muy Alto,7,16.09,Sí,Sí,Otro,Sí,+1-723-467-2546x6184,cynthia37@example.org,Efectivo,9501
9318010743,Christina Castillo,54.0,Femenino,Boston,Bajo,2,8.65,No,Sí,Carnes,No,,ataylor@example.com,Tarjeta,1052
8405290236,Heidi Richardson,58.0,Femenino,Boston,Medio,3,9.52,No,Sí,Pescado,No,452-585-4387x291,,Efectivo,1706
3054327418,Phillip Hall,79.0,Masculino,Boston,Bajo,1,13.62,No,Sí,Mariscos,No,552.667.7949x3640,markarnold@example.com,App,875
9213063154,Samantha Walker,20.0,Femenino,Boston,Medio,4,11.98,No,Sí,Vegetariano,No,,,Tarjeta,1928
3917844895,Katherine Scott,49.0,Femenino,Boston,Medio,5,31.43,Sí,No,Otro,No,+1-947-968-4285x93117,scottpope@example.org,Tarjeta,2966
1914493808,Denise Crane,25.0,Femenino,Boston,Muy Alto,10,63.95,No,Sí,Vegetariano,Sí,+1-739-395-4598x5451,,App,11489
8124842881,Michelle Horton,51.0,Femenino,Boston,Bajo,3,14.14,No,No,Otro,No,,,App,855
1919058248,Paul Ward,50.0,Masculino,Boston,Muy Alto,5,16.86,No,Sí,Mariscos,Sí,,jamesdaniels@example.org,App,15797
7501225367,Jaime Gregory,67.0,Femenino,Boston,Muy Alto,7,49.64,Sí,Sí,Pescado,Sí,,,Tarjeta,14611
6826129434,Megan Russell,,Femenino,Boston,Medio,3,7.2,No,Sí,Pescado,No,,walkerwilliam@example.net,App,2330
1830728880,Kevin Jackson,68.0,Masculino,Boston,Medio,5,9.82,Sí,Sí,Vegetariano,No,001-664-872-1849x460,,Tarjeta,3131
2621028147,Eddie Lee,48.0,Masculino,Boston,Medio,3,11.77,Sí,Sí,Vegetariano,No,001-862-629-8852x8541,,Efectivo,2503
6947471083,Nicholas Martin,22.0,Masculino,Boston,Bajo,1,12.56,No,Sí,Mariscos,No,001-318-591-7440x7568,bstuart@example.com,App,1017
1870644102,Alex Heath,74.0,Masculino,Boston,Medio,2,28.74,No,No,Pescado,No,(227)320-3189,kdavis@example.com,App,1788
2953462417,Ralph Brooks,26.0,Masculino,Boston,Alto,5,50.04,Sí,Sí,Vegetariano,No,785-966-4963x44067,,App,5160
5034722983,Tanya Fisher,40.0,Femenino,Boston,Medio,2,11.34,Sí,No,Vegetariano,No,,hjenkins@example.net,Tarjeta,2817
6119842440,Keith Montoya,77.0,Masculino,Boston,Bajo,1,6.77,Sí,No,Carnes,No,772-951-9026,,Efectivo,1580
4765931982,Sean Smith,51.0,Masculino,Boston,Alto,5,60.16,No,Sí,Mariscos,No,8358263949,leekelly@example.net,App,4698
9016884525,Kristin Rodriguez,34.0,Femenino,Boston,Alto,6,44.94,Sí,Sí,Vegano,No,,,Tarjeta,7929
8558936248,Katherine Johnson,70.0,Femenino,Boston,Muy Alto,10,61.82,Sí,Sí,Carnes,Sí,,christina27@example.net,App,10959
1221171229,Daniel Green,47.0,Masculino,Boston,Alto,6,63.46,No,Sí,Pescado,Sí,,,Tarjeta,5567
4067537696,Carolyn Collins,26.0,Femenino,Boston,Bajo,3,13.91,No,Sí,Carnes,No,,julie92@example.net,Tarjeta,993
8108704549,Kenneth Franklin,58.0,Masculino,Boston,Alto,5,52.03,Sí,No,Vegetariano,No,,,Tarjeta,8893
8182649048,Craig Hall,65.0,Masculino,Boston,Muy Alto,6,88.1,Sí,Sí,Vegetariano,Sí,,gregorythompson@example.net,Tarjeta,9564
3442561079,Jordan Skinner,66.0,Masculino,Boston,Bajo,3,11.47,Sí,No,Mariscos,No,6608902582,cameroncarter@example.net,App,1574
4731352882,Austin Robertson,67.0,Masculino,Boston,Bajo,2,10.75,Sí,Sí,Pescado,No,,,Criptomoneda,1254
1556796479,Christy Wright,43.0,Femenino,Boston,Bajo,2,10.16,Sí,Sí,Mariscos,No,,nicole94@example.com,Efectivo,971
2928990967,Rodney Chavez,42.0,Masculino,Boston,Alto,6,19.56,Sí,Sí,Mariscos,Sí,3253419005,wilsonmelissa@example.net,Tarjeta,8157
7154120953,Michael Lane,57.0,Masculino,Boston,Alto,5,43.7,Sí,No,Carnes,Sí,2555367166,,App,8557
4862109313,Kenneth Vaughn,69.0,Masculino,Boston,Medio,4,16.85,Sí,No,Vegetariano,No,,,Tarjeta,2620
5639330551,Stephen Gonzalez,31.0,Masculino,Boston,Alto,5,58.36,No,Sí,Vegetariano,No,4346949995,jeremygraham@example.com,Efectivo,5165
9670967243,Michael Bond,21.0,Masculino,Boston,Alto,4,16.5,Sí,Sí,Carnes,No,(925)446-4750x813,reginaosborne@example.org,Tarjeta,3740
5554499072,Jason Simmons,70.0,Masculino,Boston,Medio,2,17.87,Sí,Sí,Mariscos,No,,shanejohnson@example.com,Efectivo,2041
1505595570,Cindy Hall,30.0,Femenino,Boston,Alto,5,46.73,No,Sí,Carnes,Sí,9107047188,,Tarjeta,8670
7625464411,Tracy Bradshaw,47.0,Femenino,Boston,Medio,3,17.57,No,No,Vegano,No,,,App,2109
3483375742,Michelle Miller,41.0,Femenino,Boston,Medio,2,19.61,No,No,Vegano,No,,jennifer13@example.com,App,2429
2891100776,Leslie Caldwell,52.0,Femenino,Boston,Medio,4,22.86,No,No,Vegano,No,,anthony51@example.org,Tarjeta,2676
7003643185,Mark Riley,28.0,Masculino,Boston,Muy Alto,9,61.89,Sí,Sí,Pescado,Sí,,johnparks@example.org,Efectivo,15363
7133865128,Karla Patterson,25.0,Femenino,Boston,Medio,2,12.74,Sí,Sí,Otro,No,001-468-941-9833x3881,hallmark@example.org,Tarjeta,3099
6910112521,Catherine King,18.0,Femenino,Boston,Medio,5,27.85,Sí,Sí,Mariscos,No,,frogers@example.net,Efectivo,2733
1723704269,Frank Wyatt,67.0,Masculino,Boston,Bajo,2,5.06,No,Sí,Mariscos,No,383-900-6773,mariahayden@example.com,App,1558
8603659955,Erika Turner,30.0,Femenino,Boston,Alto,4,46.11,Sí,Sí,Carnes,Sí,695.855.4331,rodriguezcharles@example.com,Efectivo,7650
3154408791,Wendy Schmidt,68.0,Femenino,Boston,Muy Alto,6,97.65,No,Sí,Vegetariano,Sí,,,Efectivo,16286
4644688162,Seth Ray,30.0,Masculino,Boston,Muy Alto,5,76.41,Sí,No,Pescado,Sí,(985)356-8958x231,myersjasmine@example.org,Efectivo,9462
1962960506,Charles Novak,72.0,Masculino,Boston,Alto,5,23.78,Sí,Sí,Otro,No,232-727-7369x9282,,Efectivo,4577
4395917348,Amy Francis,79.0,Femenino,Boston,Bajo,2,9.19,Sí,Sí,Mariscos,No,,lisa16@example.net,Tarjeta,1183
9004637279,Nicholas Ford,51.0,Masculino,Boston,Muy Alto,6,33.35,No,Sí,Carnes,Sí,,,Efectivo,14001
3896188979,Kelly Yoder,48.0,Femenino,Boston,Bajo,2,12.71,No,Sí,Pescado,No,578.623.9412x339,derrick63@example.org,App,1028
9736931183,Matthew Mitchell,59.0,Masculino,Boston,Muy Alto,9,18.37,Sí,Sí,Carnes,Sí,409.908.1291x873,,Tarjeta,13163
4633987776,Debra King,41.0,Femenino,Boston,Bajo,1,10.2,Sí,Sí,Vegano,No,573-571-3935x6889,jonathanhart@example.com,Tarjeta,1551
2460579054,Samantha Dominguez,63.0,Femenino,Boston,Muy Alto,6,85.78,Sí,Sí,Mariscos,Sí,+1-447-275-4375x105,martineric@example.net,App,9260
9314122412,Debra Davis,60.0,Femenino,Boston,Alto,4,55.32,No,Sí,Carnes,No,+1-845-964-2089x277,eugene27@example.org,Efectivo,6028
8991695305,Jeremy Wright,38.0,Masculino,Boston,Alto,4,29.24,Sí,Sí,Carnes,Sí,936-828-2180x19578,,Criptomoneda,8497
9790972796,James Perez,22.0,Masculino,Boston,Muy Alto,8,21.64,No,Sí,Pescado,Sí,,,Tarjeta,14959
5928550814,Cassandra Rojas,26.0,Femenino,Boston,Muy Alto,5,17.4,No,Sí,Vegetariano,Sí,907-721-6022,,Efectivo,16348
5292427314,Monique Gutierrez,42.0,Femenino,Boston,Bajo,2,6.82,Sí,No,Mariscos,No,,kelly58@example.com,Criptomoneda,1046
6974315572,Jacqueline Martinez,21.0,Femenino,Boston,Medio,3,17.23,No,Sí,Mariscos,No,+1-563-608-4481x11856,crystalsmith@example.org,App,2283
4963756929,Mark Small,77.0,Masculino,Boston,Medio,3,11.49,Sí,No,Mariscos,No,,lorrainebradley@example.net,App,2407
8615599166,Christopher Holden,55.0,Masculino,Boston,Alto,6,22.74,Sí,No,Carnes,Sí,,melissa09@example.net,Tarjeta,4590
3329859003,Tiffany Hunter,42.0,Femenino,Boston,Alto,5,47.52,Sí,No,Carnes,Sí,,,Efectivo,4521
1683832465,Marilyn Miller,40.0,Femenino,Boston,Bajo,1,14.73,Sí,No,Vegetariano,No,626-817-0367x02231,rebekah59@example.org,App,901
3313346852,Cassie Sanchez,63.0,Femenino,Boston,Muy Alto,6,67.47,Sí,Sí,Otro,Sí,+1-985-385-7492,amypearson@example.com,Efectivo,16623
2816208531,Ryan Vasquez,53.0,Masculino,Boston,Muy Alto,10,52.89,Sí,No,Vegetariano,Sí,,ann44@example.org,Efectivo,12085
4189376783,Kurt Mason,23.0,Masculino,Boston,Medio,2,21.48,No,No,Otro,No,,cameronsarah@example.com,Efectivo,2962
5901185070,Michelle Nelson,37.0,Femenino,Boston,Alto,4,64.38,Sí,Sí,Pescado,Sí,,,App,4661
1687312201,Isaiah Roy,24.0,Masculino,Boston,Muy Alto,8,72.81,No,Sí,Carnes,Sí,,alexknox@example.com,App,9611
4759198356,Matthew Frank,63.0,Masculino,Boston,Medio,4,30.17,No,Sí,Mariscos,No,,juliefoster@example.org,Efectivo,2190
9802135387,Matthew Lopez,23.0,Masculino,Boston,Muy Alto,5,60.63,Sí,Sí,Mariscos,Sí,,,Efectivo,15062
7865754036,Kevin Campos,30.0,Masculino,Boston,Medio,2,30.08,Sí,No,Carnes,No,,royfernandez@example.org,Tarjeta,2185
7838535500,Kevin Watson,61.0,Masculino,Boston,Alto,4,20.51,No,Sí,Pescado,Sí,801.357.6409x98727,,Efectivo,4471
5546230531,Tiffany Erickson,28.0,Femenino,Boston,Alto,6,17.17,No,Sí,Pescado,Sí,,,Efectivo,8954
5039313011,Donald Lucas,43.0,Masculino,Boston,Bajo,2,6.62,No,Sí,Mariscos,No,829.485.4039x2319,,Efectivo,1238
9424206147,Lydia Norman,41.0,Femenino,Boston,Muy Alto,6,6.33,No,Sí,Mariscos,Sí,,,Efectivo,17302
1435599182,Benjamin Bruce,18.0,Masculino,Boston,Alto,4,6.4,Sí,Sí,Pescado,Sí,,,App,6503
3060786466,Ronald Jenkins,33.0,Masculino,Boston,Bajo,3,6.48,Sí,Sí,Vegetariano,No,657.549.9901,,Efectivo,1086
5013062529,Mitchell Edwards,18.0,Masculino,Boston,Alto,5,26.14,No,Sí,Carnes,Sí,659-301-0004x4072,robert07@example.com,Tarjeta,5971
9785620510,Sheila Reed,32.0,Femenino,Boston,Alto,5,58.19,No,Sí,Carnes,Sí,338.325.1304,,App,7281
3157139823,Karen Gibson,23.0,Femenino,Boston,Alto,5,63.7,No,Sí,Vegetariano,Sí,+1-235-592-0475x473,,App,8431
9290597522,Jennifer Gonzalez,50.0,Femenino,Boston,Muy Alto,7,77.9,Sí,No,Pescado,Sí,261.204.7286x00998,zbaldwin@example.org,Tarjeta,10861
7628981661,Tony Garner,51.0,Masculino,Boston,Muy Alto,7,76.98,Sí,Sí,Vegano,Sí,,,Efectivo,17445
3799620568,Laura Marshall,30.0,Femenino,Boston,Alto,4,39.97,No,Sí,Vegetariano,Sí,,barnescharles@example.com,App,6387
8550234938,Michael Moore,58.0,Masculino,Boston,Muy Alto,10,40.5,Sí,Sí,Vegano,Sí,,smarshall@example.org,Tarjeta,11103
1265710412,Joshua West,36.0,Masculino,Boston,Medio,2,8.06,No,Sí,Pescado,No,677-247-7509x04883,jon05@example.net,Efectivo,1702
1260090490,Amber Miller,22.0,Femenino,Boston,Bajo,3,13.06,Sí,Sí,Carnes,No,,bishopamanda@example.com,Efectivo,1454
4889865894,Christine Gould,43.0,Femenino,Boston,Medio,3,7.72,Sí,No,Carnes,No,272-299-8865x66298,,Tarjeta,2845
6740639006,Deanna Jones,35.0,Femenino,Boston,Alto,4,24.7,Sí,No,Vegano,No,,mpierce@example.org,App,5968
1141131770,Amber Thornton,30.0,Femenino,Boston,Alto,4,47.34,Sí,Sí,Mariscos,Sí,,patricia33@example.com,Tarjeta,4583
6319049305,Renee Perez,46.0,Femenino,Boston,Alto,6,58.1,No,No,Vegano,No,,,Efectivo,7056
8282556977,Juan Castillo,80.0,Masculino,Boston,Bajo,2,12.48,No,No,Pescado,No,+1-447-509-9424x854,blarson@example.org,Efectivo,1008
9605962661,Collin Owens,68.0,Masculino,Boston,Bajo,3,5.54,No,Sí,Carnes,No,,,Efectivo,1523
2567069461,Jessica Miller,36.0,Femenino,Boston,Alto,4,40.14,Sí,No,Carnes,No,,,Tarjeta,8762
4939073335,Brittney Monroe,23.0,Femenino,Boston,Alto,6,15.78,Sí,Sí,Vegano,No,8467163396,wrightmatthew@example.org,App,5098
8873136912,Joseph Bryant,80.0,Masculino,Boston,Alto,4,29.78,No,No,Mariscos,Sí,477.884.1902x25989,,Tarjeta,5666
5625980561,Keith Smith,47.0,Masculino,Boston,Muy Alto,10,27.84,Sí,Sí,Vegetariano,Sí,816-990-9732x851,,Efectivo,11465
3834003721,Kyle Boyd,56.0,Masculino,Boston,Alto,5,21.22,No,Sí,Carnes,No,,,App,7617
5528515513,Anna Middleton,39.0,Femenino,Boston,Alto,5,25.91,Sí,Sí,Carnes,Sí,,,Tarjeta,4789
8993998614,Jaime Jensen,41.0,Femenino,Boston,Alto,4,63.31,Sí,Sí,Vegano,Sí,449-983-7285x60927,crobinson@example.com,Tarjeta,7713
2451560833,Nichole Garza,56.0,Femenino,Boston,Medio,5,14.85,No,Sí,Pescado,No,+1-432-334-3587x8415,zgraham@example.org,Efectivo,3416
9386353333,Lauren Garza,18.0,Femenino,Boston,Alto,6,51.56,No,Sí,Vegano,Sí,,davisjoy@example.com,App,5071
2526740630,Gregory Mcfarland,41.0,Masculino,Boston,Alto,5,18.02,Sí,No,Mariscos,Sí,6209749977,amandarodriguez@example.net,App,4059
1074956061,Maria Bradley,41.0,Femenino,Boston,Bajo,3,8.93,Sí,No,Mariscos,No,,hineskelly@example.com,Tarjeta,1175
8723546244,Latoya Glass,47.0,Femenino,Boston,Alto,4,23.73,No,No,Vegetariano,Sí,,patrick76@example.com,Tarjeta,4964
3515885743,Kelly Cunningham,27.0,Femenino,Boston,Muy Alto,9,70.34,No,Sí,Mariscos,Sí,(202)863-0876x32710,,Tarjeta,15537
5369603494,Lorraine Clark,58.0,Femenino,Boston,Alto,5,10.13,Sí,Sí,Carnes,Sí,753.468.4212,,Tarjeta,7597
3232534016,Luis Casey,51.0,Masculino,Boston,Muy Alto,7,15.1,No,No,Vegetariano,Sí,,,App,15735
1504551316,Sean Shannon,51.0,Masculino,Boston,Alto,4,19.74,No,Sí,Carnes,Sí,,garzasusan@example.net,App,6710
3912912275,Tyler Contreras,47.0,Masculino,Boston,Alto,4,11.65,Sí,Sí,Vegetariano,Sí,,,Criptomoneda,8867
7974550456,Emily Cook,18.0,Femenino,Boston,Muy Alto,9,87.3,Sí,No,Pescado,Sí,770.440.8251,bmejia@example.org,Tarjeta,14349
7561728644,Martin Medina,79.0,Masculino,Boston,Medio,4,28.92,No,No,Pescado,Sí,891.578.5705,brownrussell@example.com,App,3177
3620974404,Debra Medina,65.0,Femenino,Boston,Medio,2,9.07,No,Sí,Mariscos,No,(690)300-9279x26543,maria72@example.com,Efectivo,1951
6597469534,Charles Jordan,59.0,Masculino,Boston,Muy Alto,8,54.54,Sí,Sí,Vegetariano,Sí,,,Criptomoneda,16858
2085428285,Eugene Lam,54.0,Masculino,Boston,Alto,5,60.92,No,No,Mariscos,Sí,,,Efectivo,8472
7473962852,Aaron Dyer,59.0,Masculino,Boston,Alto,4,26.13,Sí,Sí,Pescado,No,,,App,6505
3496700206,Alexander Turner,63.0,Masculino,Boston,Alto,6,28.85,No,No,Carnes,No,,,Efectivo,6159
2338196008,John Kelley,42.0,Masculino,Boston,Alto,5,19.51,Sí,No,Vegetariano,Sí,,timothyedwards@example.net,Tarjeta,6447
6952291828,Patrick Braun,21.0,Masculino,Boston,Medio,4,32.32,Sí,Sí,Vegetariano,No,,,Tarjeta,3350
8582922301,Pamela Turner,73.0,Femenino,Boston,Medio,5,19.66,Sí,Sí,Vegetariano,Sí,788.571.4749x4336,kristen65@example.net,Efectivo,2279
1936045542,Lisa Glover,65.0,Femenino,Boston,Muy Alto,9,21.47,No,No,Pescado,Sí,,miguelmyers@example.org,Efectivo,13033
9672353742,Daniel Jimenez,63.0,Masculino,Boston,Medio,4,15.15,No,Sí,Carnes,No,223.941.5764x89314,,Efectivo,2799
5778781449,Adrian Ford,19.0,Masculino,Boston,Medio,2,16.65,Sí,Sí,Otro,No,,,Tarjeta,3251
6596147038,Jose Burke,21.0,Masculino,Boston,Muy Alto,8,74.52,Sí,Sí,Vegetariano,Sí,,,Efectivo,16640
3109254172,Jeffrey Jackson,37.0,Masculino,Boston,Muy Alto,6,85.08,No,No,Carnes,Sí,,elizabeth10@example.com,Tarjeta,10040
6573353634,Nancy Small,47.0,Femenino,Boston,Alto,5,7.15,Sí,Sí,Carnes,Sí,,,Efectivo,4910
2260326267,Bradley Glover,19.0,Masculino,Boston,Medio,3,18.43,Sí,Sí,Otro,No,909.681.3728x59521,patelmonica@example.org,App,2546
6715727186,Elizabeth Carter,52.0,Femenino,Boston,Medio,5,11.52,No,Sí,Vegetariano,No,(409)922-5007x491,joseph63@example.com,App,2130
9720251066,Michael White,29.0,Masculino,Boston,Alto,6,53.29,No,No,Vegetariano,Sí,641-244-3577,mary19@example.org,App,5014
6072026321,Colin Nunez,21.0,Masculino,Boston,Muy Alto,7,36.6,No,Sí,Carnes,Sí,(383)968-3178,grocha@example.net,App,10311
2775719463,Michael Walker,28.0,Masculino,Boston,Medio,2,34.76,Sí,Sí,Vegano,No,,rebeccamcguire@example.org,Tarjeta,2445
7790112950,Jennifer Duran,30.0,Femenino,Boston,Alto,4,64.96,Sí,Sí,Mariscos,No,(506)610-1386x8080,,App,6805
9832815862,Eric Brown,53.0,Masculino,Boston,Medio,5,32.15,Sí,Sí,Vegetariano,No,(695)724-7450x48616,jill62@example.net,Tarjeta,1950
6555733635,Donald Hart,56.0,Masculino,Boston,Bajo,2,13.07,No,No,Pescado,No,251.217.0418x105,woodskayla@example.net,Tarjeta,1236
5446846255,Roy Black,68.0,Masculino,Boston,Alto,5,34.33,No,Sí,Vegetariano,Sí,,,App,5949
4555467593,Heather Garrison,33.0,Femenino,Boston,Alto,5,23.03,No,No,Carnes,Sí,327-322-1069x7311,,Efectivo,4720
3556672800,Carrie Holloway,45.0,Femenino,Boston,Medio,3,8.16,Sí,No,Vegetariano,No,,candace14@example.org,App,1731
3319835182,Karen Hill,64.0,Femenino,Boston,Alto,5,29.02,Sí,Sí,Mariscos,No,(645)268-0402,,Tarjeta,8617
8383551772,Gail Hoffman,36.0,Femenino,Boston,Bajo,2,13.98,No,Sí,Vegano,No,,kinggregory@example.com,Tarjeta,1236
7877763708,Larry Maxwell,22.0,Masculino,Boston,Muy Alto,9,23.72,Sí,Sí,Vegano,Sí,,gonzalescharles@example.org,Efectivo,12609
1445951258,Daniel Morton,28.0,Masculino,Boston,Medio,5,7.7,No,Sí,Otro,No,587-340-7480x46711,ashleymcgee@example.org,App,3166
8279035398,Joanne Lane,78.0,Femenino,Boston,Medio,3,30.96,No,No,Mariscos,Sí,308.260.2186x67725,matthewcook@example.net,App,2209
7394477978,Jason Nelson,71.0,Masculino,Boston,Medio,3,26.4,Sí,Sí,Mariscos,No,001-783-319-5016x67875,qhunter@example.org,App,1631
7166336937,Donald Roberts,18.0,Masculino,Boston,Muy Alto,10,58.63,No,No,Mariscos,Sí,,lopezalexander@example.com,Tarjeta,9578
6210631836,Trevor Cox,18.0,Masculino,Boston,Muy Alto,9,104.6,Sí,Sí,Vegano,Sí,,fclark@example.com,Tarjeta,13790
8737025391,Jennifer Gillespie,31.0,Femenino,Boston,Medio,4,13.69,Sí,Sí,Carnes,No,+1-947-357-9841x71817,,Efectivo,1977
2121869776,Kevin Adams,27.0,Masculino,Boston,Medio,5,34.23,No,No,Vegetariano,No,+1-672-632-8281,,Tarjeta,2033
6006121459,Daniel Brown,36.0,Masculino,Boston,Alto,4,29.21,Sí,Sí,Mariscos,Sí,962.507.1372,,App,7367
8779561257,Vincent Harris,46.0,Masculino,Boston,Alto,6,54.42,Sí,Sí,Mariscos,Sí,(751)994-8486x606,,App,4255
8144889126,Theresa Hodge,19.0,Femenino,Boston,Muy Alto,10,76.6,No,Sí,Mariscos,Sí,(440)384-4914x531,hannah44@example.org,Tarjeta,11714
7255785422,Sarah Ellis,26.0,Femenino,Boston,Muy Alto,9,89.8,No,Sí,Vegetariano,Sí,+1-760-780-1307,thomaswilliams@example.com,App,11870
5867805724,Ryan Turner,61.0,Masculino,Boston,Muy Alto,5,41.12,No,Sí,Vegetariano,Sí,,,Efectivo,14938
7756142058,Tammy Holt,75.0,Femenino,Boston,Alto,6,31.4,Sí,Sí,Carnes,Sí,,,App,6368
6545719354,Julia Rich,22.0,Femenino,Boston,Muy Alto,6,96.04,Sí,Sí,Vegetariano,Sí,265-349-3724x7023,,App,12836
8588846097,Andrew Garza,53.0,Masculino,Boston,Muy Alto,5,32.82,Sí,No,Pescado,Sí,(270)471-2519x75252,phamjeffery@example.org,Tarjeta,14891
2167999540,Nicholas Ellis,45.0,Masculino,Boston,Muy Alto,6,103.8,Sí,Sí,Carnes,Sí,,amber30@example.org,Tarjeta,14644
7327796724,David Carpenter,45.0,Masculino,Boston,Medio,2,23.66,No,Sí,Mariscos,No,,,App,1868
7769329105,Latoya Rivera,50.0,Femenino,Boston,Alto,6,18.39,Sí,Sí,Carnes,No,,,Efectivo,8107
6137417115,Gregory Reed,40.0,Masculino,Boston,Bajo,2,10.69,No,Sí,Vegetariano,No,525-428-3395x446,,Efectivo,1461
1429130387,John Mccoy,60.0,Masculino,Boston,Medio,3,21.75,No,Sí,Otro,No,(569)267-6422,,App,2771
9357902254,Brenda Henry,31.0,Femenino,Boston,Medio,2,28.75,Sí,Sí,Vegetariano,No,572-234-6444x2740,,Tarjeta,2180
5570190774,Barbara Sanders,42.0,Femenino,Boston,Medio,4,30.8,No,No,Vegetariano,No,,,App,2265
7242789730,Blake Morrow,67.0,Masculino,Boston,Alto,5,21.8,No,Sí,Vegano,Sí,+1-451-257-0113x14916,,Efectivo,5443
7838911650,Robert Green,24.0,Masculino,Boston,Medio,5,21.92,Sí,Sí,Vegetariano,No,,chad44@example.org,Efectivo,1765
2210365220,Meghan Garcia,64.0,Femenino,Boston,Bajo,1,13.81,No,No,Mariscos,No,,maryramsey@example.com,Tarjeta,1238
7584026064,Lauren Garcia,76.0,Femenino,Boston,Muy Alto,5,63.69,Sí,No,Vegetariano,Sí,,,Tarjeta,13442
7437168216,John Acosta,34.0,Masculino,Boston,Bajo,3,7.07,No,No,Pescado,No,367.820.3849,,Efectivo,1064
8706093841,Amy Sanchez,24.0,Femenino,Boston,Bajo,2,12.23,No,Sí,Carnes,No,,,Tarjeta,1554
8642627217,Timothy Austin,58.0,Masculino,Boston,Alto,4,27.71,No,Sí,Carnes,No,,carolinebaker@example.net,Efectivo,7884
3410137282,John Jackson,66.0,Masculino,Boston,Medio,3,18.07,Sí,Sí,Vegetariano,No,,,App,2868
3025030698,Vanessa Maldonado,41.0,Femenino,Boston,Alto,6,5.99,Sí,No,Carnes,Sí,(332)875-6770,ygarcia@example.org,Efectivo,6232
7913981293,Victoria Gilbert,74.0,Femenino,Boston,Alto,4,16.13,No,Sí,Mariscos,Sí,+1-235-615-7073x14577,bethany60@example.org,App,5118
7181395301,Tara Olsen,56.0,Femenino,Boston,Medio,3,33.52,No,Sí,Mariscos,No,690-504-5040,singletonpeter@example.net,Efectivo,2383
5004637881,Michael Larsen,32.0,Masculino,Boston,Medio,5,13.14,No,Sí,Carnes,No,(918)370-3557,,App,2326
7798176861,Maureen Gibbs,68.0,Femenino,Boston,Muy Alto,10,101.68,Sí,Sí,Pescado,Sí,,larryhendrix@example.org,App,10982
5226550891,Nathan Fox,58.0,Masculino,Boston,Medio,3,,Sí,No,Pescado,No,+1-281-239-1394,,Efectivo,1847
4647891535,Charles Hopkins,36.0,Masculino,Boston,Medio,3,16.76,Sí,No,Carnes,Sí,,parkerbenjamin@example.org,App,1950
5609683331,Ryan Rice,60.0,Masculino,Boston,Muy Alto,10,62.23,Sí,No,Carnes,Sí,,rkey@example.com,Efectivo,12053
7108353135,Felicia Williams,40.0,Femenino,Boston,Alto,5,11.15,Sí,Sí,Pescado,Sí,,madisonkirby@example.org,Tarjeta,3609
6015790296,Cristian Roy,76.0,Masculino,Boston,Muy Alto,8,67.55,No,Sí,Mariscos,Sí,,,Tarjeta,15079
3874432021,Scott Lawrence,73.0,Masculino,Boston,Alto,4,22.23,Sí,No,Carnes,No,001-225-246-1310x8744,,Tarjeta,7961
5633022767,Patricia Bell,33.0,Femenino,Boston,Muy Alto,8,15.56,No,No,Carnes,Sí,,,Tarjeta,16786
5522966707,Alexandra Gonzales,38.0,Femenino,Boston,Alto,4,34.58,No,Sí,Mariscos,No,,,Efectivo,5834
3741875504,Shane Fisher,21.0,Masculino,Boston,Alto,6,38.69,No,Sí,Mariscos,Sí,397-397-8484x0368,,App,6550
7645732365,Cory Johnson,18.0,Masculino,Boston,Bajo,2,12.08,Sí,Sí,Mariscos,No,,erin51@example.org,Tarjeta,1030
3476543467,Teresa Randolph,73.0,Femenino,Boston,Medio,3,9.84,No,No,Carnes,No,886-202-8068,rsteele@example.org,Efectivo,3358
9433570024,Jessica Martinez,37.0,Femenino,Boston,Muy Alto,8,15.36,Sí,No,Mariscos,No,001-856-347-6323x451,,App,9495
8485602098,Natalie Robinson,65.0,Femenino,Boston,Alto,6,17.11,No,Sí,Carnes,Sí,,,App,5196
2268006448,Wesley Farmer,21.0,Masculino,Boston,Alto,5,25.0,No,Sí,Carnes,Sí,001-722-475-3009x519,michaelgray@example.net,Efectivo,6290
2627035121,Tara Coffey,61.0,Femenino,Boston,Alto,6,10.09,No,Sí,Vegetariano,Sí,8644551188,,Efectivo,8994
1622009556,Danielle Davis,45.0,Femenino,Boston,Medio,2,15.59,No,Sí,Mariscos,No,,,Tarjeta,1890
4401248572,Kayla Woods,79.0,Femenino,Boston,Bajo,1,10.17,Sí,No,Carnes,No,001-229-402-2274,,Efectivo,1241
5537913555,Bryan Martinez,31.0,Masculino,Boston,Alto,4,29.91,No,Sí,Vegetariano,Sí,,grahamdustin@example.net,App,6401
8511238909,Christina Grant,74.0,Femenino,Boston,Muy Alto,6,102.2,No,No,Carnes,Sí,6135694768,gdavis@example.net,App,15062
9592696377,Stephanie Willis,70.0,Femenino,Boston,Medio,2,12.69,No,Sí,Mariscos,No,,,Tarjeta,3415
7727246830,Tara Rowland,42.0,Femenino,Boston,Alto,6,48.19,Sí,Sí,Carnes,No,+1-739-827-3236x2445,,Efectivo,8105
9981540040,Valerie Hernandez,34.0,Femenino,Boston,Bajo,2,8.86,Sí,No,Carnes,No,280.401.5827,hcastillo@example.net,App,1037
3169561289,Shannon Murphy,47.0,Femenino,Boston,Alto,5,25.44,No,No,Carnes,No,,fwilliams@example.com,Efectivo,5431
8524425035,Lauren Robinson,77.0,Femenino,Boston,Medio,3,15.81,No,Sí,Otro,No,,matthew88@example.org,App,1709
7208619610,Elizabeth Hall,80.0,Femenino,Boston,Alto,6,26.49,Sí,No,Vegetariano,No,4345432836,andrew26@example.com,Efectivo,4068
7107366265,Tonya Johnson,65.0,Femenino,Boston,Bajo,2,14.13,No,Sí,Pescado,No,,,Efectivo,1387
9836173316,Ashley Buck,60.0,Femenino,Boston,Bajo,2,13.34,No,Sí,Vegetariano,No,,harperdenise@example.net,Criptomoneda,1123
4611538856,Ricky Brady,64.0,Masculino,Boston,Muy Alto,8,79.86,Sí,Sí,Vegetariano,Sí,,,Efectivo,12723
5233284705,Chad Green,34.0,Masculino,Boston,Medio,5,10.22,No,Sí,Pescado,No,001-227-622-6809x639,,App,2242
5510292495,Sarah Rose,67.0,Femenino,Boston,Alto,6,33.56,No,Sí,Mariscos,No,,,Tarjeta,8748
6561692070,Amber Robinson,54.0,Femenino,Boston,Medio,3,21.37,Sí,No,Vegetariano,No,,,Efectivo,1698
6566372886,Brian Chavez,27.0,Masculino,Boston,Muy Alto,10,61.31,No,No,Pescado,Sí,+1-218-726-0297x483,julia30@example.org,App,14381
1599950776,Karla Bennett,33.0,Femenino,Boston,Bajo,3,5.27,No,No,Carnes,No,,,Tarjeta,1575
1643841116,Nancy Marshall,50.0,Femenino,Boston,Alto,4,33.68,Sí,Sí,Mariscos,No,,,Efectivo,4170
4795556766,Jim Taylor,30.0,Masculino,Boston,Bajo,1,6.74,Sí,Sí,Vegetariano,No,507.849.8788,,Tarjeta,1262
5269808772,Troy Martinez,72.0,Masculino,Boston,Alto,4,21.44,Sí,No,Vegano,No,,,Tarjeta,6536
1806721495,Jerry Jackson,54.0,Masculino,Boston,Alto,4,39.33,Sí,Sí,Vegetariano,No,,jasonjohnston@example.org,App,4022
6535998610,Jaime Fitzgerald,25.0,Femenino,Boston,Alto,5,26.22,Sí,Sí,Vegetariano,No,,,App,3858
9744481068,Sarah Perez,19.0,Femenino,Boston,Alto,4,61.92,Sí,Sí,Vegetariano,Sí,975.765.4254,,Tarjeta,5855
9176164381,Priscilla Kemp,29.0,Femenino,Boston,Muy Alto,10,61.14,Sí,Sí,Carnes,Sí,,,App,11653
1955019690,Michael Charles,40.0,Masculino,Boston,Medio,4,22.21,No,Sí,Vegetariano,No,9264437669,,Efectivo,1724
1983297492,James Decker,68.0,Masculino,Boston,Alto,6,51.54,Sí,Sí,Vegano,No,,cdalton@example.com,Efectivo,7874
4756257920,Jerry Allen,33.0,Masculino,Boston,Medio,2,22.91,No,No,Vegano,No,,wernerelizabeth@example.net,App,2988
1264553898,Karen Bishop,55.0,Femenino,Boston,Alto,4,31.9,No,No,Vegetariano,Sí,,,Efectivo,5669
1366189330,Brooke Velez,21.0,Femenino,Boston,Bajo,1,11.74,Sí,Sí,Vegetariano,No,001-400-304-2077x79567,,Criptomoneda,952
1383060868,Robert Black,67.0,Masculino,Boston,Muy Alto,10,96.69,Sí,Sí,Carnes,Sí,,robert87@example.net,App,10862
5267251871,Denise Cook,66.0,Femenino,Boston,Bajo,2,9.34,No,No,Mariscos,No,(944)397-7630,sanderssusan@example.com,App,1113
8639441437,Amy Smith,25.0,Femenino,Boston,Alto,6,28.99,No,Sí,Carnes,No,,,Efectivo,5817
2066419432,Mary Jones,67.0,Femenino,Boston,Alto,6,51.59,No,Sí,Carnes,No,2185521626,,Efectivo,4870
6217821437,Hannah Armstrong,66.0,Femenino,Boston,Alto,6,38.0,Sí,Sí,Vegetariano,No,,,App,7683
2028248023,Stephanie Hernandez,68.0,Femenino,Boston,Medio,2,21.38,No,Sí,Carnes,No,(933)790-9380x718,,Tarjeta,2474
8635192524,Ryan Smith,32.0,Masculino,Boston,Bajo,3,14.77,Sí,Sí,Mariscos,No,(965)824-4372,charlene83@example.org,Criptomoneda,1340
5562967060,James Davis,80.0,Masculino,Boston,Alto,6,42.04,Sí,Sí,Vegetariano,Sí,,leah12@example.org,Efectivo,6795
7619157114,Cynthia Wilson,55.0,Femenino,Boston,Alto,5,50.18,Sí,Sí,Vegetariano,Sí,,,Efectivo,8146
8758583381,Robert Young,78.0,Masculino,Boston,Muy Alto,7,41.53,No,Sí,Carnes,No,897-222-3348,,Tarjeta,10213
4259899045,Alexander Thornton,39.0,Masculino,Boston,Alto,6,59.72,No,Sí,Vegetariano,Sí,502.997.7673x393,,Efectivo,4420
3758930598,Jill Fuller,80.0,Femenino,Boston,Bajo,3,14.65,Sí,Sí,Mariscos,No,(389)930-3515,susancummings@example.com,Tarjeta,1384
6934932642,Jonathan Sims,,Masculino,Boston,Alto,5,5.4,Sí,No,Otro,No,(611)682-4018x8904,jessica55@example.org,Tarjeta,8060
4347848051,Ashley Dorsey,60.0,Femenino,Boston,Medio,4,31.9,Sí,Sí,Carnes,No,,jeremy71@example.net,App,1915
5864913957,Catherine Bush,63.0,Femenino,Boston,Muy Alto,7,26.99,No,No,Vegetariano,Sí,(442)360-4656x41414,kmason@example.net,App,11267
1961561769,Suzanne Neal,54.0,Femenino,Boston,Muy Alto,9,103.82,No,Sí,Vegano,Sí,,,Tarjeta,11596
7537852544,Martin Clements,77.0,Masculino,Boston,Alto,4,50.92,Sí,No,Vegano,Sí,+1-781-262-7492x7038,clarkejake@example.org,Efectivo,8469
6798709289,Valerie Reed,78.0,Femenino,Boston,Alto,4,47.62,Sí,No,Vegetariano,Sí,,stephen47@example.net,Efectivo,6438
7830211939,Charles Herrera,51.0,Masculino,Boston,Muy Alto,6,40.48,No,No,Otro,Sí,,abrooks@example.net,Tarjeta,9664
8757570742,Stephen Miller,65.0,Masculino,Boston,Alto,6,44.89,Sí,Sí,Vegetariano,Sí,,brianna22@example.net,App,4819
4795865199,Joshua Foster,56.0,Masculino,Boston,Muy Alto,9,35.3,Sí,Sí,Pescado,Sí,,palmerkristen@example.net,Tarjeta,13887
2488415042,Tara Russell,69.0,Femenino,Boston,Bajo,3,10.91,Sí,Sí,Vegetariano,No,593-347-9655x5970,,App,1068
7426858226,Leah Vance,23.0,Femenino,Boston,Bajo,1,14.37,Sí,Sí,Carnes,No,001-950-443-2038x152,,Tarjeta,1206
2527558773,John Bryant,78.0,Masculino,Boston,Muy Alto,10,78.41,Sí,No,Mariscos,Sí,590.695.9659x8310,christophersimmons@example.com,Tarjeta,16266
4629499902,Jonathan Callahan,80.0,Masculino,Boston,Medio,5,28.76,No,Sí,Mariscos,No,001-301-443-2768,psantiago@example.org,Tarjeta,1966
5221203462,Kim Stewart,36.0,Femenino,Boston,Medio,3,18.48,Sí,Sí,Pescado,No,+1-964-844-5530,abigailmendoza@example.net,Tarjeta,2806
5476631225,Caleb Herrera,67.0,Masculino,Boston,Alto,5,30.15,Sí,Sí,Otro,No,,ehood@example.net,App,6571
9559118770,Mark Bruce,61.0,Masculino,Boston,Muy Alto,8,84.29,Sí,Sí,Carnes,Sí,700-452-2561x7770,pramirez@example.net,Efectivo,12358
6560088577,Lauren Fisher,36.0,Femenino,Boston,Muy Alto,8,87.83,No,No,Vegetariano,Sí,(890)231-7223x46087,,Tarjeta,11293
8492178772,Carrie Robertson,74.0,Femenino,Boston,Muy Alto,5,77.82,Sí,No,Pescado,Sí,316.690.9931x06313,juanluna@example.net,Tarjeta,10627
1055395069,Kelli Taylor,28.0,Femenino,Boston,Muy Alto,10,83.45,Sí,Sí,Pescado,Sí,,,Efectivo,17672
2799552382,Timothy Hill,68.0,Masculino,Boston,Alto,4,26.11,Sí,Sí,Carnes,Sí,,clarkmiguel@example.net,Efectivo,5289
7692210981,Heather Baker,72.0,Femenino,Boston,Medio,4,13.46,No,Sí,Vegetariano,No,,,App,3457
6373431675,Brooke Carroll,37.0,Femenino,Boston,Alto,6,43.17,Sí,No,Vegetariano,Sí,001-736-616-1882x90256,isabel78@example.net,Tarjeta,8200
6024947317,Samantha Salazar,76.0,Femenino,Boston,Alto,5,24.18,Sí,Sí,Mariscos,Sí,,,Tarjeta,4905
6726477037,Christopher Hickman,73.0,Masculino,Boston,Medio,4,14.6,Sí,Sí,Carnes,No,,loliver@example.com,Efectivo,1700
9678195280,Mary Park,74.0,Femenino,Boston,Alto,5,10.25,No,No,Vegetariano,Sí,(909)309-9132x07885,,Efectivo,4644
4938966574,Amanda Carter,79.0,Femenino,Boston,Muy Alto,9,86.27,No,No,Otro,Sí,,,Efectivo,15187
1037811610,Stephanie Benton,21.0,Femenino,Boston,Medio,2,12.36,Sí,Sí,Vegetariano,No,+1-590-217-1787,cstewart@example.com,Tarjeta,2865
5263839676,David Mckinney,47.0,Masculino,Boston,Bajo,2,9.4,No,No,Carnes,No,,,Tarjeta,1120
2035989065,Kari Miles,49.0,Femenino,Boston,Medio,4,23.58,No,Sí,Vegetariano,No,760-206-0662,,Efectivo,2929
6377939469,Joshua Church,43.0,Masculino,Boston,Bajo,3,8.48,No,Sí,Mariscos,No,468-656-6565x26207,sandrasanchez@example.com,Tarjeta,1205
2755008946,Justin Davis,49.0,Masculino,Boston,Medio,2,14.34,Sí,No,Vegano,No,(283)482-0668x15835,williamthomas@example.org,Efectivo,2465
9913353664,Christopher Schwartz,68.0,Masculino,Boston,Medio,5,21.22,Sí,Sí,Mariscos,No,,,Efectivo,2903
1439034681,Chad Jenkins,44.0,Masculino,Boston,Medio,3,7.11,No,No,Vegano,Sí,,xclark@example.net,Efectivo,2791
9544423456,Mark Smith,65.0,Masculino,Boston,Alto,5,53.37,No,No,Vegetariano,Sí,8643767115,,Tarjeta,4729
1867922818,Katrina Carter,18.0,Femenino,Boston,Alto,4,7.97,Sí,Sí,Vegano,Sí,,allennathan@example.net,Tarjeta,8376
1870726354,Edward Lopez,66.0,Masculino,Boston,Medio,4,31.27,No,Sí,Pescado,No,300.373.0191x950,wanderson@example.com,Efectivo,1893
9454207717,Wesley Young,36.0,Masculino,Boston,Alto,6,56.89,Sí,Sí,Carnes,Sí,,,Tarjeta,8650
5726172302,Brittany Watson,19.0,Femenino,Boston,Alto,6,31.08,Sí,No,Carnes,Sí,799.885.8349x696,,App,5757
7623391799,John Hodges,33.0,Masculino,Boston,Muy Alto,10,93.22,Sí,Sí,Mariscos,Sí,001-321-743-8135x50042,,Efectivo,10748
6851493526,Kenneth Martin,79.0,Masculino,Boston,Medio,2,11.28,No,Sí,Vegetariano,No,(545)775-3547x4138,rosejoseph@example.org,App,3005
6005817882,Jordan Chambers,19.0,Femenino,Boston,Medio,4,7.62,Sí,Sí,Vegetariano,No,584-579-7166x769,,App,2880
9740814656,Lisa Jimenez,22.0,Femenino,Boston,Bajo,3,5.51,Sí,Sí,Mariscos,No,755-202-3050,gina92@example.com,App,1406
5981437770,Andrew Diaz,20.0,Masculino,Boston,Alto,6,36.18,No,Sí,Vegetariano,Sí,,,Tarjeta,8075
4478452088,Melanie Kim,76.0,Femenino,Boston,Medio,5,22.57,No,Sí,Carnes,No,731.765.2337,,App,3371
5359127503,Trevor Silva,34.0,Masculino,Boston,Bajo,1,8.83,No,Sí,Carnes,No,(330)850-6169x58427,palmerjoshua@example.org,Efectivo,1048
3035744928,Eric Douglas,65.0,Masculino,Boston,Alto,6,63.32,Sí,No,Pescado,Sí,,tracylewis@example.org,Efectivo,7946
8997258500,Gary Riley,61.0,Masculino,Boston,Alto,4,55.45,Sí,No,Otro,Sí,610-331-3426x28100,,Efectivo,4027
8779951953,Theresa Taylor,65.0,Femenino,Boston,Medio,2,17.92,No,Sí,Otro,Sí,,cindyroberts@example.com,Efectivo,2224
4776436931,Andrea Aguilar,71.0,Femenino,Boston,Muy Alto,5,76.51,Sí,Sí,Carnes,Sí,,johnparker@example.net,Tarjeta,13860
1869650095,Craig Jones,55.0,Masculino,Boston,Alto,5,41.59,No,Sí,Vegano,Sí,001-678-345-1876x246,austingarza@example.org,Tarjeta,5361
6131503960,Deborah Mitchell,78.0,Femenino,Boston,Medio,5,26.5,No,No,Carnes,Sí,,seanlopez@example.org,Tarjeta,2597
2601855526,Deanna Patterson,26.0,Femenino,Boston,Bajo,3,9.46,Sí,Sí,Vegano,No,325-588-4326x79081,eschmidt@example.net,Efectivo,998
3564240875,Jennifer Christian,79.0,Femenino,Boston,Muy Alto,8,46.05,No,No,Carnes,Sí,,,Efectivo,10337
2869969722,Jesus Martin,32.0,Masculino,Boston,Bajo,2,11.57,No,Sí,Vegano,No,,uadams@example.net,Criptomoneda,1074
4740355928,Vicki Dean,72.0,Femenino,Boston,Medio,3,5.49,Sí,No,Vegano,Sí,,,Efectivo,2701
7913460903,Rick Heath,68.0,Masculino,Boston,Medio,3,26.03,No,Sí,Mariscos,Sí,,elizabeth90@example.com,Tarjeta,2618
8329562846,Bradley Reid,66.0,Masculino,Boston,Alto,6,38.73,No,Sí,Vegetariano,Sí,(632)216-8862,tshort@example.org,App,8989
4851638315,Lauren Ramos,74.0,Femenino,Boston,Muy Alto,10,67.67,No,Sí,Carnes,Sí,4182883777,,Tarjeta,17901
6632656663,Kristina Anderson,19.0,Femenino,Boston,Medio,5,7.13,Sí,Sí,Vegetariano,No,,,Tarjeta,1802
7784232313,Nancy Aguilar,30.0,Femenino,Boston,Medio,2,7.03,Sí,Sí,Vegetariano,No,,,Efectivo,1982
2015780972,Jeremy Wilkinson,34.0,Masculino,Boston,Muy Alto,8,8.59,Sí,No,Mariscos,Sí,,,App,17306
6093613733,Richard Richardson,49.0,Masculino,Boston,Bajo,1,7.81,Sí,No,Carnes,No,,smiller@example.com,Tarjeta,1398
8095445250,Carl Eaton,35.0,Masculino,Boston,Bajo,2,14.95,Sí,Sí,Carnes,No,2313104593,riverabryan@example.com,Tarjeta,1286
6271507458,Claudia Brown,41.0,Femenino,Boston,Alto,5,10.45,No,No,Vegetariano,Sí,,simonjoseph@example.com,App,4477
8108540153,Douglas Molina,28.0,Masculino,Boston,Bajo,3,6.75,No,Sí,Pescado,No,,,App,1305
6036200791,Amanda Manning,38.0,Femenino,Boston,Medio,5,11.87,Sí,No,Vegetariano,Sí,001-494-705-7096x95100,patrick06@example.org,Efectivo,2096
8716053742,Nicole Roth,39.0,Femenino,Boston,Medio,5,29.4,No,No,Mariscos,No,(473)376-2190x69601,,Efectivo,2592
5879408957,Sheila Acevedo,61.0,Femenino,Boston,Bajo,3,12.82,Sí,Sí,Otro,No,+1-687-923-7142x370,,Tarjeta,1418
6599445068,Jeremy Dyer,41.0,Masculino,Boston,Alto,4,11.5,No,Sí,Vegetariano,No,(483)319-0821x07898,donald82@example.com,Efectivo,3776
6879428703,Joe Gilbert,48.0,Masculino,Boston,Alto,6,12.21,No,Sí,Carnes,No,2715644758,michaelbecker@example.net,App,3807
2754016563,Ronald Pearson,66.0,Masculino,Boston,Bajo,3,8.57,No,No,Otro,No,905.346.1090x59333,,Efectivo,1160
6754684550,Katherine Marshall,39.0,Femenino,Boston,Alto,6,35.49,Sí,No,Vegetariano,No,280.812.5169x138,parkjonathan@example.net,App,4222
9540125459,Julia Cole,34.0,Femenino,Boston,Bajo,3,11.33,No,Sí,Vegetariano,No,+1-416-384-9764x616,ischmidt@example.net,Efectivo,880
2029131648,Isabella Ryan,34.0,Femenino,Boston,Muy Alto,7,97.53,No,Sí,Carnes,Sí,,carolrobinson@example.net,App,12691
6821396356,Douglas Chaney,74.0,Masculino,Boston,Alto,5,50.55,Sí,Sí,Vegetariano,Sí,001-666-264-7979x995,,Tarjeta,5281
1646561004,Theodore King,48.0,Masculino,Boston,Medio,5,16.0,Sí,Sí,Vegetariano,No,,patriciastewart@example.net,Efectivo,2909
7868507793,Michael Morgan,43.0,Masculino,Boston,Medio,3,12.39,Sí,No,Carnes,No,(497)533-9692x618,,Efectivo,2268
6323671466,Amanda Barnett,22.0,Femenino,Boston,Medio,5,13.43,No,Sí,Mariscos,No,,,Tarjeta,2733
9446755307,Sara Phillips,39.0,Femenino,Boston,Medio,2,22.18,Sí,Sí,Carnes,Sí,,,Tarjeta,2077
5642462942,Tiffany Wood,38.0,Femenino,Boston,Alto,5,32.2,No,No,Otro,Sí,491.544.2568,,Efectivo,7635
5043766101,Briana Sanders,51.0,Femenino,Boston,Alto,5,46.61,No,No,Vegetariano,No,(358)818-9522x171,,Tarjeta,7176
1118821302,Alex Rodriguez,62.0,Masculino,Boston,Muy Alto,10,41.41,Sí,Sí,Carnes,Sí,,,App,15696
8200465157,Chad Ramirez,48.0,Masculino,Boston,Alto,5,50.31,No,No,Vegetariano,Sí,(549)827-5808,ibaker@example.org,App,6762
7769842205,Desiree Lucas,39.0,Femenino,Boston,Alto,5,26.85,No,No,Otro,Sí,,igomez@example.org,App,6616
6063244930,Jessica Salinas,32.0,Femenino,Boston,Medio,4,25.24,Sí,Sí,Vegetariano,No,327.339.7867x138,,Efectivo,3075
1688013113,Lindsay Foster,52.0,Femenino,Boston,Alto,5,13.41,No,No,Vegetariano,Sí,+1-629-426-7785x676,,Tarjeta,5730
7128507114,Michael Roth,74.0,Masculino,Boston,Medio,2,32.5,No,Sí,Carnes,No,,,App,2189
2543696858,William Martinez,48.0,Masculino,Boston,Medio,3,22.72,No,Sí,Otro,Sí,,,App,2920
4901250013,Allison Robbins,74.0,Femenino,Boston,Muy Alto,8,46.81,No,Sí,Vegetariano,Sí,,,Tarjeta,17302
9084772460,Amanda Baker,59.0,Femenino,Boston,Alto,6,50.29,No,Sí,Carnes,Sí,+1-351-729-7609x3166,fhill@example.com,Efectivo,6248
2651809915,Richard Fisher,53.0,Masculino,Boston,Alto,4,55.67,No,No,Otro,Sí,+1-343-416-6131,brandirobinson@example.net,Tarjeta,5809
4488257848,Derek Powell,57.0,Masculino,Boston,Alto,6,23.72,No,Sí,Carnes,No,335-990-8036x0826,joshuahall@example.org,Efectivo,3766
7956377623,Tammy Lewis,31.0,Femenino,Boston,Alto,4,15.0,Sí,Sí,Vegetariano,Sí,,kimberly74@example.org,Tarjeta,6136
7117818992,Allison Gutierrez,35.0,Femenino,Boston,Medio,3,6.7,No,Sí,Mariscos,Sí,001-766-628-5123x8261,,Efectivo,2054
2409646794,Matthew Phelps,69.0,Masculino,Boston,Muy Alto,5,37.59,No,No,Vegetariano,Sí,,,App,15402
2729549409,Matthew Stanton,40.0,Masculino,Boston,Alto,4,44.4,Sí,Sí,Vegetariano,Sí,,,App,8078
6618965944,Zoe Alexander,70.0,Femenino,Boston,Muy Alto,6,38.27,No,Sí,Vegetariano,Sí,001-983-493-2314x470,garrett71@example.net,Efectivo,13856
8312316146,Richard Craig,51.0,Masculino,Boston,Alto,6,11.06,Sí,Sí,Otro,No,,matthewwheeler@example.com,Tarjeta,3933
8779921135,Matthew Wood,49.0,Masculino,Boston,Alto,5,13.85,Sí,Sí,Vegano,No,,ajennings@example.org,App,6367
1980390738,Mark Rice,71.0,Masculino,Boston,Muy Alto,8,81.17,No,No,Carnes,Sí,+1-404-593-6712x3167,,Tarjeta,15406
8366710477,Sara Weber,21.0,Femenino,Boston,Bajo,1,8.12,No,Sí,Otro,No,,gburnett@example.net,Tarjeta,1458
8698432271,Shannon Castillo,53.0,Femenino,Boston,Bajo,2,6.72,Sí,Sí,Carnes,No,848-845-5695x8604,zacharyhogan@example.net,Efectivo,1121
9497440581,David Brown,20.0,Masculino,Boston,Alto,4,25.24,No,Sí,Vegano,Sí,,robertscassandra@example.com,Efectivo,6435
2794351960,Nicole Marsh,48.0,Femenino,Boston,Bajo,3,5.22,Sí,No,Vegetariano,No,,,Efectivo,1483
9509397347,Diana Mcdonald,36.0,Femenino,Boston,Medio,4,25.4,No,No,Vegetariano,No,,,Efectivo,1825
6287358035,Brian Ball,46.0,Masculino,Boston,Medio,5,31.24,No,Sí,Pescado,No,974-660-5793,kleinrichard@example.com,Tarjeta,2420
8052469993,James Hall,26.0,Masculino,Boston,Bajo,3,14.68,Sí,Sí,Pescado,No,319.569.1283,,App,1576
4941471198,Manuel Davis,64.0,Masculino,Boston,Muy Alto,7,36.22,No,Sí,Carnes,Sí,637.664.5410,regina85@example.com,Efectivo,11596
9488968819,John Taylor,56.0,Masculino,Boston,Medio,5,28.56,Sí,Sí,Vegano,No,,,Efectivo,2614
2583472482,Christina Williams,61.0,Femenino,Boston,Alto,5,37.79,Sí,Sí,Vegetariano,No,(642)595-3321x56754,,Efectivo,8910
1586269483,Kelsey Steele,27.0,Femenino,Boston,Medio,5,18.5,No,Sí,Mariscos,Sí,353.370.8178x46290,,App,2803
9972023568,Daniel Smith,66.0,Masculino,Boston,Bajo,1,6.02,No,Sí,Vegano,No,8238636227,mcgeekaren@example.com,App,1211
4848110252,Kevin Wright,36.0,Masculino,Boston,Bajo,1,13.27,No,Sí,Carnes,No,,,Efectivo,887
9751575923,Michael Gomez,34.0,Masculino,Boston,Bajo,3,6.56,No,Sí,Carnes,No,,,Tarjeta,873
9274548558,Matthew Wise,55.0,Masculino,Boston,Muy Alto,8,27.11,Sí,Sí,Vegetariano,Sí,(928)734-2826,,Efectivo,17429
8409679733,Donald Kelly,27.0,Masculino,Boston,Alto,6,20.63,No,Sí,Carnes,No,001-949-491-6217,,Tarjeta,7891
2518681304,Amber Andrews,35.0,Femenino,Boston,Alto,6,11.74,No,Sí,Mariscos,Sí,687.371.4717,dustin66@example.com,App,7727
5952008977,Gina Thornton,23.0,Femenino,Boston,Medio,3,20.6,Sí,Sí,Mariscos,No,,,Tarjeta,2648
8363874569,William Gordon,66.0,Masculino,Boston,Alto,5,57.87,No,Sí,Vegetariano,Sí,713-591-0606,,Tarjeta,7126
6797436140,Morgan Dodson,34.0,Femenino,Boston,Muy Alto,8,75.61,No,No,Mariscos,Sí,,,Tarjeta,9626
2748380110,Caleb Howard,59.0,Masculino,Boston,Muy Alto,8,38.59,Sí,Sí,Mariscos,Sí,001-718-912-0849x7297,,Tarjeta,9759
4677942534,Regina Gonzalez,36.0,Femenino,Boston,Medio,3,25.31,No,No,Carnes,No,(486)449-2371x52174,michaelkelly@example.com,App,2455
7268544382,John Miller,25.0,Masculino,Boston,Muy Alto,10,97.68,No,Sí,Mariscos,Sí,,,Tarjeta,16999
2451382980,Michelle Wilson,57.0,Femenino,Boston,Medio,4,10.68,Sí,Sí,Pescado,No,,carrieross@example.org,Tarjeta,3386
1012309827,Steven Bryant,72.0,Masculino,Boston,Muy Alto,8,54.37,Sí,No,Mariscos,Sí,,,Efectivo,16332
6178571453,Erin Neal,37.0,Femenino,Boston,Alto,6,56.02,Sí,No,Carnes,Sí,001-314-554-7190x92808,,App,4431
5855576500,Julia Cole,29.0,Femenino,Boston,Muy Alto,5,47.61,Sí,Sí,Carnes,Sí,,qharris@example.net,App,13720
4734495042,Travis Alexander,37.0,Masculino,Boston,Alto,4,44.33,Sí,No,Otro,Sí,(554)756-3001,,App,3506
9613815195,Julia Carter,41.0,Femenino,Boston,Bajo,1,12.52,No,No,Pescado,No,+1-667-661-1160x136,stantonmeghan@example.org,App,1399
8940828617,Pamela Kim,25.0,Femenino,Boston,Bajo,3,6.27,No,Sí,Otro,No,(894)742-1570x1378,meaganrichard@example.com,Efectivo,1373
4482141802,John Tucker,36.0,Masculino,Boston,Muy Alto,10,35.56,Sí,Sí,Carnes,Sí,(265)259-2807x6444,marieburton@example.net,Tarjeta,9602
2876113970,Jenna Daniel,36.0,Femenino,Boston,Muy Alto,5,42.15,Sí,No,Vegano,Sí,982.508.6048x456,,App,13126
3513419649,Brandon Cooper,76.0,Masculino,Boston,Medio,4,9.62,No,Sí,Mariscos,No,,christopherhansen@example.com,Tarjeta,1903
5284391408,Michael Price,28.0,Masculino,Boston,Medio,2,32.8,No,Sí,Vegano,Sí,,,Efectivo,1623
5894400790,Peter Jones,65.0,Masculino,Boston,Muy Alto,8,22.37,Sí,Sí,Carnes,Sí,(219)750-4218x638,,Efectivo,11745
4418150911,Angel Jones,49.0,Masculino,Boston,Medio,5,11.34,Sí,No,Mariscos,No,(360)833-0126x0754,nataliewright@example.com,App,3192
1043242776,Mary Hicks,66.0,Femenino,Boston,Alto,5,7.03,No,No,Vegetariano,No,,,Tarjeta,3769
6304451948,Tim Thomas,51.0,Masculino,Boston,Alto,6,55.47,Sí,No,Carnes,Sí,001-260-450-7878x8412,jeremiah50@example.net,App,4517
8595385602,William Brooks,21.0,Masculino,Boston,Muy Alto,10,79.82,No,No,Vegetariano,Sí,,ariasthomas@example.com,Efectivo,16523
9768433290,Marvin Frazier,66.0,Masculino,Boston,Medio,2,20.57,Sí,Sí,Mariscos,No,(503)459-8177,,App,2550
2771900786,Matthew Sexton,76.0,Masculino,Boston,Muy Alto,5,68.08,No,No,Carnes,Sí,,,App,11496
6955845294,Jose Fowler,68.0,Masculino,Boston,Medio,2,28.93,No,Sí,Mariscos,No,(465)768-4139,,Tarjeta,1850
8027135747,Lauren Robbins,32.0,Femenino,Boston,Medio,5,21.73,Sí,No,Vegetariano,No,,,Efectivo,1636
2156184315,John Roberts,30.0,Masculino,Boston,Muy Alto,9,42.2,Sí,Sí,Vegetariano,Sí,,,App,12698
2007635038,Melanie Nguyen,56.0,Femenino,Boston,Medio,5,30.8,Sí,Sí,Mariscos,Sí,,,Efectivo,3340
5125707260,Lisa Smith,77.0,Femenino,Boston,Alto,5,14.97,Sí,No,Mariscos,Sí,,,App,7066
4043850951,Patricia Morales,35.0,Femenino,Boston,Medio,4,13.87,Sí,No,Carnes,Sí,001-342-716-5632,,Tarjeta,1779
3696240149,Stephen Acosta,75.0,Masculino,Boston,Alto,5,17.43,No,Sí,Vegetariano,No,,shelby45@example.org,App,8483
8325774974,Catherine Dunlap,67.0,Femenino,Boston,Alto,5,27.56,No,No,Vegetariano,Sí,,,App,3715
1770278136,Caroline White,80.0,Femenino,Boston,Alto,4,27.84,Sí,No,Vegetariano,Sí,,,Tarjeta,5565
4648360242,Brittney Patrick,30.0,Femenino,Boston,Medio,3,24.21,No,No,Vegano,No,,jarnold@example.org,Tarjeta,2945
4951355748,Robert Wise,56.0,Masculino,Boston,Alto,5,23.09,No,No,Mariscos,Sí,(585)312-2228,wthompson@example.net,App,6693
5847023874,Jessica Woodard,55.0,Femenino,Boston,Muy Alto,8,55.86,Sí,No,Vegetariano,Sí,,ortizalyssa@example.net,Tarjeta,17327
1561417687,Melissa Newton,39.0,Femenino,Boston,Bajo,3,14.04,Sí,Sí,Vegetariano,No,(749)297-0289,robbinsgrace@example.com,Tarjeta,873
9054272983,Emily Cherry,46.0,Femenino,Boston,Medio,3,13.33,No,Sí,Mariscos,No,,,Efectivo,2455
6563020249,Aaron Chapman,60.0,Masculino,Boston,Medio,3,24.4,No,Sí,Vegetariano,No,,marshalldavid@example.net,App,1637
7841771307,Angela Brooks,49.0,Femenino,Boston,Bajo,2,6.69,No,No,Mariscos,No,,debrafitzgerald@example.org,App,1373
4403349322,Oscar Spencer,80.0,Masculino,Boston,Medio,5,13.7,No,No,Vegetariano,No,001-412-732-8619x94700,,Tarjeta,2208
9476215612,Douglas Jackson,73.0,Masculino,Boston,Bajo,1,9.48,No,Sí,Mariscos,No,,graywilliam@example.com,Tarjeta,1359
7198489640,Alan Davidson,47.0,Masculino,Boston,Medio,4,34.94,Sí,Sí,Mariscos,No,,xtaylor@example.com,App,2304
7236772367,Christopher Parker,76.0,Masculino,Boston,Medio,5,13.14,Sí,Sí,Mariscos,No,,hernandezjustin@example.com,Tarjeta,2322
1302931075,Cody Turner,63.0,Masculino,Boston,Bajo,3,13.68,Sí,No,Mariscos,No,894-457-5495,,Tarjeta,1181
4878752889,Erik Allen,80.0,Masculino,Boston,Medio,2,31.08,No,Sí,Mariscos,No,4417292515,kathryn65@example.net,Tarjeta,2968
7383049918,Julie Johnson,77.0,Femenino,Boston,Bajo,3,12.09,No,No,Vegetariano,No,,santosbrenda@example.net,Efectivo,1041
5374631074,Anthony Dunn,33.0,Masculino,Boston,Medio,4,14.78,Sí,Sí,Otro,No,483.711.4835x00794,desiree91@example.com,Tarjeta,1817
6633529896,Erin Meyer,51.0,Femenino,Boston,Bajo,1,6.18,Sí,Sí,Pescado,No,,,Tarjeta,1555
2221681350,Keith Thompson,47.0,Masculino,Boston,Alto,5,16.96,No,No,Pescado,No,+1-651-604-1286x58150,,App,4705
1955466961,Brianna Mccoy,46.0,Femenino,Boston,Medio,4,6.51,Sí,No,Vegetariano,No,001-592-565-1236x39555,sanchezmikayla@example.org,Efectivo,3034
3569313669,Katherine Gardner,47.0,Femenino,Boston,Alto,6,54.2,No,No,Vegetariano,Sí,,fpham@example.org,Efectivo,3751
9464825444,Jeffrey Sanchez,25.0,Masculino,Boston,Medio,2,13.01,No,Sí,Pescado,No,,,Efectivo,2526
3207039799,Chloe Freeman,49.0,Femenino,Boston,Medio,3,9.02,Sí,No,Vegetariano,No,975.558.1327x635,,Efectivo,1633
1212943085,Amy Martin,63.0,Femenino,Boston,Muy Alto,8,83.75,No,Sí,Carnes,Sí,(688)364-0800x7736,,Efectivo,12273
3119490078,Emily Owens,49.0,Femenino,Boston,Alto,5,63.45,No,No,Vegetariano,No,7547369603,,Tarjeta,3963
2131925490,Maria Weaver,37.0,Femenino,Boston,Alto,6,35.44,No,Sí,Mariscos,No,,,Efectivo,6783
7587419405,Charles Dalton,39.0,Masculino,Boston,Medio,4,6.87,Sí,Sí,Vegetariano,No,525-714-2381x5295,marshallkelly@example.com,Efectivo,1672
5332218218,Heather Larson,61.0,Femenino,Boston,Bajo,3,6.85,Sí,Sí,Vegetariano,No,,,Efectivo,1540
5168100987,Mark Levy,49.0,Masculino,Boston,Alto,5,11.85,Sí,No,Carnes,No,(832)970-4357,,Efectivo,7759
1129540050,Doris Black,62.0,Femenino,Boston,Alto,4,31.53,Sí,No,Otro,Sí,,cantrellangela@example.org,Efectivo,7247
8679797159,Jennifer Barron,67.0,Femenino,Boston,Bajo,2,7.67,Sí,Sí,Pescado,No,442.245.9018x8516,brenda86@example.net,Criptomoneda,1343
5593301898,Stephanie Vazquez,58.0,Femenino,Boston,Alto,4,39.55,Sí,Sí,Pescado,Sí,,,App,4370
6919048740,Christopher Young,25.0,Masculino,Boston,Muy Alto,5,51.09,Sí,Sí,Vegetariano,Sí,,rhodesdavid@example.org,Tarjeta,11971
8408711404,Donald Stanton,59.0,Masculino,Boston,Alto,6,6.86,No,Sí,Otro,Sí,(776)333-2948,,App,7411
6841521734,Maria Galvan,37.0,Femenino,Boston,Bajo,2,10.29,No,No,Carnes,No,,lho@example.com,Efectivo,1382
1513003815,Justin Kim,80.0,Masculino,Boston,Alto,4,21.22,No,No,Otro,No,+1-862-488-9832x66515,,Tarjeta,6226
8746000308,Andrew Owens,56.0,Masculino,Boston,Bajo,1,9.1,No,Sí,Vegetariano,No,,,App,1424
7411008763,Ruth Rodgers,74.0,Femenino,Boston,Muy Alto,7,38.6,Sí,No,Carnes,Sí,,shannonbradley@example.org,App,11997
8075122626,Michael Wolfe,37.0,Masculino,Boston,Medio,5,29.32,Sí,No,Mariscos,No,+1-836-474-2512x5144,,Tarjeta,2194
7850526978,Lindsey Alvarez,44.0,Femenino,Boston,Bajo,3,7.99,Sí,No,Mariscos,No,(508)559-9408,marie15@example.com,Tarjeta,1037
4410664100,Devin Powell,40.0,Masculino,Boston,Alto,6,40.07,Sí,No,Carnes,Sí,+1-365-563-7667x0760,,App,8608
6461296097,Regina Oconnell,65.0,Femenino,Boston,Muy Alto,8,46.39,No,Sí,Pescado,Sí,,xgilbert@example.org,Tarjeta,14183
6722266808,Jennifer Lang,44.0,Femenino,Boston,Alto,5,50.61,Sí,Sí,Vegetariano,Sí,7544154033,fbrown@example.org,App,7473
7941256427,Robert Cruz,60.0,Masculino,Boston,Medio,3,32.02,No,No,Mariscos,No,,thomaserika@example.com,App,1919
6188781811,John Harris,35.0,Masculino,Boston,Medio,3,18.65,No,Sí,Carnes,No,,,Tarjeta,2961
4582381106,Russell Gomez,50.0,Masculino,Boston,Medio,4,21.21,Sí,Sí,Carnes,No,,,Tarjeta,2574
3960905453,Melissa Vazquez,50.0,Femenino,Boston,Medio,4,23.69,Sí,No,Vegetariano,No,307.781.0321,gerald05@example.com,App,1885
6139905102,Christopher Moore,77.0,Masculino,Boston,Muy Alto,7,99.97,No,No,Vegano,No,,nfloyd@example.net,App,10809
4600630513,Kristy Erickson,50.0,Femenino,Boston,Medio,3,17.36,Sí,Sí,Vegetariano,No,(438)387-2762x76640,westwilliam@example.org,App,1843
8010417786,Eddie Moody,73.0,Masculino,Boston,Alto,4,63.13,No,No,Vegetariano,Sí,,christina10@example.org,App,7261
5885655423,Ryan King,18.0,Masculino,Boston,Muy Alto,5,22.09,No,Sí,Pescado,Sí,939.265.0462x8855,,Efectivo,14581
1546957087,Erica Taylor,31.0,Femenino,Boston,Bajo,3,13.71,Sí,Sí,Otro,No,413-878-1812x4530,,Efectivo,1538
5445002067,Joseph Daniel,34.0,Masculino,Boston,Muy Alto,6,29.71,Sí,Sí,Vegetariano,Sí,,richardsmith@example.net,Tarjeta,17526
7643108589,Jacob Jackson,27.0,Masculino,Boston,Muy Alto,7,73.38,Sí,Sí,Mariscos,Sí,8356035983,krystal69@example.com,Efectivo,12320
3486826558,James Rogers,67.0,Masculino,Boston,Bajo,1,12.17,No,Sí,Vegetariano,No,288-298-0014x7243,,Tarjeta,1031
8790059295,Michael Love,60.0,Masculino,Boston,Bajo,3,5.28,No,Sí,Pescado,No,837-826-3387x735,,Tarjeta,1037
8064554203,Vicki Kelly,47.0,Femenino,Boston,Muy Alto,7,26.14,Sí,No,Vegetariano,Sí,,james28@example.com,App,16144
9950817397,Jacqueline Conner,74.0,Femenino,Boston,Bajo,1,14.95,Sí,No,Vegetariano,No,(702)288-7319,,App,1353
4367505004,Andre Miller,38.0,Masculino,Boston,Alto,4,54.32,No,No,Vegetariano,Sí,242-772-2451,,Tarjeta,7472
5586143660,Mark Swanson,48.0,Masculino,Boston,Bajo,1,5.86,No,No,Carnes,No,,hilleric@example.org,App,1179
8418559357,Morgan Rodriguez,69.0,Femenino,Boston,Alto,4,53.88,No,Sí,Carnes,No,,wilsonangela@example.org,Tarjeta,6140
5821843711,Jacqueline Wong,47.0,Femenino,Boston,Medio,5,13.76,No,Sí,Vegano,No,001-594-772-2051x9311,smithtravis@example.net,Efectivo,1727
6003699766,Kenneth Wright,39.0,Masculino,Boston,Muy Alto,6,23.41,No,Sí,Pescado,Sí,239.860.4857x89633,stacey91@example.net,Tarjeta,15952
1291605342,Andrew Mathews,52.0,Masculino,Boston,Medio,4,34.89,No,Sí,Vegetariano,No,(576)553-8313x22395,floresjessica@example.org,App,2813
5924133087,Daniel Cook,77.0,Masculino,Boston,Alto,5,8.51,No,No,Mariscos,Sí,+1-680-390-4948,michelebarrett@example.org,Efectivo,6178
3594618120,Adam Barber,74.0,Masculino,Boston,Medio,3,17.35,Sí,Sí,Vegetariano,No,333.872.4883x944,,App,3184
2623554814,Amy Sexton,24.0,Femenino,Boston,Medio,2,18.91,Sí,Sí,Vegano,No,,,Tarjeta,1676
3912659475,Dawn Hunt,34.0,Femenino,Boston,Muy Alto,7,48.67,Sí,Sí,Vegetariano,Sí,,ndavis@example.com,Efectivo,17350
2949038093,Stephanie Mahoney,53.0,Femenino,Boston,Muy Alto,6,97.19,No,No,Vegano,Sí,,,Tarjeta,17304
2165259783,Teresa West,78.0,Femenino,Boston,Medio,2,34.82,No,No,Pescado,No,,robinsonjohn@example.org,Efectivo,1739
8171158943,Amber Flores,80.0,Femenino,Boston,Medio,3,24.6,Sí,Sí,Vegetariano,No,,,Tarjeta,3401
9709413415,Cathy Harris,52.0,Femenino,Boston,Medio,3,33.21,Sí,No,Carnes,No,475-653-9083,tpatton@example.net,Tarjeta,2286
7265126870,Paul Schmidt,37.0,Masculino,Boston,Alto,4,59.73,No,No,Vegetariano,Sí,(985)976-7800,,Efectivo,5748
2050057405,Maureen Chavez,39.0,Femenino,Boston,Medio,3,21.3,Sí,Sí,Vegetariano,No,001-716-642-5208x1752,pattonanthony@example.org,Efectivo,2250
2381232714,Kara Weber,70.0,Femenino,Boston,Bajo,2,6.31,No,Sí,Vegetariano,No,,,App,1058
9343335952,Brianna Brown,59.0,Femenino,Boston,Medio,4,17.2,No,Sí,Vegetariano,No,609.985.3930x9809,zdavis@example.net,Tarjeta,1999
9870932804,Kristin Berg,64.0,Femenino,Boston,Alto,6,59.09,Sí,Sí,Carnes,Sí,,,Efectivo,5028
6650225942,Dominic Richardson,26.0,Masculino,Boston,Medio,5,,Sí,Sí,Vegetariano,No,880-435-2687x641,,Tarjeta,1651
2761091683,Keith Pearson,44.0,Masculino,Boston,Alto,5,32.23,No,Sí,Vegetariano,Sí,,leemary@example.org,App,5496
5880217279,Nicole Kirk,28.0,Femenino,Boston,Bajo,3,9.88,No,Sí,Vegetariano,No,+1-858-553-0885,martinsteven@example.com,Tarjeta,1520
5046348427,Sarah Nelson,70.0,Femenino,Boston,Muy Alto,6,79.33,Sí,Sí,Vegetariano,Sí,+1-791-744-2820x34247,,Efectivo,14172
7002076563,Mark Long,23.0,Masculino,Boston,Bajo,1,13.78,Sí,Sí,Mariscos,No,,gbrooks@example.com,Efectivo,1578
4879141202,Rebecca Thomas,79.0,Femenino,Boston,Medio,5,8.77,No,No,Vegetariano,No,,,Criptomoneda,3260
6683677821,Steven Taylor,45.0,Masculino,Boston,Medio,2,18.53,Sí,No,Otro,Sí,,,App,2787
7735501682,Angela Knox,57.0,Femenino,Boston,Medio,2,24.31,Sí,Sí,Vegetariano,No,,yriddle@example.net,Tarjeta,3204
9202249646,Benjamin Nelson,63.0,Masculino,Boston,Medio,2,13.43,No,No,Vegetariano,No,,natashacollins@example.org,Efectivo,1777
3127381991,Sarah Stephens,71.0,Femenino,Boston,Alto,6,36.08,No,No,Vegetariano,No,(555)508-9821,schneiderjoseph@example.net,Tarjeta,8277
6582795032,Adam Morse,24.0,Masculino,Boston,Muy Alto,9,43.21,Sí,Sí,Mariscos,Sí,,bentondarrell@example.net,App,15167
4883440982,Rebecca Hamilton,80.0,Femenino,Boston,Muy Alto,6,28.94,Sí,Sí,Vegetariano,Sí,,,Tarjeta,14193
5614945835,Tyrone Williams,42.0,Masculino,Boston,Muy Alto,7,73.2,Sí,No,Vegano,No,,omorales@example.net,App,13715
2728513631,Tracey Brown,22.0,Femenino,Boston,Medio,4,29.18,No,Sí,Vegetariano,No,,chloe48@example.net,Efectivo,2194
7447874133,Karla Foster,45.0,Femenino,Boston,Alto,6,40.7,Sí,Sí,Vegano,Sí,,,Tarjeta,4282
5471348077,Troy Long,67.0,Masculino,Boston,Medio,2,7.85,No,No,Carnes,No,(458)260-0907x43178,stevenanderson@example.com,Efectivo,3309
4919717874,Tara Delgado,41.0,Femenino,Boston,Muy Alto,9,98.49,No,Sí,Mariscos,Sí,241.769.1704,,App,11061
6933150768,Richard Smith,51.0,Masculino,Boston,Medio,2,8.63,Sí,Sí,Carnes,No,,,Efectivo,2949
2434486874,Nicholas Willis,50.0,Masculino,Boston,Bajo,2,12.6,No,Sí,Vegetariano,No,001-389-961-3303,pschaefer@example.com,App,813
1202872348,Deborah King,24.0,Femenino,Boston,Medio,5,21.51,Sí,Sí,Pescado,No,640-660-9032x471,,App,2541
5474951950,Micheal Wright,46.0,Masculino,Boston,Muy Alto,5,59.62,Sí,Sí,Pescado,Sí,,jburke@example.com,App,13257
9676059497,John Hall,47.0,Masculino,Boston,Alto,4,38.7,No,No,Vegetariano,Sí,891.920.8113x6599,,Tarjeta,8475
5325076856,Sean Chambers,78.0,Masculino,Boston,Medio,4,17.09,No,No,Mariscos,No,,,Tarjeta,1974
3027606794,Joshua Ellis,33.0,Masculino,Boston,Medio,3,7.12,Sí,No,Otro,Sí,,,Tarjeta,3036
3867150847,Joseph Foster,47.0,Masculino,Boston,Alto,6,9.23,Sí,No,Vegetariano,Sí,623.677.5167,,Efectivo,7228
5042421504,Martha Martinez,79.0,Femenino,Boston,Alto,5,7.56,Sí,Sí,Carnes,No,001-323-215-3409,eparker@example.com,App,4295
7754396844,Kelly Davis,31.0,Masculino,Boston,Medio,4,7.35,Sí,No,Vegetariano,No,(589)428-3249x44370,fjohnston@example.net,Efectivo,2093
4327345058,Andrea Gordon,53.0,Femenino,Boston,Alto,6,36.08,Sí,Sí,Otro,Sí,,johnsonricardo@example.org,Tarjeta,8697
2157004351,Rachel Franklin,55.0,Femenino,Boston,Alto,6,20.22,No,No,Carnes,No,996-831-4365,,Efectivo,4522
2876975522,Luis Cooper,19.0,Masculino,Boston,Alto,4,43.82,No,Sí,Mariscos,Sí,,,Tarjeta,4540
9342462477,Bradley Lawson,25.0,Masculino,Boston,Alto,6,21.54,Sí,No,Carnes,Sí,742-498-5729x608,,Efectivo,4725
9320893980,Chelsey Ellison,31.0,Femenino,Boston,Alto,4,35.68,Sí,No,Carnes,Sí,001-407-529-2262x659,timothyschneider@example.net,Efectivo,8301
1888598749,Todd Perkins,35.0,Masculino,Boston,Medio,4,20.89,No,No,Vegetariano,No,001-941-343-2494x24312,,Tarjeta,2162
6468071295,Mary Patton,69.0,Femenino,Boston,Alto,4,18.59,No,Sí,Otro,No,,,Tarjeta,5717
1451951731,Wanda Brown,29.0,Femenino,Boston,Medio,5,5.8,Sí,Sí,Vegetariano,Sí,,,App,3059
6402282582,Mary Williams,54.0,Femenino,Boston,Medio,2,16.89,Sí,Sí,Vegetariano,No,,robertaguirre@example.net,Efectivo,1716
5416544145,Sharon Adams,24.0,Femenino,Boston,Alto,4,26.44,No,Sí,Vegetariano,Sí,984.359.9607,mitchelllisa@example.net,Efectivo,8685
9161730177,Michael Warren,59.0,Masculino,Boston,Medio,3,23.56,No,No,Vegetariano,No,,,Efectivo,3270
7682917607,Jeffery Kelly,30.0,Masculino,Boston,Bajo,1,10.24,No,Sí,Vegetariano,No,,powerstimothy@example.org,Efectivo,1056
4446339675,Cheryl Martinez,53.0,Femenino,Boston,Bajo,2,5.9,No,No,Pescado,No,,,Efectivo,855
6324076716,Samantha Mccann,22.0,Femenino,Boston,Alto,4,62.96,Sí,Sí,Vegetariano,Sí,(286)965-2658,ustevenson@example.com,Efectivo,8521
6486930490,Susan Buchanan,47.0,Femenino,Boston,Alto,5,13.36,Sí,Sí,Carnes,No,,melanie87@example.com,App,3907
3664052763,Carol James,32.0,Femenino,Boston,Muy Alto,8,26.93,No,No,Pescado,Sí,,larryallen@example.org,App,10401
7942021507,Daniel Simmons,18.0,Masculino,Boston,Muy Alto,6,93.65,No,Sí,Carnes,Sí,815.334.5887,nwillis@example.net,Tarjeta,11992
1830523409,Cassidy Thompson,33.0,Femenino,Boston,Muy Alto,8,84.79,Sí,No,Mariscos,Sí,,benjaminmorgan@example.org,Efectivo,15077
1364377521,Justin Sharp,44.0,Masculino,Boston,Medio,3,28.67,Sí,No,Vegetariano,Sí,001-942-695-1448x6789,,App,2273
6611046762,Dylan Young,60.0,Masculino,Boston,Alto,6,53.09,No,No,Vegetariano,No,,jeffreyruiz@example.com,Tarjeta,4777
1953688743,Cassandra Jones,68.0,Femenino,Boston,Medio,2,20.14,No,Sí,Mariscos,No,905-308-0493x11560,,Tarjeta,1863
6552608667,Michael Giles,78.0,Masculino,Boston,Medio,4,21.2,Sí,No,Otro,No,+1-676-313-4058x30721,alejandrohughes@example.net,Tarjeta,2527
1355120345,Michele Santos,24.0,Femenino,Boston,Medio,4,31.38,No,Sí,Mariscos,No,,,App,2858
5021451005,Thomas Martin,38.0,Masculino,Boston,Alto,6,35.2,No,Sí,Vegetariano,Sí,001-309-234-3834x8589,williamsjames@example.net,Efectivo,6165
3942266913,Chelsea Becker,25.0,Femenino,Boston,Muy Alto,10,23.97,Sí,Sí,Vegetariano,Sí,(335)523-6437x0984,,Tarjeta,15264
6929897032,Erin Henderson,63.0,Femenino,Boston,Medio,3,24.3,No,No,Vegetariano,No,569.324.3837x87686,,Efectivo,1800
2836087710,Max Gray,57.0,Masculino,Boston,Medio,2,31.03,Sí,Sí,Mariscos,No,253.517.7971x80812,kellyrebecca@example.net,Tarjeta,3414
4407284549,Heidi Rose,23.0,Femenino,Boston,Muy Alto,7,98.56,No,Sí,Vegetariano,Sí,222-710-0741x382,,App,15651
7402059279,Claudia Beasley,57.0,Femenino,Boston,Muy Alto,6,43.76,No,Sí,Carnes,No,359-490-7796,sarahpetty@example.org,Efectivo,10021
5839627384,Debra Douglas,31.0,Femenino,Boston,Alto,4,13.24,Sí,No,Vegetariano,No,,,Efectivo,6931
7668259384,Jeremy Smith,62.0,Masculino,Boston,Alto,6,58.92,No,Sí,Mariscos,Sí,,sandy85@example.org,App,4466
4009871459,Matthew Obrien,54.0,Masculino,Boston,Muy Alto,8,85.72,Sí,Sí,Pescado,Sí,,darrellgould@example.net,Tarjeta,14827
5981716345,Harry Williams,80.0,Masculino,Boston,Medio,2,7.92,Sí,Sí,Vegetariano,Sí,,,Tarjeta,2776
8224344340,Kevin Brooks,53.0,Masculino,Boston,Medio,4,21.45,No,No,Carnes,Sí,,kenneth73@example.com,App,2490
6498231134,Jennifer Wilkerson,72.0,Femenino,Boston,Medio,4,28.83,Sí,No,Mariscos,No,,christinayoung@example.org,Efectivo,2990
9587030322,Carol Hernandez,59.0,Femenino,Boston,Bajo,1,11.0,No,Sí,Mariscos,No,,ncastillo@example.net,Tarjeta,1486
7322441686,Christopher Wilkins,78.0,Masculino,Boston,Bajo,1,12.71,Sí,Sí,Vegetariano,No,,,Tarjeta,1218
7222657338,Jamie Trujillo,62.0,Femenino,Boston,Bajo,1,14.46,Sí,No,Carnes,No,001-730-684-7762x281,john74@example.net,Efectivo,1591
3831912565,Angel Vaughn,73.0,Masculino,Boston,Medio,3,21.06,No,Sí,Mariscos,No,389-910-4549x5752,srivera@example.com,App,1935
7786779009,Deborah Meyer,60.0,Femenino,Boston,Muy Alto,5,37.11,No,Sí,Carnes,No,001-619-740-8282x674,,Tarjeta,10951
2611888154,Thomas Hill,32.0,Masculino,Boston,Muy Alto,8,19.23,No,Sí,Mariscos,Sí,,,Efectivo,16571
6850950579,Melissa Davis,32.0,Femenino,Boston,Alto,4,50.86,No,Sí,Vegetariano,No,9254205352,,App,7793
3006902845,Krystal Sanchez,36.0,Femenino,Boston,Alto,6,5.21,No,No,Pescado,Sí,,peter84@example.com,App,3620
1257181149,Amber Fuller,78.0,Femenino,Boston,Medio,5,26.48,Sí,Sí,Otro,No,,,App,2606
1684598046,Joshua Miller,80.0,Masculino,Boston,Alto,5,34.05,Sí,Sí,Vegetariano,No,001-774-952-4835x93804,snydererica@example.com,Efectivo,7770
2854871996,Jenna Henderson,63.0,Femenino,Boston,Alto,6,39.22,No,No,Carnes,No,,,Tarjeta,5527
2857370630,Heather Allen,24.0,Femenino,Boston,Alto,5,38.55,No,Sí,Vegano,Sí,374.592.2065,,App,8140
7610939632,Jeffrey Bell,79.0,Masculino,Boston,Medio,4,29.53,Sí,No,Mariscos,Sí,989.896.6044x16204,laura18@example.com,Tarjeta,2589
2807563598,Kathryn Miller,68.0,Femenino,Boston,Medio,2,10.18,No,Sí,Pescado,No,,,Tarjeta,1866
7527394528,Samantha Johnston,39.0,Femenino,Boston,Medio,3,14.64,No,Sí,Mariscos,No,+1-360-447-5617x602,,Tarjeta,3430
6861331470,Renee Cortez,47.0,Femenino,Boston,Medio,4,22.58,Sí,Sí,Pescado,No,205.567.0819x554,,App,2684
2967799880,Rebecca Jones,80.0,Femenino,Boston,Alto,6,39.8,Sí,No,Pescado,Sí,,kellynguyen@example.com,App,8234
7602474923,David Sherman,27.0,Masculino,Boston,Alto,5,57.22,Sí,Sí,Vegetariano,Sí,693.232.6121,,Efectivo,5862
8497147047,Denise Lutz,38.0,Femenino,Boston,Muy Alto,6,71.64,No,No,Vegetariano,Sí,,,Tarjeta,13395
2174336045,Angela Walker,78.0,Femenino,Boston,Medio,4,25.29,Sí,No,Mariscos,No,,luke14@example.org,Efectivo,2593
7284335574,Nathan Gibson,23.0,Masculino,Boston,Medio,2,33.48,No,Sí,Vegetariano,No,+1-973-966-8479,marcus35@example.net,Efectivo,2697
8768401728,Jared Oneill,54.0,Masculino,Boston,Alto,4,9.74,No,Sí,Vegetariano,Sí,,aliciaevans@example.org,Tarjeta,4582
2721346755,Denise Carr,54.0,Femenino,Boston,Alto,4,23.77,No,No,Carnes,Sí,(939)646-2883x594,ericazamora@example.com,App,6517
9529261412,Glen Richards,31.0,Masculino,Boston,Alto,6,43.71,No,Sí,Carnes,Sí,(599)947-1503x29560,kevinhuang@example.com,Tarjeta,4771
7755611093,Crystal Scott,34.0,Femenino,Boston,Alto,5,15.23,Sí,Sí,Carnes,Sí,,marcia01@example.com,Efectivo,7083
7032527837,Lisa Brandt,29.0,Femenino,Boston,Medio,4,23.97,No,Sí,Otro,No,,matthewmontoya@example.com,Tarjeta,2447
5844127642,Michael Reynolds,70.0,Masculino,Boston,Muy Alto,10,73.26,Sí,Sí,Vegetariano,Sí,+1-606-303-2690,,Efectivo,17612
5905881794,Grant Castaneda,22.0,Masculino,Boston,Bajo,3,9.16,No,Sí,Mariscos,No,,,Tarjeta,1062
1651136232,Ashley Martinez,27.0,Femenino,Boston,Medio,5,17.58,No,Sí,Vegetariano,Sí,+1-346-720-9320x37311,dorothyperez@example.com,Efectivo,2478
6011647233,Jean Rodriguez,61.0,Femenino,Boston,Alto,4,46.16,No,Sí,Carnes,Sí,7734742665,,Efectivo,6531
4531566913,Jay Baker,,Masculino,Boston,Medio,4,30.76,No,No,Vegetariano,No,,,Criptomoneda,2467
3232254467,Scott Torres,50.0,Masculino,Boston,Medio,2,7.3,Sí,No,Vegetariano,Sí,425.634.4199x95129,david74@example.com,Tarjeta,1751
4262396395,Michele Hull,42.0,Femenino,Boston,Medio,4,27.75,No,No,Vegetariano,Sí,,,Tarjeta,1626
5301240165,Erika Harris,20.0,Femenino,Boston,Alto,4,28.12,Sí,Sí,Vegano,Sí,,reedrobert@example.net,App,4162
7131166148,George Briggs,68.0,Masculino,Boston,Alto,6,51.53,Sí,Sí,Mariscos,Sí,,fgillespie@example.com,Efectivo,5391
2836565385,Bradley Rodriguez,47.0,Masculino,Boston,Medio,2,12.7,No,Sí,Mariscos,No,,anthonystewart@example.com,Tarjeta,3384
5090427575,Victoria Guzman,27.0,Femenino,Boston,Muy Alto,9,16.32,Sí,Sí,Carnes,Sí,+1-352-932-9083x9036,kennethkaiser@example.com,Efectivo,17485
9026301048,Daniel Holmes,69.0,Masculino,Boston,Medio,5,26.38,No,No,Mariscos,No,+1-900-465-7853x713,jason79@example.com,Tarjeta,2959
9263135031,Amy Matthews,,Femenino,Boston,Alto,4,7.58,No,No,Carnes,No,,,App,4382
9837053344,Donald Ramirez,60.0,Masculino,Boston,Medio,4,16.63,No,No,Vegetariano,No,001-297-212-4398x904,cowanmisty@example.net,Tarjeta,1649
7827384148,Vanessa Martin,56.0,Femenino,Boston,Muy Alto,10,41.44,No,Sí,Carnes,Sí,449-625-6535x07298,jeremyadams@example.com,Tarjeta,13942
9977754141,Troy Kim,59.0,Masculino,Boston,Medio,4,29.02,Sí,Sí,Mariscos,No,,grayerik@example.net,App,2800
7552378257,Ashley Lewis,69.0,Femenino,Boston,Muy Alto,8,66.68,No,No,Carnes,Sí,+1-623-564-7789x8955,millerjeffrey@example.net,Tarjeta,12859
1946570644,Ronald Crawford,49.0,Masculino,Boston,Alto,6,10.17,No,No,Vegetariano,No,,larnold@example.net,Efectivo,5792
3804641562,Tiffany Ray,45.0,Femenino,Boston,Alto,4,43.55,No,Sí,Otro,No,001-351-960-9145x02992,michelle62@example.com,Efectivo,8176
4732768149,Juan Jackson,39.0,Masculino,Boston,Medio,5,22.25,Sí,Sí,Carnes,No,266-551-8630,mitchellrebekah@example.net,Efectivo,2105
4913956937,Brittany Escobar,64.0,Femenino,Boston,Muy Alto,5,82.1,No,No,Mariscos,Sí,,,App,10056
2596371622,James Hanson,57.0,Masculino,Boston,Medio,3,21.73,No,Sí,Otro,No,,vgrant@example.org,Efectivo,2999
2179341810,Anthony Bauer,64.0,Masculino,Boston,Medio,2,33.33,No,No,Vegano,No,,ewolfe@example.org,Tarjeta,1660
4942910275,Claudia Brooks,18.0,Femenino,Boston,Medio,3,24.91,Sí,No,Otro,No,,,Efectivo,2479
1304205279,Crystal Powell,25.0,Femenino,Boston,Bajo,2,5.39,Sí,Sí,Vegetariano,No,,,Tarjeta,1403
5971639988,Joshua Lee,64.0,Masculino,Boston,Alto,5,54.55,Sí,Sí,Mariscos,Sí,816-228-3229x3584,,Efectivo,8378
3592596823,Michael Baldwin,71.0,Masculino,Boston,Alto,5,42.01,Sí,No,Mariscos,Sí,(945)295-1752x575,gregorycurtis@example.com,Tarjeta,4321
4552730695,Luis Schaefer,42.0,Masculino,Boston,Alto,6,7.1,No,Sí,Mariscos,Sí,,michael29@example.org,Efectivo,5254
7377592736,Aaron Webster,57.0,Masculino,Boston,Bajo,2,10.54,No,Sí,Mariscos,No,221.388.0485x3868,,App,1133
2908280434,William Adams,60.0,Masculino,Boston,Alto,4,55.94,Sí,Sí,Pescado,Sí,849.526.3308,,App,6588
9500051804,Jason Johnson,47.0,Masculino,Boston,Alto,6,60.44,Sí,Sí,Vegetariano,No,,,Efectivo,6532
9076530496,Haley Fuentes,31.0,Femenino,Boston,Alto,4,19.21,Sí,Sí,Vegetariano,Sí,814.823.0120x8714,ashleycurry@example.net,Efectivo,7112
9146070829,Kaylee Zuniga,56.0,Femenino,Boston,Muy Alto,5,45.5,No,Sí,Carnes,Sí,001-361-644-8156x5022,christine59@example.net,App,9986
4669811462,Brandon Garcia,35.0,Masculino,Boston,Muy Alto,8,61.25,No,No,Vegano,Sí,,,Efectivo,15526
2047260902,Christie Brandt,43.0,Femenino,Boston,Bajo,3,11.12,Sí,No,Mariscos,No,6199769730,cody06@example.org,Tarjeta,1342
4361948986,Paul Miller,41.0,Masculino,Boston,Medio,2,6.11,Sí,Sí,Pescado,No,,,Tarjeta,2941
6005352997,Scott Lee,72.0,Masculino,Boston,Bajo,1,8.47,No,Sí,Vegano,No,554.614.3719x841,,Efectivo,1543
9882268600,Paul Smith,75.0,Masculino,Boston,Medio,5,9.93,Sí,Sí,Carnes,No,,vlang@example.com,Efectivo,1889
8361393047,Katrina Evans,43.0,Femenino,Boston,Bajo,3,5.83,Sí,Sí,Pescado,No,,,App,1275
8012696455,Laura Chandler,58.0,Femenino,Boston,Alto,6,44.7,Sí,Sí,Vegetariano,Sí,455-355-1113x0430,,Efectivo,7853
7073431287,Amber Richardson,43.0,Femenino,Boston,Muy Alto,10,58.64,No,Sí,Carnes,Sí,,gwilson@example.net,App,12695
1846637941,Alexa Griffin,78.0,Femenino,Boston,Medio,4,16.01,No,No,Carnes,No,,,Efectivo,2378
6055434544,Christopher Edwards,80.0,Masculino,Boston,Muy Alto,8,18.91,Sí,Sí,Vegetariano,Sí,,,App,15005
5314118207,Danielle Lee,52.0,Femenino,Boston,Medio,3,19.81,No,Sí,Vegetariano,Sí,768.270.4426x261,,Tarjeta,1815
9824632534,Kenneth Gordon,55.0,Masculino,Boston,Muy Alto,7,47.54,No,No,Mariscos,Sí,,,Efectivo,12781
8253188367,John Harvey,47.0,Masculino,Boston,Alto,5,34.5,No,Sí,Mariscos,No,,,Efectivo,5191
7205872694,William Gray,63.0,Masculino,Boston,Muy Alto,6,61.55,Sí,Sí,Pescado,Sí,+1-648-545-0316x373,,Efectivo,17589
5003554215,Stephen Murillo,19.0,Masculino,Boston,Medio,5,9.95,Sí,Sí,Vegetariano,No,(257)759-8670x32874,gonzalezjaime@example.org,Tarjeta,2282
2161310483,Terry Allen,22.0,Masculino,Boston,Alto,5,35.33,No,Sí,Mariscos,No,001-290-584-4624x833,cramirez@example.net,Efectivo,7932
3553440342,Robert Harmon,30.0,Masculino,Boston,Medio,3,29.23,Sí,Sí,Vegano,No,892.583.2793x311,tdavis@example.org,Tarjeta,2194
9665602303,Tommy Blair,76.0,Masculino,Boston,Alto,4,20.48,No,Sí,Mariscos,No,3555188581,burnsmichael@example.net,Efectivo,5194
5021146805,Andrew Paul,77.0,Masculino,Boston,Alto,6,15.56,Sí,No,Vegetariano,Sí,001-946-285-6884x0961,,Tarjeta,6694
1834753234,Catherine Calderon,32.0,Femenino,Boston,Bajo,2,14.59,Sí,No,Otro,No,(361)695-0527x17982,,Tarjeta,1117
3825520527,Kenneth Wheeler,80.0,Masculino,Boston,Muy Alto,10,30.96,No,No,Mariscos,Sí,,frank54@example.com,App,14621
2705866867,Heather Thornton,23.0,Femenino,Boston,Bajo,1,6.34,No,Sí,Vegano,No,681.857.0516,charlesnewman@example.com,App,1355
3942721383,Kristina Johnson,,Femenino,Boston,Alto,6,17.84,No,Sí,Mariscos,Sí,,,App,5274
9584080614,Kevin Wells,18.0,Masculino,Boston,Muy Alto,8,15.27,Sí,Sí,Vegetariano,Sí,001-465-911-3518,,App,11920
5852195828,Marilyn Bruce,71.0,Femenino,Boston,Alto,5,12.11,Sí,No,Vegetariano,Sí,(728)672-4765x0125,,App,8152
7232004750,Susan Jackson,38.0,Femenino,Boston,Medio,3,30.28,Sí,Sí,Pescado,No,,,Tarjeta,3107
3887159244,Molly Sanchez,53.0,Femenino,Boston,Bajo,3,9.22,No,Sí,Vegetariano,No,382-623-2991x0678,qwarner@example.com,Efectivo,924
9852786935,Crystal Jenkins,,Femenino,Boston,Muy Alto,10,69.67,No,Sí,Carnes,Sí,345.625.4596,,Efectivo,12586
2907951048,Bonnie Gamble,59.0,Femenino,Boston,Bajo,1,13.63,Sí,No,Vegano,No,001-986-639-2683x99480,theresacooper@example.org,App,1215
5574312634,Diana Ponce,63.0,Femenino,Boston,Muy Alto,7,100.41,No,Sí,Carnes,Sí,,,Tarjeta,10453
1443616223,Mary Randolph,32.0,Femenino,Boston,Alto,5,8.99,No,No,Mariscos,Sí,,,App,7537
7134352352,Joseph Avery,53.0,Masculino,Boston,Medio,3,9.42,No,Sí,Vegano,No,,,Efectivo,2183
6389177633,Ian Garcia,73.0,Masculino,Boston,Bajo,3,8.87,Sí,No,Vegetariano,No,6959443311,,Efectivo,1261
7010455626,Sarah Carter,58.0,Femenino,Boston,Muy Alto,7,21.39,No,Sí,Carnes,Sí,+1-618-541-3558,,Efectivo,9082
5954575824,Walter Henry,57.0,Masculino,Boston,Muy Alto,8,59.11,No,Sí,Mariscos,Sí,001-678-960-5607x9374,,Tarjeta,9225
8589216428,Stephanie Morgan,55.0,Femenino,Boston,Medio,5,14.73,No,Sí,Mariscos,Sí,001-726-594-2469,frank31@example.net,Tarjeta,2087
3116935732,Zachary Santos,46.0,Masculino,Boston,Muy Alto,8,39.3,Sí,No,Vegetariano,Sí,,,Efectivo,16145
6297963360,Crystal Morton,46.0,Femenino,Boston,Bajo,1,11.87,Sí,Sí,Vegetariano,No,001-471-973-3758,,Tarjeta,1050
6009730605,Jody Robinson,74.0,Femenino,Boston,Medio,2,34.29,Sí,Sí,Vegetariano,No,,,Tarjeta,1890
7408365992,Kathleen Baker,43.0,Femenino,Boston,Medio,2,5.65,No,No,Vegetariano,Sí,,jgomez@example.org,Efectivo,3269
4914929023,Kristina Gonzalez,23.0,Femenino,Boston,Muy Alto,5,48.19,Sí,No,Carnes,Sí,,,Efectivo,9610
2902063545,John Wagner,78.0,Masculino,Boston,Bajo,3,12.46,Sí,No,Vegetariano,No,,sierrajimenez@example.org,App,1138
9701069382,David Williams,18.0,Masculino,Boston,Medio,3,5.37,Sí,Sí,Vegetariano,No,,johnathan05@example.com,Efectivo,2269
3840364562,Jeremy Hernandez,56.0,Masculino,Boston,Muy Alto,10,72.42,No,Sí,Mariscos,Sí,,stuartrobles@example.org,App,9555
7280718184,Jeffrey Schneider,72.0,Masculino,Boston,Muy Alto,9,22.36,No,No,Vegetariano,Sí,999.482.7511x347,,Efectivo,15577
6856536838,Cynthia Atkins,45.0,Femenino,Boston,Alto,6,33.16,No,Sí,Vegetariano,Sí,,,Efectivo,8368
5799336347,Katherine Hughes,75.0,Femenino,Boston,Alto,5,21.2,No,No,Pescado,Sí,(515)677-4516x9950,robertcollins@example.net,Criptomoneda,3508
6182239160,Jeanette Taylor,41.0,Femenino,Boston,Bajo,2,11.51,No,No,Pescado,No,,,Efectivo,1544
1322816583,Kristina Mendoza,62.0,Femenino,Boston,Medio,3,9.61,Sí,Sí,Mariscos,No,,ramseyhayley@example.com,App,2231
6334332757,Chris Gutierrez,48.0,Masculino,Boston,Medio,5,9.82,Sí,Sí,Carnes,No,(636)570-7675x490,jgonzalez@example.com,App,2805
5162369515,Matthew Velazquez,31.0,Masculino,Boston,Alto,5,13.07,Sí,Sí,Mariscos,Sí,,,Criptomoneda,8522
5432358842,Cynthia Williams,47.0,Femenino,Boston,Muy Alto,8,89.03,Sí,No,Mariscos,Sí,445.546.2240x217,aarongutierrez@example.org,Efectivo,13388
6251976725,Joseph Boone,23.0,Masculino,Boston,Alto,6,39.49,No,Sí,Vegetariano,Sí,(223)772-3217,nicholas71@example.org,Efectivo,8147
9119851171,Amy Thompson,51.0,Femenino,Boston,Medio,5,31.77,Sí,No,Otro,No,,mariaalexander@example.com,App,2400
9062174550,Mark Carlson,19.0,Masculino,Boston,Medio,5,13.14,Sí,Sí,Pescado,No,751.693.3330,sabrina86@example.net,Efectivo,2051
6507337708,Kevin Brooks,59.0,Masculino,Boston,Alto,5,34.77,Sí,Sí,Carnes,Sí,,,Efectivo,8597
9667435149,Benjamin Bell,65.0,Masculino,Boston,Muy Alto,10,97.89,No,Sí,Mariscos,Sí,5313000183,,Efectivo,10868
7783667060,Jacqueline Jacobs,66.0,Femenino,Boston,Medio,3,24.8,Sí,Sí,Vegetariano,No,252-286-2746x74752,,Tarjeta,1846
8679987160,Lisa Lucas,50.0,Femenino,Boston,Bajo,3,13.58,Sí,No,Vegetariano,No,397.860.3912x48946,lisa20@example.org,Efectivo,1413
7851714074,Jessica Cox,27.0,Femenino,Boston,Muy Alto,6,56.6,Sí,Sí,Carnes,Sí,001-833-903-9319x8748,,Efectivo,16359
6255086599,Brian Shields,46.0,Masculino,Boston,Medio,4,19.14,Sí,Sí,Carnes,No,+1-403-220-5411x8192,cbuck@example.net,Efectivo,2233
2472460891,Lucas Thomas,42.0,Masculino,Boston,Muy Alto,5,25.27,No,Sí,Vegano,Sí,844.393.4207x9971,sarah51@example.net,Tarjeta,16693
6971296417,Caitlin Cruz,21.0,Femenino,Boston,Bajo,3,6.3,No,Sí,Pescado,No,001-754-322-0005,harriserik@example.net,Tarjeta,1175
2193688100,Gina Clark,31.0,Femenino,Boston,Medio,2,13.68,No,No,Vegetariano,No,4679064947,,Efectivo,3327
8595371854,Katherine Gomez,43.0,Femenino,Boston,Muy Alto,8,58.54,No,No,Vegetariano,Sí,,,Efectivo,10189
2275560361,Jason Chavez,20.0,Masculino,Boston,Bajo,3,9.59,Sí,Sí,Carnes,No,552-559-4133,,Tarjeta,1132
9403298062,Jennifer Mejia,49.0,Femenino,Boston,Alto,6,50.93,Sí,No,Carnes,Sí,001-244-208-4645x299,,Efectivo,5267
5007327257,Catherine Banks,46.0,Femenino,Boston,Medio,4,8.56,No,No,Vegetariano,No,001-618-256-6594,,Efectivo,1888
2651765604,Ray Hill,50.0,Masculino,Boston,Medio,4,21.41,Sí,Sí,Carnes,No,,,App,3467
8243193820,Steven Jones,49.0,Masculino,Boston,Alto,5,31.37,No,No,Pescado,Sí,+1-873-888-4754x2229,mpatel@example.com,Efectivo,8485
9152534902,Mandy Warren,63.0,Femenino,Boston,Muy Alto,8,28.58,No,Sí,Carnes,Sí,,melanie34@example.com,App,10200
4743515862,Laura Perkins,65.0,Femenino,Boston,Medio,5,11.68,Sí,Sí,Vegano,No,,jamessmith@example.org,Tarjeta,2633
8607985648,Chad Alexander,61.0,Masculino,Boston,Alto,5,47.75,Sí,No,Pescado,Sí,,,App,8489
1477684435,Sandy Robertson,60.0,Femenino,Boston,Alto,5,13.76,No,No,Mariscos,Sí,,richard45@example.net,App,8414
4462995869,Matthew Morrison,23.0,Masculino,Boston,Medio,5,6.58,Sí,Sí,Carnes,No,001-816-277-0246,marywright@example.com,Efectivo,3034
5163841475,Christian Moore,38.0,Masculino,Boston,Alto,4,22.67,No,No,Vegetariano,No,(778)419-5778x7514,amyhatfield@example.com,Tarjeta,4092
8908740050,Tanya Rice,34.0,Femenino,Boston,Muy Alto,8,103.15,No,Sí,Vegano,Sí,001-889-217-2924x71554,,Tarjeta,14343
1867835419,Troy Hernandez,38.0,Masculino,Boston,Medio,4,25.5,No,No,Vegano,No,7046894549,tammie93@example.org,App,3134
5240686279,Richard Garrett,24.0,Masculino,Boston,Muy Alto,5,83.07,Sí,Sí,Carnes,Sí,+1-570-754-1927x4160,,Criptomoneda,16688
1793565790,Tyler Fernandez,31.0,Masculino,Boston,Muy Alto,5,49.79,Sí,No,Vegetariano,Sí,,cdouglas@example.com,Tarjeta,11903
9338265776,Terri Turner,19.0,Femenino,Boston,Muy Alto,5,71.88,Sí,Sí,Carnes,Sí,(232)992-2648x2320,,Efectivo,17094
4046231366,Justin Murray,19.0,Masculino,Boston,Bajo,1,14.5,Sí,Sí,Vegano,No,+1-808-804-8996x95115,,Tarjeta,1124
8407526786,Haley Guzman,61.0,Femenino,Boston,Muy Alto,9,59.06,No,No,Vegetariano,Sí,689-283-9757x2357,,Efectivo,10469
3504000119,Lisa Huff,27.0,Femenino,Boston,Medio,3,23.74,No,Sí,Vegetariano,No,,,App,2252
2980111882,Kenneth Young,30.0,Masculino,Boston,Alto,6,55.12,Sí,Sí,Mariscos,No,,mbrown@example.net,Efectivo,5056
6471137635,Karen Barker,27.0,Femenino,Boston,Bajo,2,6.06,No,Sí,Vegano,No,,kpowell@example.org,App,1074
2406080225,Edward Alvarado,65.0,Masculino,Boston,Muy Alto,8,5.65,Sí,No,Vegetariano,Sí,(365)785-6289x888,dunnbrenda@example.org,Tarjeta,16112
1774397042,Sarah Garcia,59.0,Femenino,Boston,Muy Alto,7,87.58,Sí,No,Pescado,Sí,001-464-962-4894x0782,samanthagarrison@example.com,Efectivo,11272
8303937237,Kayla Benjamin,54.0,Femenino,Boston,Muy Alto,6,77.11,Sí,No,Mariscos,Sí,001-502-342-8969x34901,mguerra@example.com,Efectivo,15692
5349214297,Jerry Villegas,51.0,Masculino,Boston,Alto,5,29.08,No,No,Carnes,Sí,(226)684-1012x327,zkim@example.org,Tarjeta,8953
8753291539,Heather Johnson,66.0,Femenino,Boston,Medio,4,18.59,Sí,No,Vegano,Sí,,christina81@example.net,Efectivo,3315
3822302662,Heather Adams,20.0,Femenino,Boston,Alto,5,15.82,No,Sí,Pescado,Sí,,robinsonlisa@example.org,Tarjeta,7564
1191510869,Brandy Hayes,22.0,Femenino,Boston,Medio,3,12.84,Sí,Sí,Carnes,No,,willismichael@example.com,App,1783
9274607445,Isabella Lewis,35.0,Femenino,Boston,Medio,2,25.58,Sí,No,Carnes,No,,,Tarjeta,2111
5596982538,Kenneth Cox,33.0,Masculino,Boston,Muy Alto,10,70.44,Sí,Sí,Carnes,Sí,,cynthiagardner@example.com,App,16233
7054571545,Maureen Martin,36.0,Femenino,Boston,Alto,6,20.16,No,No,Mariscos,Sí,,,Tarjeta,6443
6551379126,Nicole Gonzalez,37.0,Femenino,Boston,Medio,5,33.54,Sí,No,Otro,No,,,Efectivo,3382
4285580428,Maria Joseph,54.0,Femenino,Boston,Alto,6,30.72,Sí,Sí,Carnes,No,,,Efectivo,5122
7303672817,Kenneth Schultz,80.0,Masculino,Boston,Medio,3,29.44,Sí,Sí,Vegetariano,No,496.212.1618x492,james54@example.net,Efectivo,2562
3403413753,Patty Hamilton,74.0,Femenino,Boston,Bajo,3,11.22,Sí,No,Vegetariano,No,(260)694-4786x8950,,App,954
3495889320,Christina Daniels,78.0,Femenino,Boston,Bajo,3,14.74,No,No,Vegetariano,No,+1-418-490-1358x789,,Tarjeta,883
8163557725,Keith Ross,60.0,Masculino,Boston,Alto,5,57.72,No,Sí,Pescado,No,994.790.6719,,Tarjeta,3699
2685508823,Cheryl Harper,29.0,Femenino,Boston,Alto,6,13.76,Sí,Sí,Carnes,Sí,,,Tarjeta,7797
4240663231,Kurt Woodward,68.0,Masculino,Boston,Alto,4,58.17,Sí,Sí,Vegetariano,Sí,,,Efectivo,5821
1692940438,Tonya Lewis,21.0,Femenino,Boston,Bajo,1,8.61,Sí,Sí,Vegetariano,No,,,Efectivo,1112
8919234666,Antonio Fields,73.0,Masculino,Boston,Muy Alto,8,57.0,No,No,Vegano,Sí,+1-476-470-9481,stephanie21@example.org,App,11435
1835091119,Danielle Wood,78.0,Femenino,Boston,Muy Alto,10,18.46,Sí,Sí,Mariscos,No,,,Tarjeta,9934
3368275122,Tony Martin,59.0,Masculino,Boston,Muy Alto,5,71.02,No,Sí,Mariscos,Sí,,mcgeetimothy@example.org,Efectivo,14842
8546656212,Richard Ellis,24.0,Masculino,Boston,Medio,5,9.91,Sí,Sí,Carnes,No,838.604.3696x8536,,Efectivo,1718
4231201128,Allison Alvarez,62.0,Femenino,Boston,Alto,5,38.13,No,Sí,Vegetariano,Sí,001-445-422-5627,kennedycody@example.org,Tarjeta,5129
8386117322,Bradley Miller,34.0,Masculino,Boston,Bajo,2,6.67,No,No,Vegano,No,921-585-4052,marc15@example.org,Tarjeta,868
1475154741,Ashley Williams,46.0,Femenino,Boston,Alto,4,17.5,No,Sí,Otro,No,(934)581-9634x9800,,App,3705
2047923634,Anthony Taylor,78.0,Masculino,Boston,Alto,6,46.27,Sí,Sí,Vegano,Sí,725.325.3409x90269,misty40@example.net,Efectivo,7269
8133593748,Peter Gibson,25.0,Masculino,Boston,Alto,5,54.77,Sí,No,Vegetariano,Sí,(605)615-6689,,Tarjeta,4335
6154379856,Sarah Haynes,34.0,Femenino,Boston,Alto,5,50.37,Sí,Sí,Carnes,Sí,,,Efectivo,3729
6892565421,Stacey Daugherty,34.0,Femenino,Boston,Muy Alto,10,19.12,No,No,Pescado,Sí,744-292-7289,,Tarjeta,9014
3426237210,Kathryn Mccoy,77.0,Femenino,Boston,Medio,4,16.41,No,No,Pescado,No,880-866-0638x6284,,Tarjeta,3041
5784669422,Lori Bailey,78.0,Femenino,Boston,Muy Alto,7,44.96,No,No,Pescado,Sí,840-671-3771x317,,Efectivo,9040
9338455434,Matthew Bailey,63.0,Masculino,Boston,Muy Alto,8,79.16,Sí,Sí,Vegetariano,Sí,(933)714-9939x16692,udavies@example.com,Efectivo,13801
7169653099,Joshua Carter,28.0,Masculino,Boston,Muy Alto,9,66.37,Sí,Sí,Carnes,Sí,,elizabethramsey@example.com,Tarjeta,16333
7583655883,Anthony Perez,31.0,Masculino,Boston,Medio,2,31.6,No,Sí,Otro,No,(214)612-1136,nelsonrhonda@example.org,Efectivo,2142
6928691380,Kevin Smith,28.0,Masculino,Boston,Alto,5,51.48,Sí,Sí,Pescado,Sí,,xgonzalez@example.org,Efectivo,3776
4675517676,Eugene Molina,28.0,Masculino,Boston,Bajo,1,9.9,No,Sí,Carnes,No,,,Efectivo,1290
4423801858,Michelle Beasley,37.0,Femenino,Boston,Medio,5,29.41,Sí,Sí,Mariscos,No,800-274-7010,acevedodakota@example.org,App,2319
8832070666,Linda Jones,49.0,Femenino,Boston,Alto,4,44.98,No,Sí,Vegetariano,Sí,+1-387-677-5597x88422,,Tarjeta,5030
2655119831,Haley Thompson,23.0,Femenino,Boston,Bajo,1,9.62,No,Sí,Otro,No,903.569.7996x768,,Tarjeta,1033
7966693265,Christopher Little,56.0,Masculino,Boston,Alto,6,25.1,No,No,Vegano,Sí,+1-974-835-1469x91978,,Tarjeta,8496
5902556142,Charles Harris,48.0,Masculino,Boston,Medio,2,20.14,Sí,No,Vegetariano,No,+1-501-883-1126x80058,,Efectivo,1984
5139671436,Harold Potts,39.0,Masculino,Boston,Medio,3,32.32,No,No,Carnes,Sí,,natalieharris@example.com,Efectivo,2245
4738453527,Catherine Johnson,19.0,Femenino,Boston,Medio,2,7.25,No,Sí,Vegetariano,No,,,Efectivo,3067
2030182166,David Hooper,35.0,Masculino,Boston,Muy Alto,9,30.69,Sí,No,Vegano,Sí,(239)532-7930,,Efectivo,17447
8683546423,Jacob Walker,57.0,Masculino,Boston,Medio,5,24.67,Sí,Sí,Mariscos,No,+1-952-890-1439,aatkinson@example.com,Tarjeta,2513
7618025538,Eric Evans,43.0,Masculino,Boston,Alto,4,60.26,No,No,Otro,Sí,280.748.9324,kathleen92@example.org,App,8689
5573648456,Tiffany Ramirez,33.0,Femenino,Boston,Alto,6,40.63,No,Sí,Mariscos,Sí,(299)511-1362,,Tarjeta,8647
4997866845,Stephanie Jenkins,77.0,Femenino,Boston,Medio,5,12.67,Sí,Sí,Vegetariano,No,,,Efectivo,2020
8522807924,Stacey Hall,51.0,Femenino,Boston,Alto,6,45.85,Sí,Sí,Vegetariano,Sí,5946840014,duffyalisha@example.org,Tarjeta,5143
3598656377,Joseph Miller,21.0,Masculino,Boston,Muy Alto,8,44.22,No,Sí,Pescado,Sí,596.596.0465x9075,,Efectivo,13580
3980422108,Brandon Haynes,50.0,Masculino,Boston,Alto,4,58.66,No,No,Mariscos,Sí,(499)809-2790,qwhite@example.com,Efectivo,7824
6869891456,Christopher Williams,28.0,Masculino,Boston,Muy Alto,8,71.58,No,Sí,Vegetariano,Sí,,santiagodavid@example.org,Tarjeta,15159
3407096630,Mackenzie Brock,38.0,Femenino,Boston,Bajo,1,6.86,No,No,Carnes,No,,,Efectivo,952
6846131162,Joseph Brown,73.0,Masculino,Boston,Medio,3,32.33,Sí,No,Vegano,No,4833604990,jwilson@example.org,Tarjeta,2994
8266159318,Willie Grant,51.0,Masculino,Boston,Medio,3,19.88,Sí,No,Vegetariano,No,(961)428-4332x407,,Criptomoneda,2282
2398806247,Christopher Dawson,60.0,Masculino,Boston,Alto,6,48.5,Sí,Sí,Carnes,Sí,239.419.7151x468,,App,6322
3014221360,Angela Ryan,35.0,Femenino,Boston,Medio,5,13.83,Sí,No,Carnes,Sí,702.234.9132,,Efectivo,3307
7610284736,Alejandro Williams,64.0,Masculino,Boston,Alto,4,38.83,Sí,Sí,Vegetariano,Sí,+1-295-978-8107x09109,,Criptomoneda,6510
6769247261,Jasmine Velazquez,26.0,Femenino,Boston,Muy Alto,8,57.3,Sí,Sí,Vegetariano,Sí,(337)992-7357,robertsonlindsay@example.org,App,14065
6306974606,Alvin Graham,71.0,Masculino,Boston,Alto,5,60.07,No,No,Vegetariano,Sí,958.320.3371,leonardwhite@example.com,Tarjeta,6681
7667919375,Karen Wilson,33.0,Femenino,Boston,Bajo,1,11.34,No,Sí,Otro,No,+1-635-983-1499x68205,ethanmontgomery@example.org,Tarjeta,883
9068129529,Melanie Brooks,20.0,Femenino,Boston,Alto,6,56.18,No,Sí,Vegetariano,Sí,,,Tarjeta,4443
3300264042,Molly Smith,18.0,Femenino,Boston,Alto,4,26.68,Sí,Sí,Vegetariano,Sí,,,Tarjeta,6245
9375661256,Sierra Finley,64.0,Femenino,Boston,Alto,5,59.48,Sí,Sí,Mariscos,No,(974)779-1131x5772,,Efectivo,6283
1567612460,Janice Elliott,46.0,Femenino,Boston,Alto,4,11.17,No,No,Vegetariano,Sí,,,Tarjeta,6043
6329023487,Jessica King,77.0,Femenino,Boston,Medio,2,14.81,Sí,Sí,Vegano,No,,,Tarjeta,2806
9551204879,James Perez,34.0,Masculino,Boston,Muy Alto,7,52.88,No,No,Vegetariano,Sí,,jessica71@example.org,Criptomoneda,16559
5271453859,Joseph Bell,31.0,Masculino,Boston,Alto,5,37.26,Sí,No,Pescado,No,,hannah48@example.com,Tarjeta,7178
6800756648,Kelly Fischer,58.0,Femenino,Boston,Muy Alto,7,44.64,Sí,Sí,Mariscos,Sí,504-588-3610x25481,tjohnson@example.net,Efectivo,17972
1578665615,Angela Wang,72.0,Femenino,Boston,Muy Alto,9,43.06,Sí,No,Mariscos,Sí,,maria16@example.net,App,15376
4154903644,Linda Washington,68.0,Femenino,Boston,Medio,5,19.0,Sí,Sí,Mariscos,No,,,Efectivo,2383
2753857965,Jennifer Daniels,44.0,Femenino,Boston,Bajo,2,13.13,Sí,Sí,Vegetariano,No,277-223-8239x116,zthomas@example.com,Tarjeta,1032
5801462032,Melissa Fuller,22.0,Femenino,Boston,Alto,4,54.71,No,No,Vegetariano,No,,,App,4596
9364254047,Donna Aguilar,76.0,Femenino,Boston,Bajo,1,10.27,Sí,No,Carnes,No,,,Criptomoneda,997
7699500243,Alexandra Kelly,65.0,Femenino,Boston,Bajo,3,13.64,No,No,Mariscos,No,,millercaleb@example.net,Efectivo,1231
2839566253,Alexa Randall,20.0,Femenino,Boston,Medio,2,5.49,No,Sí,Mariscos,No,,,Efectivo,2910
6678272594,Trevor Carroll,70.0,Masculino,Boston,Medio,2,15.65,Sí,Sí,Pescado,No,,christopherwhite@example.org,Tarjeta,2364
6765749477,Tiffany Jackson,34.0,Femenino,Boston,Alto,6,50.53,Sí,Sí,Pescado,Sí,279-481-8041,kathryngutierrez@example.org,Tarjeta,3829
2073751432,Jason Nichols,39.0,Masculino,Boston,Medio,5,15.96,Sí,No,Mariscos,Sí,,,Criptomoneda,2329
7283566543,Stephanie Cobb,68.0,Femenino,Boston,Muy Alto,9,78.01,No,No,Otro,Sí,,,Efectivo,13039
5376256767,Erin Smith,68.0,Femenino,Boston,Bajo,3,8.38,No,Sí,Otro,No,292-638-5090,edward30@example.com,Tarjeta,809
6931227872,Richard Campbell,56.0,Masculino,Boston,Muy Alto,6,94.11,No,Sí,Carnes,Sí,+1-994-812-8230x85864,,Tarjeta,14553
8682616892,Sabrina Morales,74.0,Femenino,Boston,Medio,4,16.29,No,Sí,Mariscos,Sí,,,Efectivo,2913
5115980792,Matthew Daniels,51.0,Masculino,Boston,Medio,5,33.44,Sí,No,Mariscos,No,,,Efectivo,2596
9844857980,Anthony Wright,41.0,Masculino,Boston,Alto,6,8.55,No,Sí,Mariscos,No,001-962-417-4813,,App,6218
9491131506,Derek Daniels,75.0,Masculino,Boston,Muy Alto,10,15.26,Sí,No,Mariscos,Sí,001-715-667-1051x69084,rothkatie@example.net,App,14560
4080287751,James Warner,36.0,Masculino,Boston,Medio,3,19.78,Sí,No,Vegetariano,No,994.607.5246,,App,2415
8826851692,Kimberly Levy,38.0,Femenino,Boston,Medio,4,8.41,No,No,Otro,No,,,Efectivo,2457
5371171235,Pamela Bishop,31.0,Femenino,Boston,Alto,5,21.5,No,No,Vegetariano,Sí,,taylorbryan@example.org,Tarjeta,6879
2032935094,Nicholas Barrett,46.0,Masculino,Boston,Muy Alto,7,35.25,Sí,Sí,Pescado,Sí,(722)690-1229x17584,lindseyboyle@example.net,Tarjeta,14868
6933155144,Kevin Walker,34.0,Masculino,Boston,Alto,5,55.91,No,No,Carnes,Sí,,allisonferguson@example.com,Tarjeta,8347
4064481466,Chelsea Larson,20.0,Femenino,Boston,Alto,6,35.02,No,Sí,Vegetariano,No,+1-732-269-3885x3632,,Efectivo,6252
6813847021,Kathryn Hensley,22.0,Femenino,Boston,Bajo,1,5.62,Sí,Sí,Carnes,No,253.782.5866x3333,smithkatherine@example.org,Tarjeta,1063
4823580587,Samantha Henry,78.0,Femenino,Boston,Medio,4,31.59,No,No,Vegetariano,No,852.941.5165x1127,,Tarjeta,1788
5287286126,Sharon Thompson,64.0,Femenino,Boston,Medio,3,23.21,Sí,Sí,Vegano,No,001-869-589-9120x92861,ryan67@example.org,Tarjeta,2267
7207657056,Jordan Gardner,63.0,Femenino,Boston,Alto,6,12.92,No,Sí,Mariscos,Sí,+1-609-457-8282,,Tarjeta,5794
1678266085,Adriana Harrison,59.0,Femenino,Boston,Alto,5,37.16,No,No,Vegetariano,Sí,(580)405-6672x784,,App,6522
1618405605,Nancy Turner,24.0,Femenino,Boston,Muy Alto,10,78.12,Sí,Sí,Mariscos,Sí,001-238-872-0205x77397,richardburnett@example.com,App,16940
9891631362,Calvin Ballard,33.0,Masculino,Boston,Alto,4,28.77,No,No,Vegetariano,No,921-357-3627x5947,joseph48@example.org,App,4013
5733954521,Kyle Pena,41.0,Masculino,Boston,Medio,4,27.68,No,No,Carnes,No,(885)359-1165x9484,,Tarjeta,1950
7151309139,Joseph Khan,54.0,Masculino,Boston,Medio,4,30.37,No,No,Vegetariano,No,,,Efectivo,3411
7391822205,Tracy Brown,55.0,Femenino,Boston,Medio,2,29.55,Sí,Sí,Pescado,No,482-527-4120x13949,qadams@example.com,Tarjeta,2194
8249872108,Miranda Figueroa,42.0,Femenino,Boston,Alto,6,64.49,No,Sí,Vegano,Sí,473.995.3855x3777,helenlopez@example.net,Efectivo,6666
6719736115,Melvin Rivera,42.0,Masculino,Boston,Medio,3,17.69,No,Sí,Otro,No,,allisonwhite@example.org,Efectivo,2366
7035630243,Aimee Smith,52.0,Femenino,Boston,Medio,4,26.62,Sí,No,Pescado,No,,,Efectivo,2723
8126491167,Tina Johnson,20.0,Femenino,Boston,Bajo,1,6.11,Sí,Sí,Vegetariano,No,+1-378-724-5753x08233,ryoung@example.org,Efectivo,1405
2428209183,Adam Vang,72.0,Masculino,Boston,Medio,3,6.22,No,Sí,Vegetariano,No,(655)706-5464,,App,2609
7194208236,Mark Powell,50.0,Masculino,Boston,Alto,6,43.25,No,No,Carnes,Sí,753.451.0109x154,saradennis@example.org,App,8634
2627266504,Samuel Cabrera,35.0,Masculino,Boston,Alto,5,24.25,Sí,Sí,Mariscos,Sí,(955)849-9167x0038,thomassimpson@example.com,App,8300
5899025962,Nancy Hernandez,64.0,Femenino,Boston,Bajo,2,10.94,No,Sí,Otro,No,,,App,1353
4318784172,Douglas Byrd,47.0,Masculino,Boston,Bajo,1,6.6,No,Sí,Vegetariano,No,,,App,1053
1641327636,Daniel Acosta,72.0,Masculino,Boston,Bajo,2,11.58,Sí,No,Vegetariano,No,,,App,1479
9976363523,Jennifer Yates,20.0,Femenino,Boston,Medio,3,19.04,Sí,Sí,Vegetariano,No,792-730-2055,michaelmoore@example.com,Efectivo,2614
7935456737,Andrew Jenkins,57.0,Masculino,Boston,Alto,6,34.62,No,Sí,Pescado,No,(223)757-6764,,App,3880
1681506405,Amanda Taylor,38.0,Femenino,Boston,Muy Alto,6,10.72,Sí,Sí,Pescado,Sí,691-498-4621,,Efectivo,14341
3305954567,Sara Weaver,60.0,Femenino,Boston,Medio,2,20.68,Sí,Sí,Carnes,No,6843587432,simmonssandra@example.net,Tarjeta,2435
8194652984,Heather Luna,74.0,Femenino,Boston,Alto,5,9.44,Sí,Sí,Pescado,Sí,809-500-2214x65325,,Criptomoneda,6159
6110646714,Amy Mcguire,36.0,Femenino,Boston,Muy Alto,7,22.26,Sí,Sí,Pescado,Sí,7152048649,,Efectivo,11051
7872088960,Brian Jimenez,29.0,Masculino,Boston,Bajo,1,14.79,No,No,Carnes,No,,,App,1084
1229657132,Anna Carter,55.0,Femenino,Boston,Medio,5,20.74,Sí,Sí,Pescado,Sí,+1-460-311-0556x28841,antonio14@example.org,Tarjeta,1747
3677116516,Shelley Hart,58.0,Femenino,Boston,Alto,5,28.21,Sí,Sí,Pescado,Sí,(871)839-3339x5679,mlynch@example.com,Efectivo,5399
2394798223,Sarah Huerta,68.0,Femenino,Boston,Muy Alto,6,83.71,No,Sí,Vegetariano,Sí,600.696.4055,johnnylambert@example.com,Tarjeta,10679
7092626394,David Cooper,75.0,Masculino,Boston,Muy Alto,10,75.44,Sí,No,Otro,Sí,8735986484,,Efectivo,13635
8984473676,Savannah Daniels,32.0,Femenino,Boston,Bajo,2,11.4,Sí,Sí,Pescado,No,486-571-5084x701,,Tarjeta,1277
1495338179,Dennis Walker,60.0,Masculino,Boston,Alto,4,39.21,Sí,Sí,Carnes,Sí,(912)377-0940x9175,tracymorris@example.net,Tarjeta,7743
3743975564,Ashley Norton,44.0,Femenino,Boston,Alto,4,34.82,No,Sí,Vegetariano,No,,,Efectivo,5641
3451514991,Matthew Hall,28.0,Masculino,Boston,Medio,3,33.39,Sí,Sí,Vegetariano,No,864.943.6536x78047,,Tarjeta,2946
6160832745,Heather Delacruz,53.0,Femenino,Boston,Bajo,2,13.6,Sí,No,Otro,No,(720)697-9436x9570,,Efectivo,1210
7494378837,Lisa Keith,51.0,Femenino,Boston,Medio,3,34.31,Sí,Sí,Vegetariano,No,(686)802-9931,,Efectivo,2871
1379402499,Michael Ibarra,57.0,Masculino,Boston,Muy Alto,8,98.65,No,Sí,Pescado,Sí,(969)763-8490x400,ddaugherty@example.com,Tarjeta,14644
1794944308,Monica Morrow,75.0,Femenino,Boston,Medio,5,9.37,No,Sí,Vegano,No,687-880-0864,,Tarjeta,3233
8233574509,Scott Barber,23.0,Masculino,Boston,Bajo,2,13.1,No,Sí,Vegetariano,No,,crawfordryan@example.net,App,879
9121764920,Angie King,37.0,Femenino,Boston,Muy Alto,10,8.18,Sí,Sí,Carnes,Sí,773.753.4940x59395,,App,13250
9649909557,Alan Bailey,64.0,Masculino,Boston,Alto,6,31.81,No,Sí,Mariscos,No,(642)843-3021,,Efectivo,6660
7029617230,William Munoz,27.0,Masculino,Boston,Medio,5,29.68,Sí,Sí,Vegetariano,No,(893)361-0211x779,wilsonjane@example.org,Criptomoneda,3305
3148453796,Charles Matthews,53.0,Masculino,Boston,Bajo,3,5.78,Sí,No,Pescado,No,,gcollins@example.com,App,1250
9730103138,Vincent Cruz,21.0,Masculino,Boston,Alto,5,34.19,Sí,Sí,Vegetariano,Sí,001-292-728-1345,gregoryortega@example.net,Efectivo,5086
8819341163,Maria Aguirre,47.0,Femenino,Boston,Medio,2,24.06,Sí,Sí,Vegetariano,No,(687)944-1170,,Efectivo,2643
9399791654,Heather Larsen,25.0,Femenino,Boston,Bajo,3,12.8,Sí,Sí,Vegetariano,No,+1-722-746-0458x25382,,App,1263
2595711222,Kathryn Wright,72.0,Femenino,Boston,Bajo,2,11.84,Sí,Sí,Mariscos,No,4723399912,karenallen@example.com,Tarjeta,1437
9140362371,Paul Solis,73.0,Masculino,Boston,Muy Alto,9,65.24,Sí,Sí,Carnes,Sí,498.815.2756,leepetersen@example.org,Efectivo,15020
7035080212,Scott Green,78.0,Masculino,Boston,Medio,2,26.87,No,Sí,Pescado,No,8616234358,dterry@example.net,Tarjeta,2628
1471184735,Tammie Rogers,64.0,Femenino,Boston,Medio,5,25.36,No,Sí,Mariscos,Sí,340.921.1254x857,abigail21@example.net,Efectivo,2381
5000316394,Caroline Dominguez,42.0,Femenino,Boston,Muy Alto,7,86.49,No,No,Vegetariano,Sí,(579)370-9202x862,,Efectivo,15628
7243599738,Jennifer Rodriguez,40.0,Femenino,Boston,Alto,6,37.62,Sí,No,Vegano,Sí,864.549.5842x87921,xsingleton@example.com,Tarjeta,7306
5189610037,Diana Cameron,41.0,Femenino,Boston,Muy Alto,9,37.28,No,No,Vegetariano,Sí,,,Efectivo,15984
3631201050,Alex Henry,39.0,Masculino,Boston,Muy Alto,7,53.16,No,Sí,Mariscos,Sí,,,Tarjeta,17002
6392476150,Alexander Stevens,76.0,Masculino,Boston,Bajo,3,13.45,Sí,No,Carnes,No,428-334-2702x6673,,Efectivo,1535
3537309627,Scott Marshall,75.0,Masculino,Boston,Muy Alto,6,92.04,No,Sí,Vegetariano,Sí,001-477-784-4540x547,,Tarjeta,15626
5118043978,Maria Allen,35.0,Femenino,Boston,Alto,4,41.93,No,Sí,Carnes,Sí,(489)745-7116x3606,joyroberts@example.net,Efectivo,7960
8016131033,Felicia Patterson,28.0,Femenino,Boston,Medio,4,19.44,No,No,Carnes,No,,jasonzamora@example.org,Tarjeta,2913
3092479645,Samantha Zimmerman,55.0,Femenino,Boston,Bajo,3,12.79,No,Sí,Pescado,No,001-657-320-9362x449,eryan@example.net,App,890
7378883336,Stephen Ramirez,23.0,Masculino,Boston,Medio,3,17.03,Sí,Sí,Mariscos,Sí,370-347-4546x2287,,Efectivo,2625
4394298135,Rachel Allen,52.0,Femenino,Boston,Alto,5,46.64,Sí,No,Vegetariano,Sí,+1-327-399-8090,,App,8658
3290435802,Karina Moreno,77.0,Femenino,Boston,Alto,6,33.42,No,Sí,Vegetariano,Sí,713.229.1064x042,cjohnson@example.org,Tarjeta,4207
4486203607,Deborah Reid,38.0,Femenino,Boston,Bajo,3,6.24,Sí,Sí,Pescado,No,,,Efectivo,932
9202298851,Jacqueline Swanson,58.0,Femenino,Boston,Muy Alto,7,77.94,No,Sí,Carnes,Sí,,devon19@example.org,Efectivo,11448
8150791910,Erin Gray,72.0,Femenino,Boston,Alto,4,19.41,Sí,No,Vegetariano,Sí,,,Tarjeta,4662
8816720283,Teresa Davidson,23.0,Femenino,Boston,Medio,3,18.16,Sí,Sí,Mariscos,No,789.498.9619x85706,,Criptomoneda,3118
4484673017,Alice Blake,25.0,Femenino,Boston,Alto,5,5.71,No,Sí,Carnes,Sí,,,App,6225
1834105458,Stacy Dennis,42.0,Femenino,Boston,Alto,4,21.31,Sí,No,Vegetariano,Sí,,uevans@example.org,Efectivo,6472
1422131286,Amy Woodard,67.0,Femenino,Boston,Muy Alto,7,68.88,No,Sí,Carnes,Sí,(339)334-2750,mendozazachary@example.com,Efectivo,10000
5014401042,Michelle Bryan,34.0,Femenino,Boston,Medio,3,7.35,Sí,No,Mariscos,No,,yalvarado@example.org,App,3483
3371747118,Holly Mcclain,68.0,Femenino,Boston,Medio,4,28.82,Sí,Sí,Carnes,No,,,Efectivo,2508
3500134621,Isaiah Mccoy,51.0,Masculino,Boston,Medio,2,19.86,No,Sí,Carnes,No,229.356.8176x902,,Efectivo,3407
9724322730,Traci Jackson,63.0,Femenino,Boston,Alto,4,55.67,Sí,Sí,Otro,No,,johnny63@example.org,App,5449
6569704411,Madison Gordon,50.0,Femenino,Boston,Alto,5,57.58,No,Sí,Vegetariano,Sí,(874)517-2185x02142,bryan41@example.com,Tarjeta,6911
7363729239,Ryan Donovan,37.0,Masculino,Boston,Medio,2,25.23,No,Sí,Carnes,No,621.919.8033,goodmanbrittany@example.com,Criptomoneda,2026
5493341376,Jose Kelly,50.0,Masculino,Boston,Bajo,1,12.94,Sí,Sí,Pescado,No,,,Efectivo,1394
9793804393,Colleen Nguyen,35.0,Femenino,Boston,Medio,3,27.11,No,Sí,Vegetariano,No,,,Efectivo,2474
6208403262,Jeremy Montoya,60.0,Masculino,Boston,Bajo,1,8.15,No,Sí,Otro,No,+1-675-561-1725,swheeler@example.net,Tarjeta,1543
4750076818,Kenneth Holt,36.0,Masculino,Boston,Alto,6,9.73,No,No,Mariscos,No,(444)865-5914,,Efectivo,6301
1376783911,Katherine White,46.0,Femenino,Boston,Alto,4,19.89,Sí,Sí,Pescado,No,,loretta41@example.org,App,7337
4900941556,Julie Hancock,32.0,Femenino,Boston,Medio,2,21.72,Sí,No,Mariscos,No,001-502-851-6611,pennyblack@example.org,Criptomoneda,3111
3067697957,Justin Cole,55.0,Masculino,Boston,Medio,5,12.12,No,No,Carnes,No,,,Efectivo,2653
8404088483,Robert Lee,24.0,Masculino,Boston,Bajo,2,8.99,Sí,Sí,Pescado,No,(620)429-6269x6042,,Efectivo,1410
9738917005,Mark Wilson,34.0,Masculino,Boston,Muy Alto,7,36.14,Sí,No,Carnes,Sí,,,App,16749
8410598437,Amy Hernandez,52.0,Femenino,Boston,Medio,4,14.38,No,Sí,Mariscos,No,,,Tarjeta,2450
6886441790,Thomas Wood,65.0,Masculino,Boston,Alto,5,37.15,Sí,No,Vegetariano,No,,,Efectivo,5514
8560673214,Jason Kennedy,59.0,Masculino,Boston,Bajo,2,13.41,No,Sí,Pescado,No,(805)902-4915,callahantammy@example.com,Efectivo,1566
6513069182,Melinda Wagner,43.0,Femenino,Boston,Muy Alto,7,25.27,No,Sí,Vegano,Sí,+1-248-838-2489x965,,Efectivo,16531
4598575385,Robert Nielsen,78.0,Masculino,Boston,Medio,3,16.43,No,No,Mariscos,No,,,Efectivo,3190
9183270055,Rodney Taylor,47.0,Masculino,Boston,Muy Alto,7,29.29,Sí,No,Vegetariano,Sí,001-560-748-3531,,Efectivo,17657
8398865882,Shannon Chambers,79.0,Femenino,Boston,Muy Alto,9,43.43,No,No,Mariscos,Sí,,fdyer@example.org,Efectivo,16292
5252072182,Anthony Watson,77.0,Masculino,Boston,Bajo,2,7.25,Sí,No,Vegetariano,No,,agilbert@example.org,App,1093
5331039792,Jason Villegas,23.0,Masculino,Boston,Muy Alto,7,51.37,No,No,Vegetariano,Sí,462.441.6680x4527,,Tarjeta,15040
3512990442,Steven Cook,35.0,Masculino,Boston,Medio,4,25.84,No,Sí,Carnes,No,,,Efectivo,2584
9504425660,Jodi Morgan,34.0,Femenino,Boston,Muy Alto,8,94.56,Sí,Sí,Pescado,Sí,,hcarson@example.com,Tarjeta,14224
7852018642,Savannah White,78.0,Femenino,Boston,Medio,4,28.57,Sí,No,Vegetariano,No,+1-915-649-5774x7012,,Efectivo,3241
4605605288,Jennifer Green,22.0,Femenino,Boston,Muy Alto,7,46.33,Sí,Sí,Carnes,Sí,,,Efectivo,9881
1380639526,Manuel Rodriguez,73.0,Masculino,Boston,Medio,4,11.68,Sí,Sí,Vegetariano,No,404-509-1705x40161,,App,1886
8264535316,Sara Jones,72.0,Femenino,Boston,Alto,4,30.64,Sí,Sí,Carnes,Sí,+1-846-278-1431x94596,johnbarnes@example.com,Tarjeta,3871
1402658633,Mark Martinez,55.0,Masculino,Boston,Alto,5,32.59,No,Sí,Vegetariano,No,7453019200,melissa05@example.net,Efectivo,7493
6378080573,Lauren Soto,20.0,Femenino,Boston,Bajo,1,7.65,Sí,Sí,Vegetariano,No,,jeffreymorrow@example.org,Efectivo,1306
3163970710,Sherri Morgan,77.0,Femenino,Boston,Medio,3,14.87,No,No,Vegetariano,No,,,Efectivo,2186
4056206421,Dominique Rivera,29.0,Femenino,Boston,Bajo,3,5.19,No,Sí,Carnes,No,203-890-4426x48517,robertsonamy@example.net,Efectivo,1378
8336898091,Alan Ramsey,64.0,Masculino,Boston,Bajo,2,6.85,No,Sí,Pescado,No,4065444958,christina16@example.com,App,1461
8556682588,Dana Bryant,56.0,Femenino,Boston,Alto,6,40.35,No,Sí,Vegetariano,Sí,403-309-0352x348,rebecca73@example.net,Tarjeta,8999
1398727696,Austin Cox,74.0,Masculino,Boston,Medio,3,14.72,No,No,Pescado,No,001-703-791-2616x882,rodneynorton@example.net,Efectivo,3358
5604919596,Elizabeth Perez,20.0,Femenino,Boston,Muy Alto,9,88.86,Sí,Sí,Carnes,Sí,,bvaughn@example.com,Efectivo,12035
3281679094,Kristina Flynn,39.0,Femenino,Boston,Alto,4,12.36,No,No,Vegetariano,Sí,305.435.8285,alvarezjoshua@example.net,Efectivo,4333
8730901318,Melissa Schmidt,75.0,Femenino,Boston,Medio,4,29.94,No,Sí,Pescado,No,(981)701-9861x8436,,Efectivo,1889
7406265745,Keith Hines,40.0,Masculino,Boston,Alto,6,11.02,Sí,Sí,Otro,No,,frazierjeffrey@example.net,Efectivo,8691
1783432867,Daniel Olson,25.0,Masculino,Boston,Muy Alto,10,5.57,No,Sí,Vegetariano,No,001-505-317-8401x81903,andersonedward@example.com,Tarjeta,16799
7958830299,Kimberly Franklin,36.0,Femenino,Boston,Muy Alto,5,103.61,No,Sí,Vegetariano,No,,,Efectivo,15523
5047768964,Nicholas Martinez,20.0,Masculino,Boston,Muy Alto,5,47.27,No,Sí,Vegano,Sí,,,Efectivo,15018
2006007814,Justin Morris,54.0,Masculino,Boston,Medio,2,13.12,Sí,Sí,Otro,No,,marissamorgan@example.org,App,1902
3201828849,Peter Guerra,43.0,Masculino,Boston,Muy Alto,9,52.95,No,No,Vegano,Sí,3907020834,,Tarjeta,10933
3531085184,Jay Hughes,41.0,Masculino,Boston,Bajo,2,11.91,Sí,No,Mariscos,No,896-912-4603,cholt@example.net,Tarjeta,1439
9530862812,Duane Gilbert,36.0,Masculino,Boston,Alto,5,23.9,No,No,Vegetariano,Sí,3074810118,,Efectivo,3980
9655677297,Jonathan Jones,35.0,Masculino,Boston,Muy Alto,5,8.6,No,No,Vegetariano,Sí,+1-711-785-1296x596,,Tarjeta,9276
9148808223,Julie Lewis,50.0,Femenino,Boston,Medio,2,7.65,No,No,Pescado,No,,,Tarjeta,2401
8677457907,Michele Pittman,33.0,Femenino,Boston,Alto,6,54.4,Sí,No,Vegetariano,No,,kellyalan@example.com,App,3943
2604700373,Desiree Smith,62.0,Femenino,Boston,Medio,2,34.45,No,Sí,Mariscos,Sí,258-344-7101,donaldadams@example.com,Efectivo,2576
9864217656,Bryan Murphy,57.0,Masculino,Boston,Alto,4,49.87,No,Sí,Vegetariano,Sí,2897180279,hopkinsjeremy@example.org,Efectivo,6278
1246771915,John Burns,65.0,Masculino,Boston,Bajo,1,7.69,Sí,No,Vegano,No,,jennifer26@example.com,Efectivo,1534
2374813735,Susan Lynn,21.0,Femenino,Boston,Alto,6,55.99,Sí,Sí,Carnes,No,001-315-426-1226x150,rodriguezvirginia@example.org,App,6604
3858798107,Nancy Brown,63.0,Femenino,Boston,Alto,5,27.51,No,Sí,Vegetariano,Sí,(732)580-5188x9767,,Efectivo,4451
7405856143,Brianna Bell,37.0,Femenino,Boston,Medio,2,31.36,Sí,No,Otro,Sí,,victoria56@example.org,Efectivo,3346
3269738524,Rebecca Porter,52.0,Femenino,Boston,Muy Alto,6,15.15,Sí,No,Carnes,Sí,,,Efectivo,9840
5708063733,Rodney Gibson,74.0,Masculino,Boston,Alto,5,49.74,No,No,Pescado,No,+1-651-975-7785x22585,curtisjoseph@example.org,Tarjeta,4389
4939447721,Joshua Eaton,56.0,Masculino,Boston,Muy Alto,6,26.81,Sí,Sí,Otro,Sí,001-727-661-1544x56811,arosales@example.org,Tarjeta,14149
5982744929,Kelly Lawrence,55.0,Femenino,Boston,Medio,3,31.37,No,Sí,Vegetariano,No,(914)653-4489,michaelnorris@example.com,App,1639
8574837940,Jerry Chen,50.0,Masculino,Boston,Alto,5,24.29,No,Sí,Pescado,No,715-660-9445,jamie30@example.com,App,6825
3127544262,Desiree Kaiser,69.0,Femenino,Boston,Alto,5,51.15,Sí,Sí,Carnes,Sí,,,Efectivo,4249
7955660868,Sarah Obrien,80.0,Femenino,Boston,Bajo,3,10.41,Sí,No,Vegetariano,No,,,Tarjeta,1139
5637176934,Daniel Reid,68.0,Masculino,Boston,Medio,4,8.72,No,Sí,Carnes,Sí,,drichardson@example.net,Efectivo,2682
2970427638,Alexis Strickland,20.0,Masculino,Boston,Alto,4,43.48,No,Sí,Otro,Sí,,codyrobinson@example.com,Tarjeta,5596
5396882521,Cory Sharp,24.0,Masculino,Boston,Alto,6,29.32,Sí,No,Pescado,Sí,,jason73@example.com,Efectivo,6037
4074109962,Michelle Rogers,42.0,Femenino,Boston,Muy Alto,7,97.33,No,No,Otro,No,506.442.7185,velazquezjoseph@example.com,Efectivo,14802
2687738937,Patrick Armstrong,78.0,Masculino,Boston,Alto,5,52.13,No,Sí,Vegetariano,Sí,+1-250-314-4424x67787,,Efectivo,8175
4682460683,Christopher Moon,18.0,Masculino,Boston,Alto,4,20.48,Sí,Sí,Pescado,Sí,,victoria68@example.com,Tarjeta,4442
8500107624,Eric Acevedo,77.0,Masculino,Boston,Muy Alto,10,35.39,Sí,No,Vegetariano,Sí,301.907.2755,youngwendy@example.net,Efectivo,17649
7623242143,Jessica Miller,79.0,Femenino,Boston,Muy Alto,5,15.89,No,Sí,Vegetariano,Sí,,,Tarjeta,13993
7269929380,Laura Kane,61.0,Femenino,Boston,Alto,6,43.89,No,Sí,Carnes,Sí,,parksyvette@example.org,App,8628
6549535924,Abigail Wheeler,48.0,Femenino,Boston,Alto,5,28.62,No,Sí,Carnes,No,,rallen@example.org,Efectivo,7630
5487005922,Dustin Thompson,62.0,Masculino,Boston,Alto,6,33.04,Sí,Sí,Vegetariano,No,,,Efectivo,8916
2696934208,Mark Logan,21.0,Masculino,Boston,Alto,6,43.37,No,Sí,Mariscos,Sí,789.608.3183,wesleyallen@example.com,Criptomoneda,7177
2293997583,Perry Long,43.0,Masculino,Boston,Alto,6,37.86,No,No,Otro,No,533-359-8510,ktran@example.com,Tarjeta,6108
8085089452,Melissa Miller,40.0,Femenino,Boston,Medio,5,18.25,Sí,No,Carnes,No,,,Efectivo,2962
4248273252,Jesus Moore,36.0,Masculino,Boston,Bajo,1,8.76,Sí,Sí,Vegano,No,(522)374-1419x9246,duncanemily@example.com,Efectivo,1058
1145369562,Samuel Bonilla,68.0,Masculino,Boston,Alto,6,52.4,No,Sí,Otro,Sí,,,Efectivo,6674
1485852193,Kimberly Moore,55.0,Femenino,Boston,Medio,4,8.2,Sí,Sí,Vegetariano,No,358.485.7936x2015,andre29@example.com,App,2240
9743665547,Jocelyn Lee,20.0,Femenino,Boston,Medio,2,30.22,Sí,Sí,Carnes,No,919-849-0086,,Tarjeta,2595
4041530477,Eric Bullock,72.0,Masculino,Boston,Alto,4,25.72,Sí,Sí,Vegano,No,,xschmidt@example.net,Efectivo,8053
7591151625,Shelby Carroll,22.0,Femenino,Boston,Alto,5,5.9,No,Sí,Vegano,Sí,,michael30@example.net,Efectivo,5723
5691145512,Stephanie Taylor,40.0,Femenino,Boston,Medio,2,7.77,No,No,Pescado,No,,parksvalerie@example.org,Efectivo,3282
4694669911,Karen Sanford,34.0,Femenino,Boston,Medio,4,14.93,No,No,Vegetariano,No,575-439-7554,,App,2151
2168709536,Justin Woods,29.0,Masculino,Boston,Alto,6,52.34,Sí,Sí,Vegetariano,Sí,,rachel82@example.com,Efectivo,6420
4897601378,Tyler Williamson,58.0,Masculino,Boston,Medio,3,11.5,No,Sí,Vegetariano,No,,cheryl19@example.org,Efectivo,3496
2641495985,Richard Dickerson,43.0,Masculino,Boston,Bajo,2,13.25,Sí,No,Vegetariano,No,999.308.7092x681,jesse38@example.com,App,1030
7759218405,Jennifer Hughes,72.0,Femenino,Boston,Medio,5,24.56,Sí,Sí,Vegetariano,No,958-705-7611,lamalexandra@example.com,Efectivo,3247
1535559599,Christian Nunez,60.0,Masculino,Boston,Medio,2,7.61,Sí,Sí,Mariscos,No,(910)256-2255x968,,Efectivo,2045
7653005704,John Pope,47.0,Masculino,Boston,Alto,5,20.29,Sí,No,Vegetariano,Sí,347.595.4607x133,pwinters@example.org,Efectivo,6901
9493876887,Erin Snow,41.0,Femenino,Boston,Medio,3,26.18,Sí,No,Vegano,Sí,,,Tarjeta,2332
6369199281,Jerry Cain,68.0,Masculino,Boston,Bajo,1,10.29,Sí,No,Vegetariano,No,316-766-2821x337,lisabenson@example.net,Tarjeta,810
2811747892,Eric Stone,27.0,Masculino,Boston,Alto,4,39.93,Sí,Sí,Mariscos,No,,jamesgilbert@example.com,Efectivo,7820
5421592782,Cameron Riddle,71.0,Masculino,Boston,Medio,5,27.42,Sí,No,Carnes,No,,orozcobradley@example.com,Efectivo,3231
1354378489,Patrick Wilcox,52.0,Masculino,Boston,Muy Alto,5,45.34,No,No,Vegetariano,Sí,,,Tarjeta,17293
6223898226,Lindsey Colon,21.0,Femenino,Boston,Medio,4,15.24,Sí,No,Carnes,No,,rasmussenkathleen@example.org,App,3408
8025152555,Justin Ortiz,48.0,Masculino,Boston,Muy Alto,5,21.69,Sí,No,Vegetariano,Sí,559-774-7354,,Efectivo,17175
8823677798,Tracy Christian,75.0,Femenino,Boston,Bajo,3,8.4,No,No,Vegetariano,No,873-631-0678,heidi66@example.org,App,1256
6943710665,Eric Arroyo,51.0,Masculino,Boston,Alto,4,62.15,Sí,No,Carnes,No,735.358.9827,judywilson@example.com,App,6555
7407130437,Emily Pierce,67.0,Femenino,Boston,Alto,6,46.49,No,Sí,Vegetariano,Sí,001-503-708-1203,anthony97@example.net,Efectivo,5225
2879792991,Anthony Sullivan,,Masculino,Boston,Muy Alto,8,34.45,No,No,Otro,Sí,,,Efectivo,17416
8007402185,Matthew Smith,39.0,Masculino,Boston,Medio,3,21.8,No,Sí,Vegetariano,No,,karacurtis@example.org,Efectivo,2130
9577675657,Karen Peterson,69.0,Femenino,Boston,Bajo,2,7.65,No,No,Vegetariano,No,,,Tarjeta,1440
7745950161,Shelby Miller,57.0,Femenino,Boston,Muy Alto,9,10.59,Sí,No,Mariscos,Sí,,dylancummings@example.org,App,10522
5628146210,Charles Delgado,60.0,Masculino,Boston,Bajo,1,7.98,No,No,Carnes,No,,,Tarjeta,1047
2481455017,Tina Le,47.0,Femenino,Boston,Alto,4,56.55,Sí,Sí,Mariscos,No,,tclark@example.org,Efectivo,8548
9455197901,Tiffany Reid,41.0,Femenino,Boston,Alto,4,48.7,No,No,Pescado,No,8493005693,sonia25@example.net,Tarjeta,3600
5949804605,Jennifer Pollard,49.0,Femenino,Boston,Medio,4,34.46,No,Sí,Carnes,No,414.331.7297x5831,,Efectivo,2109
5001077592,Julia Evans,58.0,Femenino,Boston,Medio,3,12.73,Sí,Sí,Pescado,No,,carpenterkatelyn@example.org,Efectivo,1687
1415932585,Luis Hernandez,72.0,Masculino,Boston,Medio,4,19.35,Sí,No,Vegetariano,No,530.798.4902x247,,App,2005
5005840373,Anthony Cox,24.0,Masculino,Boston,Bajo,1,13.01,No,Sí,Mariscos,No,(384)916-9584,,Tarjeta,1041
3649981229,Jerry Marquez,53.0,Masculino,Boston,Alto,4,32.44,Sí,Sí,Vegetariano,Sí,914-217-4103x7015,qstanton@example.net,App,5738
2006451779,Frederick Anderson,50.0,Masculino,Boston,Bajo,1,9.15,Sí,No,Vegetariano,No,,,App,1475
6630671808,Michele Barr,58.0,Femenino,Boston,Bajo,2,7.16,Sí,Sí,Vegano,No,,,App,841
4718954345,Tammy Landry,32.0,Femenino,Boston,Bajo,3,6.92,Sí,Sí,Mariscos,No,,,Efectivo,1536
5049230903,Misty Powell,34.0,Femenino,Boston,Muy Alto,10,89.12,Sí,Sí,Otro,Sí,,isaac30@example.net,Efectivo,11634
5102115390,Austin Moore,75.0,Masculino,Boston,Medio,4,30.15,Sí,No,Vegetariano,Sí,282-879-8517,,App,2862
6734252303,Holly Torres,24.0,Femenino,Boston,Medio,4,19.01,Sí,No,Mariscos,No,,,App,3006
9078430211,William Potts,51.0,Masculino,Boston,Bajo,3,13.44,Sí,No,Vegano,No,001-929-841-1400x79702,,Tarjeta,1312
6383802605,Janet Durham,35.0,Femenino,Boston,Muy Alto,8,94.42,Sí,Sí,Mariscos,Sí,6744109788,,App,14604
7638970971,Jacob Anderson,38.0,Masculino,Boston,Bajo,1,6.14,Sí,No,Carnes,No,,,App,941
2788007547,Melissa Perry,78.0,Femenino,Boston,Alto,4,48.7,No,Sí,Pescado,Sí,,laura45@example.com,Tarjeta,6893
9423826095,Kayla Schwartz,70.0,Femenino,Boston,Medio,2,23.91,No,Sí,Vegetariano,No,+1-328-831-0990x407,burgessjames@example.net,Efectivo,3003
8613098877,Andrea Myers,44.0,Femenino,Boston,Medio,3,34.13,No,No,Mariscos,No,364.410.1184x9513,,App,1830
2948526738,Ann Conley,76.0,Femenino,Boston,Alto,5,53.14,No,No,Vegano,Sí,,,Efectivo,6691
7422035025,Christopher Carter,38.0,Masculino,Boston,Alto,4,50.59,No,No,Vegetariano,Sí,,sanderson@example.org,Tarjeta,8418
3338452199,Debra Long,33.0,Femenino,Boston,Muy Alto,9,104.26,Sí,Sí,Vegetariano,Sí,,wwilliams@example.com,Efectivo,13639
9750714819,Matthew Stewart,34.0,Masculino,Boston,Medio,4,17.2,No,No,Carnes,No,+1-964-319-8189x895,srussell@example.com,Efectivo,2810
7024482103,Sarah Ramirez,44.0,Femenino,Boston,Medio,2,32.98,No,No,Vegetariano,No,(634)679-0688x9959,,Tarjeta,2301
7693167380,Christopher Martin,47.0,Masculino,Boston,Alto,5,20.91,No,No,Otro,No,680-403-9548x9550,brandyanderson@example.org,Tarjeta,5799
4023338969,Carmen Lopez,28.0,Femenino,Boston,Alto,5,8.84,No,Sí,Carnes,No,,,Efectivo,5715
2479833057,Angel Snyder,44.0,Femenino,Boston,Alto,6,24.47,No,Sí,Carnes,Sí,(551)710-3127,,Efectivo,6268
2601269241,Jessica Anderson,60.0,Femenino,Boston,Alto,6,32.85,No,Sí,Vegetariano,Sí,,fieldspaula@example.com,Efectivo,6943
5119022697,William Davis,74.0,Masculino,Boston,Bajo,3,13.19,Sí,Sí,Vegetariano,No,,nashjames@example.org,Efectivo,1356
9302915434,Karen Hart,67.0,Femenino,Boston,Alto,5,14.77,No,No,Carnes,Sí,,gabrielknight@example.org,App,7984
6914185421,Michael Hunt,74.0,Masculino,Boston,Bajo,3,8.01,No,No,Vegano,No,,smithmichael@example.net,Tarjeta,1365
5062025447,Lisa Daniels,36.0,Femenino,Boston,Alto,6,37.63,Sí,Sí,Carnes,No,001-724-632-1191x31292,ruthkidd@example.org,App,5343
1059596634,Tammy Jackson,44.0,Femenino,Boston,Alto,5,57.24,Sí,No,Otro,No,,yponce@example.net,Efectivo,6090
1647437685,Robert Williamson,72.0,Masculino,Boston,Alto,5,34.52,Sí,No,Otro,Sí,970.307.9630,othomas@example.com,Efectivo,7871
3755944496,Lisa Charles,22.0,Femenino,Boston,Muy Alto,8,24.68,No,No,Mariscos,Sí,,,Tarjeta,14999
6718758028,Amanda Anderson,43.0,Femenino,Boston,Muy Alto,5,41.63,Sí,Sí,Vegetariano,Sí,,,Tarjeta,10043
3399352393,Sandra Webster,44.0,Femenino,Boston,Alto,5,63.61,Sí,Sí,Mariscos,Sí,+1-724-806-4973x96764,cliffordpotter@example.net,Efectivo,5874
7129500003,Kevin Guerra,46.0,Masculino,Boston,Alto,6,8.26,Sí,No,Mariscos,Sí,351-428-3357,jenniferknight@example.org,Efectivo,6718
7041771893,Cynthia Galvan,47.0,Femenino,Boston,Muy Alto,6,10.89,No,Sí,Carnes,Sí,573-802-9732x1771,edgarwright@example.com,Tarjeta,15364
2448749090,Jerome Johnson,46.0,Masculino,Boston,Alto,6,54.6,No,No,Carnes,Sí,773-988-3452x8172,,Tarjeta,8976
1402514514,Jessica Smith,20.0,Femenino,Boston,Medio,2,8.55,No,Sí,Otro,No,001-515-318-7028x00359,,Efectivo,2933
1241730774,Megan Johnson,25.0,Femenino,Boston,Alto,5,33.07,No,Sí,Vegetariano,Sí,784.457.1231,whenderson@example.net,Efectivo,3627
4344885309,Elizabeth Adams,45.0,Femenino,Boston,Medio,5,8.4,Sí,No,Vegetariano,No,,,Efectivo,1949
7227066008,David Ball,53.0,Masculino,Boston,Muy Alto,7,82.22,Sí,No,Vegetariano,Sí,,,Tarjeta,11594
3317856944,Darius Miller,22.0,Masculino,Boston,Bajo,3,13.97,Sí,Sí,Carnes,No,,mendezmichelle@example.com,Tarjeta,1437
7204283814,Maria Kennedy,63.0,Femenino,Boston,Medio,2,22.31,Sí,Sí,Mariscos,No,+1-682-247-2394,,Efectivo,2275
1422820566,Brittany Rodriguez,72.0,Femenino,Boston,Bajo,3,13.81,Sí,No,Vegano,No,+1-569-558-0770x60439,qgonzales@example.org,Tarjeta,1434
1070867819,Anthony Lawson,18.0,Masculino,Boston,Alto,6,41.04,No,Sí,Mariscos,Sí,,,Efectivo,6098
1799718923,Kelli Harris,42.0,Femenino,Boston,Muy Alto,6,70.56,Sí,No,Vegetariano,Sí,001-250-994-5443x012,jimenezjulie@example.org,Tarjeta,14383
6499356817,Melinda Gordon,39.0,Femenino,Boston,Medio,5,8.36,Sí,Sí,Mariscos,No,570-678-4178,,Efectivo,3023
2952011578,Tyler Torres,77.0,Masculino,Boston,Alto,5,60.31,No,No,Vegetariano,Sí,248-823-4467x6917,,Tarjeta,4099
8978311675,Matthew Shepherd,38.0,Masculino,Boston,Alto,6,39.23,Sí,No,Vegetariano,Sí,400-720-8496x089,jrussell@example.com,Efectivo,7667
6402440266,John Miller,63.0,Masculino,Boston,Alto,5,7.89,Sí,Sí,Otro,No,,,Efectivo,7529
1908727131,Eric Rangel,47.0,Masculino,Boston,Alto,4,48.05,No,No,Mariscos,Sí,,,App,5101
5143128978,Anthony Castro,39.0,Masculino,Boston,Medio,3,14.66,No,Sí,Vegetariano,No,969.625.4283,,Efectivo,1751
8196840339,Matthew Morse,22.0,Masculino,Boston,Alto,5,26.68,No,Sí,Vegetariano,No,967-430-3027x29605,sandra50@example.net,Tarjeta,6464
7161141301,Chelsey Martin,37.0,Femenino,Boston,Alto,4,28.08,Sí,No,Mariscos,Sí,,ycastillo@example.com,App,4100
3518693203,Sharon Dunn,50.0,Femenino,Boston,Medio,5,7.39,Sí,Sí,Carnes,No,,,Efectivo,1982
9504138989,Anthony Holt,75.0,Masculino,Boston,Muy Alto,8,41.5,Sí,No,Mariscos,Sí,,kellercharles@example.net,Efectivo,10780
3991519044,Alyssa Holland,50.0,Femenino,Boston,Muy Alto,10,102.36,Sí,No,Mariscos,Sí,521-928-8109,tiffanygarcia@example.com,App,16803
8312603168,Savannah Brown,22.0,Femenino,Boston,Muy Alto,7,90.74,Sí,Sí,Vegetariano,Sí,,john97@example.org,App,10467
3785815533,Sean Powell,21.0,Masculino,Boston,Bajo,1,7.86,Sí,Sí,Vegetariano,No,,stevensnicholas@example.net,Tarjeta,830
2063223260,Timothy Pena,29.0,Masculino,Boston,Alto,5,62.67,No,Sí,Mariscos,Sí,3024344778,rebeccapratt@example.org,Efectivo,6640
5096617728,Samantha Brooks,53.0,Femenino,Boston,Medio,2,14.09,Sí,No,Mariscos,No,+1-766-302-6013,,Tarjeta,2115
1642813466,Linda Phillips,18.0,Femenino,Boston,Alto,5,62.27,Sí,Sí,Carnes,No,804.416.1819x66083,,Efectivo,8457
6350371756,Tara Perez,74.0,Femenino,Boston,Alto,4,23.05,No,Sí,Mariscos,Sí,001-585-228-7827,,Criptomoneda,6003
5730932735,Tracie Rodriguez,43.0,Femenino,Boston,Medio,3,11.04,Sí,Sí,Carnes,No,,harrisonkevin@example.org,Efectivo,1986
4014107105,Christopher Lawson,68.0,Masculino,Boston,Medio,3,9.73,Sí,Sí,Vegetariano,No,001-494-844-0588x2766,whitedeborah@example.org,Efectivo,2859
8481379167,Neil Watson,32.0,Masculino,Boston,Medio,5,31.48,Sí,Sí,Vegetariano,No,,justin56@example.com,Efectivo,1855
5523465800,John Lowe,20.0,Masculino,Boston,Bajo,3,14.84,Sí,Sí,Vegano,No,451.489.3621x401,bairdhayley@example.com,Efectivo,1026
5840407563,Jason Perez,38.0,Masculino,Boston,Muy Alto,10,102.71,No,No,Vegano,Sí,,preilly@example.org,Tarjeta,13198
4367653926,Carlos Montoya,19.0,Masculino,Boston,Alto,4,15.54,Sí,Sí,Mariscos,Sí,397.786.6459x49152,tammy33@example.org,App,4084
8955280311,Gregory Lyons,62.0,Masculino,Boston,Bajo,3,12.18,No,No,Mariscos,No,695-600-5135x11077,,Efectivo,1344
1628031141,Joseph Garcia,46.0,Masculino,Boston,Medio,4,17.35,No,Sí,Vegetariano,No,659.665.4144x987,colleen92@example.com,Tarjeta,1925
1495076257,Wendy Price,36.0,Femenino,Boston,Alto,4,41.18,No,Sí,Mariscos,Sí,,,Efectivo,8484
8242590036,Joshua Conway,54.0,Masculino,Boston,Muy Alto,5,47.35,No,Sí,Vegetariano,Sí,+1-218-366-6586,,Efectivo,16083
5682080072,Ashley Brown,31.0,Femenino,Boston,Alto,6,10.56,No,No,Otro,No,,alison37@example.org,Efectivo,8752
6567706517,Lucas Cameron,62.0,Masculino,Boston,Medio,4,14.64,Sí,No,Otro,No,553.476.8411x1742,andersonmeghan@example.com,Efectivo,1659
8351858157,Steven George,74.0,Masculino,Boston,Muy Alto,9,98.83,Sí,No,Carnes,Sí,,tevans@example.com,Tarjeta,11572
9162264848,David Gibbs,54.0,Masculino,Boston,Muy Alto,8,101.38,No,Sí,Vegetariano,Sí,,benjaminmartinez@example.net,Tarjeta,10334
8315475828,Deanna Griffin,51.0,Femenino,Boston,Medio,4,19.43,No,Sí,Vegetariano,Sí,,,Tarjeta,2185
3515167269,Morgan Nguyen,32.0,Femenino,Boston,Bajo,3,7.45,Sí,No,Carnes,No,,,App,829
2445662585,Lisa Ross,63.0,Femenino,Boston,Bajo,2,9.52,No,Sí,Carnes,No,990-765-7228x04449,,Efectivo,1532
3113714415,Adrian Roberts,47.0,Masculino,Boston,Alto,4,7.78,Sí,No,Carnes,Sí,588-946-6199x657,marymccullough@example.org,App,8133
1982992720,Sandra Carter,60.0,Femenino,Boston,Alto,6,32.49,Sí,Sí,Carnes,Sí,,,Tarjeta,7805
5601062139,Richard Martin,60.0,Masculino,Boston,Medio,4,16.67,Sí,No,Pescado,No,258-786-7086x87834,,App,1708
6361491138,Samantha Herrera,26.0,Femenino,Boston,Alto,4,25.59,Sí,Sí,Pescado,Sí,,williamward@example.com,App,5589
1113600611,Amber Smith,77.0,Femenino,Boston,Alto,5,49.38,Sí,No,Otro,Sí,,vjuarez@example.net,Efectivo,6772
4356141519,Rachel Cobb,64.0,Femenino,Boston,Alto,5,30.21,No,No,Vegetariano,No,657.601.4182x080,georgewilliams@example.net,Efectivo,4146
5439366473,Jennifer Mcdowell,78.0,Femenino,Boston,Medio,3,13.91,Sí,No,Carnes,No,,dwaynebullock@example.org,Tarjeta,2215
7468164619,Brenda Williams,76.0,Femenino,Boston,Alto,4,27.64,Sí,No,Vegano,Sí,895-349-6997x8173,,Tarjeta,5615
8518812056,Michael Fitzpatrick,55.0,Masculino,Boston,Alto,5,15.01,Sí,No,Mariscos,Sí,,,Tarjeta,4886
3707752531,Christy Simon,31.0,Femenino,Boston,Bajo,2,7.16,No,No,Vegetariano,No,638.434.6814,,Efectivo,1520
1927486277,John Smith,29.0,Masculino,Boston,Bajo,2,6.0,No,Sí,Carnes,No,(207)717-3020x96942,gholloway@example.com,Efectivo,1305
6057867851,Scott Mckee,40.0,Masculino,Boston,Medio,5,15.73,Sí,No,Vegetariano,No,(504)754-0209x7017,sara44@example.org,Efectivo,2259
5813565243,Hannah Middleton,66.0,Femenino,Boston,Muy Alto,9,43.05,No,No,Vegano,Sí,(543)429-7324x899,monicaperez@example.net,Tarjeta,14789
9454878007,Dawn Clark,70.0,Femenino,Boston,Bajo,3,14.04,No,Sí,Vegetariano,No,(242)779-9167x071,ymoore@example.net,App,847
1703537025,Dominic Harris,46.0,Masculino,Boston,Medio,3,10.3,No,Sí,Mariscos,Sí,,,Tarjeta,1625
9955411420,Linda Le,29.0,Femenino,Boston,Medio,2,11.26,Sí,Sí,Otro,No,001-781-579-4449x85542,joel30@example.net,App,2938
1291044088,Peter Watts,24.0,Masculino,Boston,Alto,5,57.06,Sí,Sí,Vegano,No,680-603-1831x55769,thomaswatts@example.com,App,5976
1281868383,Joy Johnson,68.0,Femenino,Boston,Bajo,2,13.6,No,No,Pescado,No,,,Efectivo,1555
1629588063,Wayne Jimenez,58.0,Masculino,Boston,Muy Alto,8,43.25,Sí,Sí,Vegetariano,Sí,,,Tarjeta,13224
2268098046,Bradley Martinez,40.0,Masculino,Boston,Medio,4,23.47,No,No,Pescado,No,,,Criptomoneda,1785
6002291405,Jennifer Peterson,45.0,Femenino,Boston,Muy Alto,8,76.71,Sí,Sí,Vegetariano,Sí,001-824-741-9195x312,,Tarjeta,14785
7216176989,Donna Hunter,22.0,Femenino,Boston,Bajo,3,11.1,Sí,Sí,Mariscos,No,,,Efectivo,1520
7922645184,Micheal Clark,74.0,Masculino,Boston,Bajo,3,8.5,Sí,No,Vegetariano,No,,mpatterson@example.com,Criptomoneda,1227
1998211679,Jeremiah Harrison,76.0,Masculino,Boston,Medio,3,21.99,No,Sí,Otro,No,+1-515-641-1144x597,brian68@example.net,App,1868
5977490327,Katelyn Clark,32.0,Femenino,Boston,Alto,6,58.46,No,Sí,Mariscos,No,+1-926-290-5923x34582,,App,4007
6306935472,Steven Evans,62.0,Masculino,Boston,Bajo,1,10.36,Sí,Sí,Otro,No,,,Tarjeta,1534
1695506654,Sara Rivas,24.0,Femenino,Boston,Medio,3,20.46,No,Sí,Vegetariano,No,,,Efectivo,3042
5996853335,Ashley Houston,35.0,Femenino,Boston,Bajo,2,9.58,No,Sí,Mariscos,No,+1-794-405-4205x422,,App,1265
3503148077,Monique Gonzalez,30.0,Femenino,Boston,Medio,4,22.86,Sí,Sí,Vegetariano,No,,,Efectivo,1848
8964296379,Kelly King,43.0,Femenino,Boston,Alto,5,10.18,Sí,Sí,Vegetariano,Sí,,,App,6881
6653318653,Daniel Vaughn,18.0,Masculino,Boston,Alto,6,12.25,Sí,Sí,Vegetariano,No,,,App,7257
7695972563,Ryan Richards,57.0,Masculino,Boston,Alto,6,22.94,Sí,Sí,Carnes,No,,,Tarjeta,6909
7320700269,Christine Miller,49.0,Femenino,Boston,Muy Alto,8,56.37,Sí,No,Vegetariano,Sí,,fmunoz@example.com,Tarjeta,10548
9824076491,Tina Lane,69.0,Femenino,Boston,Alto,5,27.74,Sí,No,Carnes,Sí,,,Efectivo,4505
2923545870,Jaime Blankenship,38.0,Masculino,Boston,Medio,2,32.12,Sí,Sí,Carnes,Sí,,jesse15@example.com,App,2640
1938193008,Megan Barnes,60.0,Femenino,Boston,Alto,6,29.34,No,Sí,Mariscos,No,791-750-5850,william97@example.net,Tarjeta,5768
1424694413,Laura Lynch,34.0,Femenino,Boston,Alto,6,40.36,No,No,Vegano,Sí,(340)573-0833,hmorgan@example.org,App,7019
3977485451,Christopher Lee,47.0,Masculino,Boston,Muy Alto,6,26.57,Sí,Sí,Otro,Sí,415-391-1592x03566,lmendoza@example.org,Tarjeta,9142
6443918604,Adam Williamson,58.0,Masculino,Boston,Alto,5,43.04,No,Sí,Carnes,No,350.644.2098,,Tarjeta,8335
6600346133,Jim Taylor,40.0,Masculino,Boston,Medio,2,16.67,Sí,Sí,Carnes,No,,,Efectivo,3094
2158836240,Ruth Hernandez,18.0,Femenino,Boston,Alto,5,8.57,Sí,Sí,Pescado,Sí,+1-906-406-7668,,App,6499
5976777081,Tracy Parker,39.0,Femenino,Boston,Alto,5,25.78,Sí,Sí,Pescado,Sí,001-288-838-9553x621,,Efectivo,3838
3736531909,Brittany Watkins,34.0,Femenino,Boston,Alto,5,16.61,Sí,No,Vegetariano,No,,debrawashington@example.org,Efectivo,3818
5530387627,Thomas James,44.0,Masculino,Boston,Muy Alto,10,89.32,No,Sí,Vegetariano,Sí,3602846434,samanthaobrien@example.net,Efectivo,14633
4396807251,Adrian Jimenez,19.0,Masculino,Boston,Muy Alto,7,60.09,Sí,Sí,Vegano,No,+1-608-554-4235x8378,wevans@example.org,Efectivo,10239
9115036120,Leslie Clark,66.0,Femenino,Boston,Bajo,2,6.3,No,Sí,Vegano,No,,uellis@example.org,Tarjeta,1230
3338062656,Gregory Jones,40.0,Masculino,Boston,Alto,5,29.34,No,Sí,Vegetariano,No,,,Efectivo,8705
7144203346,Javier Huffman,23.0,Masculino,Boston,Muy Alto,9,38.67,No,Sí,Mariscos,Sí,7352744386,,Tarjeta,17790
5076766763,Renee Ross,66.0,Femenino,Boston,Bajo,2,6.73,Sí,Sí,Mariscos,No,,rcarlson@example.net,Efectivo,965
2713189716,Rick Johnson,46.0,Masculino,Boston,Bajo,2,13.43,No,Sí,Pescado,No,,,App,1076
1546416390,Caleb Anderson,,Masculino,Boston,Bajo,3,14.57,Sí,Sí,Carnes,No,,,App,1474
8263084871,Jennifer Lewis,49.0,Femenino,Boston,Muy Alto,8,104.1,Sí,Sí,Vegano,Sí,,,Tarjeta,16480
9729661365,Ashley Larson,65.0,Femenino,Boston,Alto,6,45.01,No,Sí,Vegetariano,Sí,001-794-294-4545,cpeterson@example.org,App,6588
3544267042,Wesley Welch,22.0,Masculino,Boston,Muy Alto,5,52.82,No,Sí,Mariscos,Sí,207-479-3092x88797,taylorolsen@example.com,App,11022
3243568900,Yolanda Case,67.0,Femenino,Boston,Alto,4,35.71,No,Sí,Vegetariano,Sí,,,Efectivo,7416
3638017707,Melvin Schmidt,31.0,Masculino,Boston,Alto,4,13.32,Sí,No,Otro,No,696-380-4563,,Efectivo,8122
3362718626,Kathleen Espinoza,64.0,Femenino,Boston,Bajo,2,9.28,No,No,Mariscos,No,,,Efectivo,1218
7092570235,Mary Grant,79.0,Femenino,Boston,Muy Alto,8,28.97,No,Sí,Pescado,Sí,211.552.0084x03916,callahanedward@example.org,Efectivo,9347
1352654179,Kevin Robinson,31.0,Masculino,Boston,Alto,6,37.78,Sí,No,Otro,Sí,001-436-492-4078x9569,,Tarjeta,5358
2577172377,James Green,71.0,Masculino,Boston,Bajo,1,7.6,No,No,Vegetariano,No,,genesmith@example.net,App,1247
8531385585,David Howard,63.0,Masculino,Boston,Medio,2,6.02,Sí,Sí,Carnes,No,,diana65@example.com,Efectivo,2167
9636187241,Jessica Berg,36.0,Femenino,Boston,Alto,6,57.16,No,Sí,Vegano,Sí,(710)281-6590,ohansen@example.org,Efectivo,8058
8042997784,Michael Summers,74.0,Masculino,Boston,Alto,6,54.2,No,No,Vegetariano,No,,,Efectivo,6316
9454839930,Brady Jones,51.0,Masculino,Boston,Muy Alto,6,61.16,No,Sí,Pescado,Sí,+1-463-328-1777,jennifer41@example.com,Tarjeta,10302
8619949665,Antonio Novak,23.0,Masculino,Boston,Muy Alto,9,52.99,No,No,Carnes,Sí,+1-229-213-7838x006,,Efectivo,11481
2748256598,Taylor Mendoza,28.0,Femenino,Boston,Muy Alto,6,45.9,No,Sí,Vegetariano,Sí,888-368-4103x25924,,Tarjeta,16883
4672588403,Jennifer Rasmussen,50.0,Femenino,Boston,Muy Alto,6,87.66,Sí,Sí,Vegano,Sí,,,App,9415
5618570260,Kathleen Murray,73.0,Femenino,Boston,Bajo,1,8.39,No,No,Vegetariano,No,,,Tarjeta,940
2464864695,John Beasley,22.0,Masculino,Boston,Alto,6,26.19,Sí,Sí,Otro,Sí,,,Efectivo,6162
7767115101,Jonathan Love,36.0,Masculino,Boston,Bajo,3,5.57,Sí,Sí,Vegano,No,201.597.9596x99481,,Efectivo,1375
1799992184,Dustin Coleman,67.0,Masculino,Boston,Bajo,1,10.73,No,Sí,Vegetariano,No,253-994-7141,,App,985
8248829645,George Gibson,59.0,Masculino,Boston,Muy Alto,6,87.26,No,Sí,Carnes,Sí,,bacosta@example.com,App,11810
8143070604,Ashley Reed,60.0,Femenino,Boston,Medio,3,33.86,No,No,Carnes,No,(331)621-5239x057,greenmary@example.net,Efectivo,2232
5276768063,Michael Melton,70.0,Masculino,Boston,Muy Alto,10,79.08,Sí,Sí,Otro,Sí,,brendalamb@example.com,Efectivo,13047
7345156560,Sarah Stewart,73.0,Femenino,Boston,Bajo,1,5.82,Sí,Sí,Vegetariano,No,220-500-4630x135,,App,1351
8287032823,Philip Morrow,69.0,Masculino,Boston,Muy Alto,5,29.91,Sí,Sí,Otro,Sí,,beth12@example.com,App,15758
9456485428,Samantha Wells,29.0,Femenino,Boston,Alto,5,12.85,No,Sí,Vegetariano,Sí,598-499-1036x280,fshort@example.org,App,7086
6078339268,Tammy Daniel,54.0,Femenino,Boston,Medio,4,21.21,No,Sí,Pescado,No,732.908.8335,david67@example.org,Efectivo,1611
7018661167,Jessica Roberts,73.0,Femenino,Boston,Medio,4,10.75,No,No,Vegetariano,No,,michaelconley@example.com,App,2836
6081111838,Timothy Petty,72.0,Masculino,Boston,Medio,4,18.64,No,No,Carnes,No,,,Tarjeta,2846
5394197189,William Ramirez,79.0,Masculino,Boston,Medio,3,31.41,Sí,No,Pescado,No,600.377.9476x9054,campbellbrenda@example.org,Efectivo,2337
2192781844,Nicole Vargas,33.0,Femenino,Boston,Bajo,1,9.13,No,Sí,Vegetariano,No,001-246-561-1331x568,,App,1426
3417300559,Christian Douglas,41.0,Masculino,Boston,Medio,4,19.26,No,Sí,Vegano,No,,jason38@example.net,Efectivo,2277
2115288740,Christina Heath,55.0,Femenino,Boston,Alto,4,6.34,Sí,No,Vegano,Sí,,madisonwarren@example.org,Tarjeta,5635
5056984005,Terry Harris,43.0,Femenino,Boston,Alto,4,40.06,Sí,Sí,Vegano,No,,,App,6295
2172180491,Toni Torres,39.0,Femenino,Boston,Alto,5,58.38,Sí,Sí,Mariscos,Sí,603.769.0350x217,,Efectivo,6211
7028132359,Robert Wells,78.0,Masculino,Boston,Medio,2,18.59,No,Sí,Mariscos,No,+1-753-732-9796x7445,,Efectivo,2127
9451797194,Leonard Taylor,42.0,Masculino,Boston,Muy Alto,8,11.36,Sí,Sí,Vegano,Sí,353.284.9738,aaron17@example.net,App,12247
7018880437,Tina Wong,38.0,Femenino,Boston,Medio,4,7.15,No,No,Vegetariano,No,+1-781-925-5508,greerangela@example.org,Efectivo,2739
4817184324,Kevin Jenkins,67.0,Masculino,Boston,Medio,5,23.76,No,Sí,Mariscos,No,,,App,3243
9918744233,Vincent Rodriguez,61.0,Masculino,Boston,Medio,3,26.51,Sí,Sí,Pescado,Sí,+1-346-245-3832,,Tarjeta,2600
2483048737,Zachary Hudson,18.0,Masculino,Boston,Bajo,2,9.49,Sí,Sí,Vegetariano,No,7664135998,,Efectivo,1231
5801195339,Ronnie Jones,21.0,Masculino,Boston,Muy Alto,8,22.33,No,Sí,Carnes,Sí,+1-681-250-3247x754,robinsonsteven@example.net,App,15821
7895370352,Diana Johnson,27.0,Femenino,Boston,Alto,6,30.15,Sí,Sí,Vegetariano,Sí,782.662.5711x82275,mcdonaldlarry@example.org,Efectivo,4870
6333756359,Sonya Brooks,37.0,Femenino,Boston,Alto,5,25.83,Sí,No,Mariscos,Sí,(460)485-8207,,Tarjeta,6630
3117369705,Patrick Ramos,57.0,Masculino,Boston,Medio,2,17.0,No,Sí,Vegetariano,No,,,App,2652
2985398763,Mark Huffman,79.0,Masculino,Boston,Medio,3,34.3,Sí,Sí,Vegetariano,No,8087265699,,App,2508
2305629082,Daniel Lee,,Masculino,Boston,Alto,4,12.75,No,No,Pescado,Sí,,,Tarjeta,3646
4137350774,Angela Ward,23.0,Femenino,Boston,Alto,4,45.95,No,Sí,Vegetariano,No,(420)464-6602x547,,Efectivo,7839
4040409964,Ryan Pennington,56.0,Masculino,Boston,Medio,5,11.12,No,No,Vegetariano,No,,,Efectivo,2475
4039019230,Michael Haynes,73.0,Masculino,Boston,Bajo,1,14.28,No,No,Vegetariano,No,(521)248-2681,jenniferpham@example.org,App,1207
1553612485,Jennifer Miller,59.0,Femenino,Boston,Medio,5,7.27,Sí,Sí,Carnes,No,2199877985,,Tarjeta,3493
4038268700,William Phelps,31.0,Masculino,Boston,Alto,6,12.23,No,No,Vegetariano,Sí,,jeffreykelly@example.org,Efectivo,7390
1449401808,Kyle Mccormick,74.0,Masculino,Boston,Medio,4,8.36,Sí,No,Vegetariano,No,,hgibson@example.com,App,2681
7907449371,Diana Bridges,56.0,Femenino,Boston,Medio,2,7.69,Sí,Sí,Vegano,No,,,App,1991
4917871786,Mary Weaver,36.0,Femenino,Boston,Medio,2,9.74,No,Sí,Pescado,No,,,App,3179
9632590108,Richard Lee,58.0,Masculino,Boston,Alto,5,8.45,No,Sí,Mariscos,Sí,001-727-777-9614,,Tarjeta,5137
3591527330,Stephanie Park,42.0,Femenino,Boston,Alto,5,32.22,Sí,Sí,Otro,No,8819832637,jessica22@example.com,App,8504
7895255573,Kelly Martinez,73.0,Femenino,Boston,Alto,4,11.23,Sí,Sí,Vegano,Sí,,,Efectivo,5496
9725528903,James Rodriguez,47.0,Masculino,Boston,Alto,6,64.8,Sí,No,Vegetariano,No,,,Tarjeta,3860
3188382776,Julian Bishop,,Masculino,Boston,Muy Alto,5,97.45,No,Sí,Vegano,Sí,,,Efectivo,10131
1278675454,Leslie Pratt,46.0,Femenino,Boston,Muy Alto,7,12.86,No,Sí,Mariscos,Sí,(858)949-3682,,Efectivo,16542
1655432544,Anthony Rodriguez,37.0,Masculino,Boston,Alto,6,21.96,Sí,No,Carnes,No,,,Tarjeta,3620
8227919596,Amber Lyons,41.0,Femenino,Boston,Medio,2,30.6,No,Sí,Carnes,No,,,Tarjeta,3173
8209342438,Joseph Garcia,47.0,Masculino,Boston,Alto,4,14.79,No,Sí,Vegano,No,(408)260-4512,,Tarjeta,3666
2671461179,Troy Zimmerman,66.0,Masculino,Boston,Medio,3,10.51,Sí,Sí,Mariscos,No,331.960.8966x871,,App,2698
6821587997,Steven Hartman,26.0,Masculino,Boston,Medio,2,17.08,No,Sí,Carnes,No,(589)771-4393,,Tarjeta,3135
7195771959,April Jenkins,60.0,Femenino,Boston,Alto,5,56.35,Sí,No,Vegetariano,Sí,,christiecalderon@example.com,App,5766
7164388038,Amanda Watson,31.0,Femenino,Boston,Alto,5,25.52,Sí,No,Pescado,Sí,001-592-627-4180x3748,calebstevens@example.net,App,5762
6608599560,Nicholas Hicks,47.0,Masculino,Boston,Muy Alto,8,83.32,No,No,Vegetariano,Sí,953.824.5213x192,andre27@example.org,Tarjeta,15499
8226718114,Thomas Pace,77.0,Masculino,Boston,Medio,3,9.91,No,No,Otro,No,,,Efectivo,1603
5673567210,Patrick Mason,19.0,Masculino,Boston,Alto,5,36.67,No,Sí,Pescado,Sí,,tkim@example.org,Tarjeta,6009
9556117373,Dennis Fisher,74.0,Masculino,Boston,Muy Alto,5,9.63,No,Sí,Carnes,Sí,,fisherjoshua@example.org,Efectivo,15081
2602654091,Jon Gutierrez,59.0,Masculino,Boston,Alto,4,20.48,No,Sí,Vegetariano,Sí,,lbaldwin@example.org,App,6939
9656941706,Larry Crawford,33.0,Masculino,Boston,Medio,2,24.93,No,No,Carnes,No,,pallen@example.org,App,2573
1298303177,Mark Washington,29.0,Masculino,Boston,Muy Alto,8,21.11,Sí,Sí,Vegetariano,Sí,,davidtorres@example.com,App,11496
3953862734,Jonathan Horn,27.0,Masculino,Boston,Medio,5,26.0,No,Sí,Vegetariano,No,653-712-6158x0447,allenpatricia@example.net,Tarjeta,2105
3674833330,Monica Malone,50.0,Femenino,Boston,Alto,6,26.5,No,Sí,Mariscos,No,3726154157,jill20@example.net,Efectivo,4806
2614740244,Robin Chapman,49.0,Femenino,Boston,Muy Alto,5,65.01,Sí,Sí,Vegetariano,Sí,,,Tarjeta,12184
9577024647,Brian Mcdaniel,54.0,Masculino,Boston,Bajo,2,14.98,Sí,No,Mariscos,No,,,Tarjeta,815
2532973896,Sarah Landry,42.0,Femenino,Boston,Medio,5,22.3,Sí,No,Carnes,Sí,001-452-729-4568x6263,,Efectivo,1891
3584719544,Alyssa Grant,53.0,Femenino,Boston,Bajo,3,8.94,Sí,Sí,Carnes,No,(534)409-0584x93306,vkelley@example.net,App,1546
9369604093,Dennis Ryan,47.0,Masculino,Boston,Medio,3,7.06,Sí,No,Carnes,Sí,,,App,2603
6597459437,Melissa Barber,18.0,Femenino,Boston,Bajo,3,12.15,No,Sí,Mariscos,No,,,App,966
1808270771,Stacey Ferguson,67.0,Femenino,Boston,Alto,4,57.6,Sí,Sí,Mariscos,No,,briannathomas@example.net,Efectivo,4245
1789885801,Gary Hill,31.0,Masculino,Boston,Medio,2,18.79,Sí,No,Carnes,No,+1-295-270-2758x36191,,Efectivo,2258
1591274479,John Hamilton,62.0,Masculino,Boston,Medio,2,22.48,Sí,No,Vegano,Sí,+1-956-556-5104x1266,walkerlance@example.org,Efectivo,2892
2782958800,Karen Duffy,26.0,Femenino,Boston,Bajo,1,7.73,No,Sí,Carnes,No,,,App,1541
7467879347,Kelly Fitzgerald,41.0,Femenino,Boston,Medio,5,5.07,No,Sí,Carnes,No,,qcox@example.org,Efectivo,2196
4773429808,Janet Todd,26.0,Femenino,Boston,Alto,4,26.65,Sí,Sí,Carnes,Sí,,michael82@example.com,Tarjeta,8001
2622055689,Frances Lindsey,68.0,Femenino,Boston,Bajo,2,7.42,Sí,No,Vegetariano,No,336-408-5579x56732,cummingsmary@example.net,Efectivo,1478
7239753308,John Vega,24.0,Masculino,Boston,Medio,3,30.54,Sí,Sí,Vegetariano,No,,xreese@example.net,App,1953
6501555716,Rick Ward,53.0,Masculino,Boston,Alto,4,42.82,Sí,No,Mariscos,No,,,Tarjeta,7293
5860167420,Jonathan Young,65.0,Masculino,Boston,Bajo,1,9.47,No,Sí,Carnes,No,,,Tarjeta,990
9929101065,Jacob Burke,58.0,Masculino,Boston,Alto,6,56.29,No,Sí,Vegetariano,Sí,4102281646,taylorreed@example.com,App,4949
9279862473,Melanie Cooper,25.0,Femenino,Boston,Medio,3,33.52,No,Sí,Vegano,Sí,,erica96@example.net,App,2212
5052915145,Sierra Ball,31.0,Femenino,Boston,Medio,2,11.06,No,Sí,Carnes,No,+1-318-454-2326x594,banderson@example.com,Tarjeta,2249
4455798713,Jose Miller,43.0,Masculino,Boston,Alto,6,52.5,Sí,Sí,Vegetariano,Sí,,sarah04@example.org,App,6144
9833236739,Alyssa Mccall,74.0,Femenino,Boston,Alto,6,13.59,No,No,Vegetariano,Sí,(303)940-4721x679,,Efectivo,6523
7786248655,Alexander Coleman,80.0,Masculino,Boston,Bajo,1,8.89,No,No,Vegano,No,480-251-9894,,Efectivo,1166
6772649622,Justin Cooper,28.0,Masculino,Boston,Bajo,1,7.81,No,Sí,Mariscos,No,(823)439-2866x7814,ufischer@example.org,App,1191
4512443760,Anthony Campos,27.0,Masculino,Boston,Muy Alto,10,39.03,No,Sí,Pescado,Sí,719-623-7853x8691,,Tarjeta,16832
6766460881,Deborah Mckay,46.0,Femenino,Boston,Medio,2,25.43,Sí,Sí,Carnes,No,,,Efectivo,2587
9342671082,William Mclaughlin,20.0,Masculino,Boston,Muy Alto,10,68.07,Sí,Sí,Pescado,Sí,,qbauer@example.net,Tarjeta,11594
2368929708,Adam Reilly,47.0,Masculino,Boston,Medio,3,18.21,No,Sí,Vegetariano,No,,,Efectivo,2300
6351134654,Christopher Porter,49.0,Masculino,Boston,Alto,5,59.08,No,No,Otro,Sí,,,App,8105
3206210155,Emily Benson,24.0,Femenino,Boston,Bajo,3,11.37,No,Sí,Carnes,No,+1-257-881-1480x16027,,App,1130
4482166571,Christopher Sherman,19.0,Masculino,Boston,Alto,6,7.59,No,No,Carnes,No,,moralesjennifer@example.net,Tarjeta,4326
9291515853,Jocelyn Walsh,70.0,Femenino,Boston,Alto,6,33.57,Sí,Sí,Mariscos,Sí,,,Tarjeta,7043
2132487077,Robert Donovan,50.0,Masculino,Boston,Muy Alto,6,28.67,No,Sí,Carnes,Sí,564-893-6291x847,,Efectivo,12314
3909635823,Veronica Hill,24.0,Femenino,Boston,Bajo,2,8.36,No,Sí,Vegetariano,No,(366)857-6226x7525,vwebb@example.org,Tarjeta,1139
9695187435,Gina Wood,44.0,Femenino,Boston,Medio,3,16.46,No,Sí,Vegano,No,(951)459-7072x540,,Tarjeta,1705
2262498713,David Edwards,37.0,Masculino,Boston,Medio,4,14.25,Sí,No,Carnes,No,863.647.8653,,Tarjeta,2064
8828528214,Kyle Martin,27.0,Masculino,Boston,Alto,6,26.71,No,Sí,Vegetariano,Sí,+1-841-497-4602,nguyenandre@example.com,Efectivo,7831
9993177343,Bryan Kennedy,20.0,Masculino,Boston,Muy Alto,6,39.45,Sí,Sí,Otro,Sí,,zhangmelissa@example.net,Efectivo,16839
3147716902,Craig Jenkins,41.0,Masculino,Boston,Muy Alto,5,56.27,No,Sí,Carnes,Sí,,timothydavidson@example.org,Tarjeta,10647
9236087894,James Hamilton,21.0,Masculino,Boston,Medio,4,15.56,No,Sí,Vegetariano,No,,,App,1960
2046697223,Jordan Schmidt,48.0,Femenino,Boston,Alto,4,12.8,No,No,Otro,Sí,860-653-4165,,Tarjeta,4656
8054785371,Adam Watkins,64.0,Masculino,Boston,Alto,4,58.57,No,Sí,Vegano,Sí,668.687.2464x296,,Efectivo,6880
1921128736,Christine Smith,48.0,Femenino,Boston,Medio,4,28.26,Sí,Sí,Vegetariano,No,,,Efectivo,2110
7313431389,Carl Davenport,70.0,Masculino,Boston,Medio,5,10.5,Sí,No,Mariscos,No,001-928-963-9111x666,,Tarjeta,1610
9423189449,Samuel Heath,39.0,Masculino,Boston,Bajo,2,7.7,Sí,Sí,Mariscos,No,001-459-923-8445,sierra61@example.org,App,1238
1625457321,Scott Oconnor,73.0,Masculino,Boston,Bajo,3,6.96,No,No,Pescado,No,(378)890-8400x90005,wadecharles@example.net,Tarjeta,980
5660378755,Taylor Burns,38.0,Masculino,Boston,Bajo,3,8.03,Sí,Sí,Otro,No,291.477.1809,scott14@example.net,Efectivo,1314
9679001135,Maria Smith,60.0,Femenino,Boston,Muy Alto,10,19.06,Sí,Sí,Vegano,Sí,860-694-2287x735,,Efectivo,15562
3684631260,Julie Fowler,80.0,Femenino,Boston,Muy Alto,8,12.66,Sí,Sí,Otro,Sí,893-304-1882,,Efectivo,11803
1152615623,Joseph Walker,78.0,Masculino,Boston,Muy Alto,8,50.88,No,Sí,Vegano,Sí,368.378.3733x290,thomasbarbara@example.net,App,13917
6720572969,Robert Martin,23.0,Masculino,Boston,Alto,4,14.83,Sí,Sí,Pescado,Sí,001-962-382-2772,,App,7562
8709361138,Derrick Johnson,28.0,Masculino,Boston,Medio,2,30.81,No,Sí,Vegano,No,467.599.7531x6120,,Tarjeta,3301
8522334977,Lori Mitchell,24.0,Femenino,Boston,Medio,5,10.72,No,Sí,Carnes,No,(282)361-3335x096,,Tarjeta,1859
4492625407,John Taylor,70.0,Masculino,Boston,Medio,3,15.3,Sí,Sí,Otro,No,435-859-5952x4374,,Efectivo,1644
3558754366,Anthony Gonzalez,52.0,Masculino,Boston,Medio,5,27.03,Sí,No,Vegetariano,No,+1-668-404-9159x67130,adam02@example.com,App,1976
8513724361,Tracy Robinson,66.0,Femenino,Boston,Alto,4,48.49,Sí,Sí,Carnes,Sí,,phillipsrichard@example.com,Tarjeta,8859
1472034303,Jessica Reynolds,52.0,Femenino,Boston,Alto,4,37.21,Sí,Sí,Vegetariano,Sí,331-290-8369x027,mackjamie@example.net,Tarjeta,3733
8728567537,Melanie Wilson,18.0,Femenino,Boston,Bajo,2,11.9,Sí,Sí,Carnes,No,+1-315-576-4602,,Tarjeta,1274
7614001690,Adriana Mcdowell,55.0,Femenino,Boston,Muy Alto,9,80.0,No,Sí,Pescado,Sí,,villarrealangela@example.com,Efectivo,10667
4075665257,Vickie Reilly,70.0,Femenino,Boston,Muy Alto,10,46.08,No,Sí,Mariscos,Sí,479.506.2261,,Efectivo,14298
1337468871,Andrew Brown,20.0,Masculino,Boston,Bajo,3,12.33,No,Sí,Vegetariano,No,8452400639,,Tarjeta,1427
3135172200,Amanda Carroll,66.0,Femenino,Boston,Bajo,2,9.72,No,Sí,Vegetariano,No,,,Efectivo,1061
2866241805,Christian Beck,44.0,Masculino,Boston,Muy Alto,9,35.12,Sí,No,Mariscos,Sí,,christopher53@example.org,App,10929
7024504783,Jeffrey Turner,69.0,Masculino,Boston,Muy Alto,8,21.51,No,No,Mariscos,Sí,240-773-7800x204,,Tarjeta,15830
6251254367,Judy Howard,56.0,Femenino,Boston,Bajo,2,7.68,Sí,Sí,Mariscos,No,,,Tarjeta,870
6488318795,Jessica Hampton,38.0,Femenino,Boston,Medio,4,21.35,Sí,Sí,Carnes,No,,josephingram@example.org,Tarjeta,1683
5963015056,Norman Alvarez,18.0,Masculino,Boston,Alto,4,49.63,No,Sí,Carnes,Sí,,wray@example.org,Efectivo,7878
8614412402,Donna Navarro,79.0,Femenino,Boston,Bajo,3,11.81,Sí,Sí,Otro,No,001-514-644-1054x3999,danielrobinson@example.net,Tarjeta,1081
5090692550,Anna Berry,30.0,Femenino,Boston,Muy Alto,7,13.84,Sí,Sí,Otro,Sí,380-567-2265,,Efectivo,17959
6014486114,Shane Chan,54.0,Masculino,Boston,Medio,2,21.14,Sí,Sí,Otro,No,,,Efectivo,2972
9313481088,John Moore,55.0,Masculino,Boston,Alto,4,56.27,No,No,Pescado,Sí,(989)751-5894,danmorris@example.com,App,5992
3916289369,Hannah Mullen,57.0,Femenino,Boston,Alto,4,12.47,Sí,Sí,Vegetariano,Sí,429-419-2005,kristopheryoung@example.com,App,8854
3907722404,Charles Garner,65.0,Masculino,Boston,Bajo,3,6.76,No,Sí,Mariscos,No,,,Tarjeta,973
3279317196,Mckenzie Day,36.0,Femenino,Boston,Muy Alto,8,70.74,No,Sí,Pescado,Sí,,,Tarjeta,13387
2500830360,Theresa Koch,26.0,Femenino,Boston,Medio,3,33.53,Sí,Sí,Otro,Sí,+1-287-501-5393x9787,lwagner@example.com,Tarjeta,1774
3782083503,Savannah Chambers,41.0,Femenino,Boston,Muy Alto,10,28.71,No,No,Vegetariano,Sí,,harriscorey@example.net,App,14490
7065217872,Stephen Cole,59.0,Masculino,Boston,Muy Alto,6,59.62,No,Sí,Vegetariano,Sí,,,Tarjeta,17811
4852002754,Daniel Perkins,44.0,Masculino,Boston,Medio,2,17.11,No,Sí,Mariscos,No,,,Efectivo,1877
6737656346,Mary Francis,32.0,Femenino,Boston,Alto,4,64.41,No,No,Otro,Sí,,,Tarjeta,6895
2957841781,Kevin Martin,41.0,Masculino,Boston,Alto,5,56.67,No,Sí,Carnes,Sí,(769)470-8319x463,,Efectivo,5257
6821762710,Michael Ortega,19.0,Masculino,Boston,Alto,4,34.1,Sí,Sí,Vegano,Sí,001-222-233-1198x57981,huangeric@example.org,Tarjeta,4414
4650810955,Christina Jones,,Femenino,Boston,Muy Alto,7,19.31,Sí,No,Vegetariano,Sí,(265)865-0684,christopher45@example.net,Tarjeta,17222
8411774059,Jared Murray,54.0,Masculino,Boston,Medio,4,34.31,No,Sí,Mariscos,Sí,,jacquelinemayer@example.org,Tarjeta,3169
8321763524,Bridget Hernandez,23.0,Femenino,Boston,Bajo,1,7.79,Sí,Sí,Otro,No,(673)337-4635,,Tarjeta,1152
3570853931,Andrea Wilson,69.0,Femenino,Boston,Alto,6,43.52,Sí,No,Vegetariano,Sí,,,App,6727
2168274876,Jennifer Meyer,41.0,Femenino,Boston,Alto,4,47.01,No,Sí,Vegano,Sí,(493)412-8808x351,,App,8991
2539080488,Kelly Gonzalez,28.0,Femenino,Boston,Muy Alto,6,16.02,No,No,Mariscos,Sí,985-225-4454,clarkediana@example.com,Efectivo,16314
6451955066,Cheryl Ortiz,67.0,Femenino,Boston,Alto,6,48.43,No,Sí,Vegano,Sí,+1-696-959-2166,cynthia32@example.com,App,5495
9504724761,Sheryl Gray,56.0,Femenino,Boston,Medio,5,6.08,No,Sí,Vegano,No,9607277617,marcusmiller@example.net,App,3092
1828779668,Sean Hudson,29.0,Masculino,Boston,Muy Alto,8,76.24,Sí,Sí,Carnes,Sí,,,Efectivo,10396
2187359637,Ryan Oliver,51.0,Masculino,Boston,Medio,5,5.62,Sí,Sí,Carnes,No,708-813-1457x880,,Tarjeta,2433
5078543414,Amy Harris,78.0,Femenino,Boston,Medio,5,18.45,Sí,No,Mariscos,No,001-760-844-8154,veronica29@example.net,Criptomoneda,2982
9120421307,Mary Joseph,32.0,Femenino,Boston,Alto,4,58.86,Sí,Sí,Carnes,No,360.611.3909x68232,,Tarjeta,7227
9924456994,Kimberly Parrish,19.0,Femenino,Boston,Alto,6,10.3,Sí,Sí,Mariscos,Sí,,taylordon@example.net,Tarjeta,6529
3117951204,David Mason,50.0,Masculino,Boston,Bajo,1,13.63,No,No,Vegano,No,(324)467-8992x038,,App,1248
2448796207,Dustin Harvey,28.0,Masculino,Boston,Alto,5,48.03,No,Sí,Mariscos,No,,,App,5872
4235319689,Tamara Melendez,74.0,Femenino,Boston,Alto,5,51.84,No,No,Mariscos,No,001-286-915-6417x4293,,Tarjeta,8766
5944782960,Miguel Gray,52.0,Masculino,Boston,Medio,5,23.11,Sí,No,Vegetariano,No,,,App,2997
9539471582,Benjamin Meyer,72.0,Masculino,Boston,Muy Alto,8,76.01,Sí,No,Vegetariano,Sí,903-814-3351x08511,brandykent@example.net,Efectivo,17182
9555880976,Katherine Short,30.0,Femenino,Boston,Alto,5,30.92,Sí,Sí,Mariscos,No,,,Efectivo,7858
6982582414,Monica Beck,24.0,Femenino,Boston,Bajo,2,14.07,Sí,Sí,Mariscos,No,608.981.6953x8529,,Tarjeta,1028
9495779702,Karen Clements,20.0,Femenino,Boston,Medio,2,13.87,No,Sí,Pescado,Sí,001-239-394-1048x2862,,Tarjeta,2519
6745139935,Melissa Martinez,71.0,Femenino,Boston,Bajo,2,7.57,No,Sí,Vegetariano,No,256.262.8778,,Efectivo,1371
2950049698,Debra Young,40.0,Femenino,Boston,Medio,5,23.55,Sí,No,Carnes,No,,joshuasexton@example.net,Tarjeta,3435
1626610287,Mary Gonzalez,52.0,Femenino,Boston,Muy Alto,8,69.54,Sí,Sí,Vegetariano,Sí,,,Tarjeta,12695
9344648619,Bryan Martinez,77.0,Masculino,Boston,Alto,6,53.5,No,No,Mariscos,Sí,258.405.9916x49931,tamaramorrison@example.net,Efectivo,4299
1499633663,Joshua Cain,68.0,Masculino,Boston,Alto,6,54.32,Sí,No,Mariscos,Sí,,daniel82@example.com,App,7393
3588472647,Mary Hayes,33.0,Femenino,Boston,Medio,3,11.13,No,Sí,Pescado,No,,andre14@example.org,Tarjeta,2649
1459198021,Nicole Dillon,71.0,Femenino,Boston,Medio,5,26.82,Sí,Sí,Mariscos,No,982-454-0462x45234,kenneth12@example.org,Efectivo,3149
3045347041,Joshua Benitez,25.0,Masculino,Boston,Medio,5,26.48,Sí,Sí,Otro,No,,,Tarjeta,2413
8861270176,Alexa Stout,51.0,Femenino,Boston,Muy Alto,6,102.69,Sí,Sí,Carnes,Sí,,xhall@example.net,Efectivo,13014
5465016406,Michael Scott,75.0,Masculino,Boston,Medio,4,31.79,No,No,Otro,No,+1-580-808-4758x090,kwilliamson@example.net,Tarjeta,2882
7485197617,Kristin Long,78.0,Femenino,Boston,Alto,5,36.72,Sí,Sí,Vegetariano,Sí,316-871-9169x74630,,App,5413
6996815554,William Travis,33.0,Masculino,Boston,Alto,6,23.58,Sí,No,Vegetariano,Sí,,conniewong@example.com,Efectivo,3903
7188595463,Angela Brown,23.0,Femenino,Boston,Alto,5,47.75,No,Sí,Pescado,Sí,,,App,5154
3982625756,Jose Guzman,57.0,Masculino,Boston,Muy Alto,9,76.59,No,No,Vegano,No,949-275-3937x04499,rwilliams@example.org,Efectivo,10889
1163272202,Angela Harrington,41.0,Femenino,Boston,Bajo,2,13.03,No,No,Vegetariano,No,,cynthiamartinez@example.org,Efectivo,1352
5530392029,Juan Brown,20.0,Masculino,Boston,Medio,5,7.63,No,Sí,Vegano,No,(374)993-0163,,Tarjeta,3118
9744984402,Bryan Maddox,80.0,Masculino,Boston,Alto,4,14.18,No,Sí,Pescado,No,,,Efectivo,5097
8211796419,Jennifer Chavez,19.0,Femenino,Boston,Alto,6,54.53,Sí,No,Vegetariano,Sí,,,Efectivo,4138
8484081728,Leonard Myers,74.0,Masculino,Boston,Medio,3,31.73,No,No,Vegetariano,No,851.978.7093x532,shenry@example.net,App,3127
3439909513,Alyssa Clark,78.0,Femenino,Boston,Medio,5,23.6,Sí,Sí,Vegano,No,2117340720,,Tarjeta,2482
7512052178,Julie Gardner,72.0,Femenino,Boston,Medio,2,13.76,Sí,Sí,Mariscos,Sí,,monica62@example.com,Tarjeta,2851
1923217331,Damon Cole,60.0,Masculino,Boston,Alto,6,22.27,Sí,Sí,Mariscos,No,,doughertymichael@example.org,Efectivo,7295
9488356267,Elizabeth Burnett,74.0,Femenino,Boston,Medio,4,19.89,No,No,Carnes,Sí,,teresacaldwell@example.net,Tarjeta,2927
8701306769,Emily Wright,67.0,Femenino,Boston,Medio,5,10.14,No,Sí,Carnes,Sí,,nicholasbrooks@example.net,Efectivo,2687
3963929215,Robert Strong,44.0,Masculino,Boston,Muy Alto,10,19.47,No,No,Otro,Sí,,kimberly11@example.com,App,13268
8483357429,Regina Byrd,49.0,Femenino,Boston,Muy Alto,10,97.05,No,Sí,Mariscos,Sí,,,Tarjeta,15217
1239731928,Brian Smith,45.0,Masculino,Boston,Alto,4,13.55,No,No,Vegetariano,Sí,322-739-9944x27464,,Tarjeta,7781
5496980355,Kevin Case,46.0,Masculino,Boston,Medio,4,32.14,No,No,Carnes,No,687-494-6294x99471,,Tarjeta,2415
4204521655,Gabrielle Anderson,22.0,Femenino,Boston,Muy Alto,10,96.0,Sí,No,Vegano,Sí,(827)703-7944x5669,,Efectivo,12351
3294688377,Frank Jimenez,25.0,Masculino,Boston,Medio,3,18.47,No,Sí,Pescado,No,,shumphrey@example.org,Tarjeta,2097
8530183382,Allison Lopez,55.0,Femenino,Boston,Medio,4,32.26,Sí,No,Vegano,No,,gwilliams@example.org,Efectivo,2088
5478557378,Nicholas Benson,29.0,Masculino,Boston,Muy Alto,9,58.3,No,Sí,Otro,Sí,,,Tarjeta,17533
4261041714,Noah Wagner,53.0,Masculino,Boston,Medio,5,30.18,No,Sí,Vegetariano,No,001-274-483-2086,,App,2454
1341662451,Alan King,43.0,Masculino,Boston,Medio,4,10.61,No,No,Mariscos,No,+1-585-230-7785,weststephen@example.com,Efectivo,2194
9660523876,Maria Sullivan,59.0,Femenino,Boston,Alto,6,25.3,Sí,No,Otro,Sí,607.736.8915x3492,,Efectivo,7808
7724905086,Edward Wells,42.0,Masculino,Boston,Bajo,2,10.0,Sí,Sí,Mariscos,No,,,Efectivo,846
2128899620,Cassandra Hart,60.0,Femenino,Boston,Medio,2,27.58,Sí,Sí,Carnes,No,,,App,1648
4607336530,Leonard Smith,73.0,Masculino,Boston,Alto,5,57.56,No,Sí,Vegetariano,No,,ronald77@example.org,App,6429
6808509919,Tyler Singh,56.0,Masculino,Boston,Medio,3,21.07,Sí,No,Carnes,No,482-389-2472x601,barrettdiamond@example.net,Efectivo,2104
5523113145,Patricia Smith,46.0,Femenino,Boston,Bajo,1,9.08,No,Sí,Carnes,No,,,App,1014
2504797898,Anthony Sparks,77.0,Masculino,Boston,Muy Alto,8,87.15,No,No,Vegano,Sí,,russellraymond@example.org,Criptomoneda,10721
4778128150,Holly Henry,24.0,Femenino,Boston,Muy Alto,9,27.68,No,Sí,Carnes,No,905-570-7927x13624,,Efectivo,17668
5254957682,Angela Smith,28.0,Femenino,Boston,Muy Alto,10,70.33,No,Sí,Carnes,Sí,,rrobinson@example.net,Efectivo,17376
1206537132,Jacqueline Norman,24.0,Femenino,Boston,Alto,4,53.97,No,Sí,Pescado,Sí,,kimberlymitchell@example.net,Tarjeta,7958
8028848307,Cassandra Rose,39.0,Femenino,Boston,Alto,5,18.21,Sí,No,Mariscos,Sí,,,App,6655
4418715456,Robert Carrillo,63.0,Masculino,Boston,Alto,6,46.38,No,Sí,Vegetariano,Sí,+1-631-816-7536x824,micheal59@example.org,Efectivo,5174
6186779550,Jennifer James,,Femenino,Boston,Medio,5,29.57,No,Sí,Vegetariano,Sí,,larrymccullough@example.net,App,2750
1712552060,Thomas Rivera,48.0,Masculino,Boston,Medio,2,26.4,No,No,Carnes,No,,,App,3460
8253725728,Matthew Harrison,79.0,Masculino,Boston,Bajo,2,13.44,Sí,Sí,Pescado,No,,,Criptomoneda,1497
2471493866,Hunter Kelley,30.0,Masculino,Boston,Medio,2,26.66,Sí,Sí,Mariscos,No,(222)258-7809,,Efectivo,2207
1943198537,Brian Camacho,48.0,Masculino,Boston,Alto,5,47.55,No,Sí,Vegetariano,No,,,Tarjeta,5900
4496194426,Matthew Chandler,49.0,Masculino,Boston,Medio,4,7.28,Sí,Sí,Carnes,Sí,,grantvelasquez@example.net,Efectivo,1644
8045859854,Steven Spears,57.0,Masculino,Boston,Bajo,2,7.12,Sí,No,Carnes,No,,,Tarjeta,1315
6579480153,Crystal Howell,75.0,Femenino,Boston,Muy Alto,7,101.86,No,No,Carnes,Sí,(430)866-8417x26619,,Efectivo,10644
6605134615,Elizabeth Jones,62.0,Femenino,Boston,Medio,2,22.42,Sí,No,Vegetariano,No,,avaldez@example.net,Tarjeta,2666
1291485707,Amanda Gregory,66.0,Femenino,Boston,Muy Alto,7,80.49,Sí,Sí,Mariscos,Sí,001-670-953-3152,navarrowayne@example.net,Efectivo,16685
1662134902,Veronica Gonzalez,59.0,Femenino,Boston,Muy Alto,7,80.72,Sí,Sí,Vegetariano,Sí,699.466.6492,michael81@example.org,Tarjeta,10949
5729910665,Daniel Garcia,60.0,Masculino,Boston,Alto,5,33.18,No,Sí,Pescado,Sí,001-666-773-4439x6636,,App,3941
9890748572,Michael Farrell,75.0,Masculino,Boston,Medio,5,29.34,Sí,Sí,Mariscos,No,,armstrongjoann@example.org,Efectivo,2422
1109845503,Alicia Berg,20.0,Femenino,Boston,Medio,2,12.95,No,Sí,Carnes,No,,leblancnicole@example.net,Efectivo,1729
6754954558,Daniel George,22.0,Masculino,Boston,Bajo,1,8.76,No,Sí,Vegetariano,No,449.568.8282x817,,Efectivo,974
6944371787,Vickie Krause,18.0,Femenino,Boston,Muy Alto,9,82.9,Sí,Sí,Vegetariano,Sí,001-931-856-8905,,Efectivo,10023
9895039022,Beth Hunter,60.0,Femenino,Boston,Medio,5,13.67,Sí,Sí,Vegetariano,No,685.981.3595x99503,jacobjohnson@example.net,Efectivo,2858
6986770846,Christopher Moore,64.0,Masculino,Boston,Alto,4,36.89,Sí,Sí,Carnes,No,,paula28@example.net,Tarjeta,5444
2295574037,Jamie Perez,23.0,Femenino,Boston,Alto,4,5.95,Sí,Sí,Otro,Sí,,rmcknight@example.org,Efectivo,5301
7923073359,Andrea Thomas,27.0,Femenino,Boston,Alto,5,47.4,No,Sí,Vegetariano,Sí,,,Efectivo,7228
8156764991,Rachel Martinez,41.0,Femenino,Boston,Medio,5,31.29,Sí,Sí,Vegetariano,No,001-880-289-4378x93727,,Tarjeta,2817
3358880404,Robin Wells,78.0,Femenino,Boston,Medio,3,29.34,Sí,No,Carnes,No,,jamiewalsh@example.org,App,2766
7835360088,Laura Williamson,36.0,Femenino,Boston,Alto,4,60.84,No,Sí,Carnes,No,,ychen@example.net,Efectivo,5170
5704029171,Kevin Francis,38.0,Masculino,Boston,Muy Alto,8,59.8,No,Sí,Vegetariano,Sí,(430)660-3064x6544,,Tarjeta,13114
1257157317,Michael Nichols,31.0,Masculino,Boston,Medio,5,7.28,Sí,No,Mariscos,No,7725495311,,Efectivo,3362
6262322526,Kristen Perez,66.0,Femenino,Boston,Muy Alto,5,42.11,Sí,Sí,Vegetariano,Sí,+1-897-442-9191x97494,,Efectivo,17739
9736920270,Donald Matthews,38.0,Masculino,Boston,Medio,2,23.28,No,No,Carnes,No,(608)865-9641x235,daltonlopez@example.org,Efectivo,2902
7665684677,Connie Edwards,21.0,Femenino,Boston,Bajo,2,9.12,No,Sí,Vegetariano,No,2083966168,allenbethany@example.com,Efectivo,1472
7016878519,Jennifer Raymond,62.0,Femenino,Boston,Medio,5,15.2,Sí,Sí,Carnes,No,001-880-947-1951x6004,,Tarjeta,3464
5836904468,Kevin Park,80.0,Masculino,Boston,Muy Alto,5,86.76,No,Sí,Vegetariano,Sí,(683)484-9626,gavinthomas@example.com,Tarjeta,17740
7243049718,James Edwards,19.0,Masculino,Boston,Alto,6,41.89,Sí,Sí,Otro,Sí,,crossvictor@example.org,Tarjeta,5206
8033702319,Christopher Wagner,22.0,Masculino,Boston,Medio,4,29.18,No,Sí,Vegetariano,No,(993)860-1758x44719,,Tarjeta,3490
4334394937,Michelle Moore,69.0,Femenino,Boston,Alto,5,50.53,No,No,Vegano,Sí,410-737-8509,wsmith@example.net,App,3808
7937815039,Lisa Pearson,48.0,Femenino,Boston,Muy Alto,6,73.5,Sí,No,Carnes,Sí,643.357.2433x691,millerjennifer@example.com,Tarjeta,15066
7601440346,Martha Frazier,62.0,Femenino,Boston,Muy Alto,9,60.37,Sí,Sí,Vegetariano,Sí,228-704-6844x9112,hhanson@example.net,Efectivo,13448
9297134758,Joseph Cruz,28.0,Masculino,Boston,Medio,5,19.18,Sí,Sí,Carnes,No,803.381.0321,,Efectivo,2999
6829891470,Bryan Williams,51.0,Masculino,Boston,Alto,5,49.9,No,Sí,Vegetariano,Sí,001-217-433-6925x022,,Tarjeta,4722
5549765719,Shawn Hopkins,68.0,Masculino,Boston,Muy Alto,8,40.21,Sí,No,Carnes,Sí,001-968-205-6381x491,martinezmelissa@example.net,App,17395
9403748506,Joshua Smith,60.0,Masculino,Boston,Medio,5,6.78,Sí,Sí,Carnes,No,001-272-587-6602x1532,,Tarjeta,3291
7291891987,Jacob Villa,71.0,Masculino,Boston,Muy Alto,5,68.88,No,Sí,Mariscos,Sí,001-338-330-9660,gward@example.net,Efectivo,10643
5465613190,Joshua Richard,69.0,Masculino,Boston,Bajo,1,10.34,No,Sí,Carnes,No,(830)684-3080,,Efectivo,1547
5311368868,Sarah Torres,20.0,Femenino,Boston,Alto,6,36.96,No,Sí,Mariscos,Sí,,bturner@example.org,Efectivo,5417
6032953124,Michael Wilson,77.0,Masculino,Boston,Medio,5,17.51,No,No,Pescado,No,5829812291,,Tarjeta,1636
5367513465,Roberto Lindsey,42.0,Masculino,Boston,Muy Alto,8,90.39,No,Sí,Otro,Sí,,,Efectivo,11294
5316320735,Jacqueline Becker,22.0,Femenino,Boston,Alto,4,35.67,No,Sí,Pescado,No,+1-247-434-7995x38369,curtis11@example.net,App,8853
9061828262,Larry Simpson,24.0,Masculino,Boston,Medio,2,30.58,No,Sí,Vegetariano,Sí,001-255-328-4791x308,heather66@example.org,Efectivo,2152
9678322585,Joel Gates,42.0,Masculino,Boston,Medio,3,7.98,Sí,No,Vegetariano,No,,,App,2151
7674841448,Michelle Cordova,55.0,Femenino,Boston,Medio,2,16.41,No,No,Vegano,No,415.687.0008x2818,rleach@example.com,Efectivo,2699
1129528814,Dawn Peters,55.0,Femenino,Boston,Medio,4,21.45,No,No,Otro,No,,baxterjennifer@example.net,Efectivo,1682
8728786271,Andrea Bell,20.0,Femenino,Boston,Bajo,3,5.05,Sí,Sí,Mariscos,No,,isteele@example.org,Efectivo,1525
2246069247,James Frank,30.0,Masculino,Boston,Muy Alto,6,16.97,Sí,Sí,Vegetariano,Sí,,,Tarjeta,9411
4417166028,Allen Moyer,47.0,Masculino,Boston,Medio,5,18.99,Sí,No,Carnes,No,458.756.2966x5123,llawson@example.com,Tarjeta,3053
6391505361,Joseph Johnson,79.0,Masculino,Boston,Alto,5,62.42,No,Sí,Vegano,Sí,752.836.7268x084,,App,7585
4848196890,Carl Le,57.0,Masculino,Boston,Muy Alto,8,73.13,No,Sí,Carnes,Sí,,,Tarjeta,10482
9653212223,Carolyn Horton,52.0,Femenino,Boston,Alto,4,13.5,No,Sí,Vegetariano,Sí,(597)360-5315x7497,,Efectivo,8647
6665159648,Lisa Crawford,63.0,Femenino,Boston,Muy Alto,9,96.94,Sí,Sí,Carnes,Sí,,,Efectivo,17273
2850820685,Anne Jackson,33.0,Femenino,Boston,Medio,5,13.44,Sí,No,Vegetariano,No,(970)391-2342,,App,1710
6386916142,Rachel Dixon,57.0,Femenino,Boston,Alto,4,46.16,No,Sí,Vegetariano,No,,,Efectivo,4010
9639472848,Krista Burns,62.0,Femenino,Boston,Bajo,3,10.23,No,Sí,Mariscos,No,,,Tarjeta,958
7610991332,Barbara Cox,29.0,Femenino,Boston,Medio,4,13.81,No,Sí,Vegetariano,No,,melissa32@example.org,Efectivo,2611
7787611241,Dana Reynolds,67.0,Femenino,Boston,Bajo,1,9.63,Sí,No,Pescado,No,707-666-1610x3037,laura27@example.net,Efectivo,1465
2784883819,Sara Franklin,33.0,Femenino,Boston,Bajo,3,9.69,No,No,Otro,No,,lovejason@example.com,Efectivo,1247
3061317781,Ashley Costa,30.0,Femenino,Boston,Bajo,2,10.56,Sí,Sí,Otro,No,473-488-5854x574,laura55@example.net,App,1274
2333070486,Thomas Shaffer,65.0,Masculino,Boston,Medio,2,14.28,Sí,No,Mariscos,No,+1-237-448-7347x5453,colecarla@example.org,Efectivo,1955
7015992643,Lisa Spencer,78.0,Femenino,Boston,Medio,5,14.72,No,No,Otro,No,487.220.7895,hhale@example.org,Tarjeta,1807
9086117171,Shelley Dillon,66.0,Femenino,Boston,Muy Alto,10,37.64,No,No,Carnes,Sí,231.682.4531x27147,katelynmurphy@example.com,App,9187
7325465784,Ivan Hernandez,80.0,Masculino,Boston,Alto,5,12.54,No,No,Otro,No,001-357-585-3637x5544,elizabethsmith@example.net,Efectivo,5949
7308117627,Christine Holland,25.0,Femenino,Boston,Alto,5,12.97,Sí,Sí,Vegano,Sí,280-543-9519x0077,jesseshelton@example.org,Efectivo,7950
9375287707,Charles Ramsey,44.0,Masculino,Boston,Medio,3,17.64,Sí,No,Vegetariano,No,307.940.3287x1439,tkim@example.org,Efectivo,2086
6723122222,Brenda Smith,48.0,Femenino,Boston,Medio,2,24.89,No,Sí,Vegetariano,No,,,Efectivo,2806
8741975262,Robin Wise,74.0,Femenino,Boston,Alto,6,26.16,Sí,No,Otro,Sí,,reedchristine@example.net,App,3702
4447261159,Melanie Morales,52.0,Femenino,Boston,Alto,4,46.64,No,No,Mariscos,No,+1-638-360-5003x18401,kaneclinton@example.net,Tarjeta,4472
8055515912,Philip Gregory,19.0,Masculino,Boston,Muy Alto,5,46.39,Sí,Sí,Carnes,Sí,273-835-0950x3373,adamrichard@example.net,Efectivo,16744
2756204830,Barbara Myers,76.0,Femenino,Boston,Medio,2,11.72,No,No,Carnes,No,663-260-1068x7322,,App,3324
8216895937,Jennifer Larsen,55.0,Femenino,Boston,Bajo,1,13.23,Sí,Sí,Mariscos,No,,,Tarjeta,1093
7774935988,Kyle Fritz,32.0,Masculino,Boston,Alto,4,39.91,Sí,No,Mariscos,Sí,001-762-759-6841,,Criptomoneda,8466
2125843231,Albert Thompson,25.0,Masculino,Boston,Alto,4,17.22,Sí,Sí,Vegetariano,Sí,,,App,7096
6634518226,David Reilly,61.0,Masculino,Boston,Bajo,1,9.14,No,Sí,Vegetariano,No,4843245865,kmoreno@example.com,Tarjeta,1343
6728633946,James Barnes,49.0,Masculino,Boston,Alto,4,49.57,No,No,Vegetariano,No,,pclark@example.org,App,5033
4664811664,Kent Taylor,33.0,Masculino,Boston,Muy Alto,9,31.08,Sí,Sí,Otro,Sí,,jennifer31@example.com,Efectivo,14845
1431946463,Caroline Malone,23.0,Femenino,Boston,Medio,5,32.69,No,Sí,Vegetariano,No,,,Tarjeta,2095
9851082595,Shawn Thompson,41.0,Masculino,Boston,Bajo,2,9.53,No,No,Mariscos,No,697-787-3380x175,jessekemp@example.org,App,1459
1823100326,Alexis Figueroa,35.0,Masculino,Boston,Bajo,1,5.44,No,No,Carnes,No,923.433.6258x9808,meganspears@example.com,Efectivo,1067
1732423444,Alexander Morgan,46.0,Masculino,Boston,Medio,4,7.93,Sí,No,Otro,No,,ballardjeffrey@example.net,Efectivo,2486
7340952947,Tina Oliver,31.0,Femenino,Boston,Alto,6,50.18,Sí,Sí,Vegano,Sí,,,Tarjeta,6532
4303059911,Kimberly Watkins,28.0,Femenino,Boston,Medio,3,24.45,Sí,Sí,Mariscos,No,9604199972,angelicaschmidt@example.com,App,1618
8694169034,Ronnie King,75.0,Masculino,Boston,Medio,2,9.89,No,Sí,Vegetariano,No,+1-696-307-2465x9017,april39@example.org,Efectivo,2607
3863150529,Allison Ball,46.0,Femenino,Boston,Alto,4,15.33,Sí,Sí,Vegetariano,Sí,3923466255,,Tarjeta,3730
9236429015,Selena Ross,52.0,Femenino,Boston,Bajo,1,14.7,Sí,Sí,Mariscos,No,,yfloyd@example.net,Tarjeta,808
7402127541,Chelsey Powell,19.0,Femenino,Boston,Muy Alto,8,78.04,Sí,Sí,Pescado,Sí,395-973-3032,jmcgee@example.org,App,11660
5868273706,Maxwell Young,65.0,Masculino,Boston,Medio,3,24.86,No,Sí,Vegetariano,No,001-974-523-2047x13215,,Efectivo,1718
6608787408,Eric Reeves,57.0,Masculino,Boston,Muy Alto,8,10.91,Sí,No,Otro,Sí,872-884-0844x4374,james86@example.net,Efectivo,14973
4676930443,Ellen Wells,23.0,Femenino,Boston,Muy Alto,6,20.07,Sí,Sí,Vegetariano,Sí,,,Tarjeta,13631
2423973123,Adrian Ramirez,76.0,Masculino,Boston,Alto,5,56.2,No,Sí,Vegetariano,Sí,697.911.0760x022,nancy89@example.net,Efectivo,4216
2103337093,Colleen Miles,59.0,Femenino,Boston,Medio,4,9.27,No,Sí,Carnes,No,416-291-5390x2114,,Tarjeta,2506
4549359628,Sharon Anderson,24.0,Femenino,Boston,Muy Alto,5,86.02,No,No,Otro,Sí,(389)571-0272x5880,,Tarjeta,10500
6741675770,Michelle Hoffman,65.0,Femenino,Boston,Alto,5,53.81,No,Sí,Mariscos,Sí,794-738-9506x313,mary12@example.com,Tarjeta,4918
3438830691,Kristin Carson,48.0,Femenino,Boston,Alto,4,58.69,Sí,Sí,Vegetariano,Sí,(262)943-5596x1481,,Efectivo,4505
4305095502,Ariel Murphy,64.0,Femenino,Boston,Alto,5,63.58,Sí,Sí,Otro,Sí,,,App,8084
9798613995,Jose Bennett,72.0,Masculino,Boston,Alto,4,15.47,No,Sí,Vegetariano,No,,lindsayjohnson@example.com,Tarjeta,8925
9319042718,Jamie Berry,27.0,Masculino,Boston,Alto,4,7.2,Sí,Sí,Vegetariano,Sí,001-403-675-9407,,Efectivo,4624
6014805529,Erin Bell,42.0,Femenino,Boston,Medio,5,30.14,Sí,No,Vegetariano,No,,tammy02@example.net,Efectivo,2859
1302883787,Erika Roberts,73.0,Femenino,Boston,Medio,2,29.11,No,No,Vegetariano,Sí,700.272.4871,,Efectivo,3417
8894783888,David Glenn,70.0,Masculino,Boston,Medio,5,29.32,No,No,Carnes,No,+1-214-223-8661,,Efectivo,2149
8603048701,Jonathan Rodriguez,46.0,Masculino,Boston,Alto,5,38.62,No,No,Mariscos,Sí,,georgehannah@example.org,Efectivo,7644
7209571615,Paula Obrien,78.0,Femenino,Boston,Medio,5,26.49,Sí,Sí,Carnes,No,3268446918,bryanjohnson@example.com,App,3213
9115282784,Terry Allen,43.0,Femenino,Boston,Alto,6,30.46,Sí,No,Mariscos,Sí,791.699.1745,powersrichard@example.net,Tarjeta,7349
4133347493,Donna Welch,45.0,Femenino,Boston,Medio,4,29.02,No,No,Vegetariano,No,9786359117,,Tarjeta,1921
6518567723,Nicholas Warner,60.0,Masculino,Boston,Medio,4,7.17,Sí,Sí,Carnes,No,6689640965,,Tarjeta,1709
6219025091,Monica Wallace,77.0,Femenino,Boston,Bajo,1,8.53,No,Sí,Vegetariano,No,,brent99@example.org,Tarjeta,1480
2795688214,Jennifer Nelson,29.0,Femenino,Boston,Muy Alto,7,19.9,Sí,Sí,Vegano,Sí,,,App,15214
9706633966,Leslie Miranda,77.0,Femenino,Boston,Bajo,3,11.27,No,Sí,Vegano,No,,brucejames@example.net,Efectivo,1135
3744752409,Shannon Collins,38.0,Femenino,Boston,Medio,5,34.9,No,Sí,Vegetariano,No,4708161072,gibbsjuan@example.net,Efectivo,2214
1237963173,Justin Smith,49.0,Masculino,Boston,Alto,4,59.0,No,No,Vegetariano,Sí,303-977-3354,,Efectivo,5703
7276995201,Corey Davis,68.0,Masculino,Boston,Alto,6,9.14,Sí,Sí,Vegetariano,Sí,(578)301-1389x782,katierichardson@example.org,Efectivo,5461
1193303039,Matthew Yu,26.0,Masculino,Boston,Muy Alto,5,97.39,No,Sí,Mariscos,Sí,(922)384-8187,,Efectivo,11135
3622142013,Gregg Gregory,40.0,Masculino,Boston,Medio,4,31.74,No,No,Mariscos,No,,,App,2129
9990781111,Dana Johnson,32.0,Femenino,Boston,Medio,2,9.21,Sí,Sí,Pescado,No,,johnsonjean@example.com,App,2265
7027608888,Brandon Cohen,24.0,Masculino,Boston,Medio,4,12.64,No,Sí,Carnes,No,(275)788-3051x92030,,Efectivo,2795
3091557458,Andrea Jackson,74.0,Femenino,Boston,Muy Alto,5,65.82,No,No,Pescado,Sí,,,App,15150
4659740195,Stephanie Nixon,28.0,Femenino,Boston,Alto,4,35.92,No,Sí,Mariscos,No,,,Tarjeta,4165
9479129458,Robert Nguyen,25.0,Masculino,Boston,Muy Alto,8,53.39,Sí,No,Carnes,Sí,,kbrady@example.org,Efectivo,11482
1373491750,Christine Greer,78.0,Femenino,Boston,Alto,4,26.81,No,Sí,Pescado,Sí,212-934-6037,georgelisa@example.net,Efectivo,7037
2941289685,Denise Nunez,42.0,Femenino,Boston,Bajo,3,10.52,No,Sí,Mariscos,No,754.667.5858x05054,,Efectivo,1491
7626054347,Jacob Baker,65.0,Masculino,Boston,Bajo,2,11.09,No,Sí,Vegetariano,No,001-352-499-7396,dennisrodgers@example.org,Efectivo,1509
7847944031,Marie Anderson,73.0,Femenino,Boston,Bajo,1,7.07,Sí,No,Mariscos,No,,,Efectivo,1199
3353553945,Andrea Sanders,50.0,Femenino,Boston,Alto,4,55.11,Sí,No,Otro,No,(913)971-0575x1203,kurtdelgado@example.org,App,8687
7354344304,Mark Ryan,71.0,Masculino,Boston,Medio,4,24.49,Sí,No,Vegetariano,No,,jordanrichard@example.org,Efectivo,1799
6495001186,Michael Hurst,29.0,Masculino,Boston,Muy Alto,8,83.26,No,Sí,Pescado,No,,umeyer@example.com,App,14891
8806977141,Matthew Miller,28.0,Masculino,Boston,Alto,5,8.9,No,Sí,Vegetariano,No,,robert47@example.com,Efectivo,4451
3656689261,Anna Blanchard,,Femenino,Boston,Muy Alto,7,102.93,Sí,Sí,Otro,Sí,,igarza@example.com,Efectivo,10230
2328758963,David Martin,49.0,Masculino,Boston,Alto,6,27.31,No,No,Mariscos,No,001-246-504-3720x52238,,App,6226
4319573907,Jennifer Smith,49.0,Femenino,Boston,Alto,5,39.63,Sí,No,Carnes,Sí,,robinsondaniel@example.net,App,8189
2312050123,Brittany Molina,43.0,Femenino,Boston,Alto,5,44.58,Sí,Sí,Otro,Sí,260-307-4210x61608,davidhenry@example.net,App,8408
8055045947,Brian Frazier,62.0,Masculino,Boston,Medio,4,15.82,Sí,Sí,Mariscos,No,,,App,2775
8192977312,Justin Howell,30.0,Masculino,Boston,Bajo,3,7.6,Sí,Sí,Carnes,No,,,Efectivo,1038
6375678453,Sierra Rodriguez,26.0,Femenino,Boston,Bajo,3,7.31,Sí,Sí,Carnes,No,872-899-0378,,Tarjeta,856
4729541444,Ryan Nielsen,74.0,Masculino,Boston,Alto,4,51.83,Sí,Sí,Carnes,Sí,,jlopez@example.org,Efectivo,7812
3206179376,Sarah Gonzalez,65.0,Femenino,Boston,Medio,2,34.52,No,Sí,Vegetariano,No,001-225-202-3161x4779,,Tarjeta,1664
8676383817,Wanda Richardson,38.0,Femenino,Boston,Muy Alto,8,24.21,Sí,No,Vegetariano,Sí,,,Tarjeta,9286
3853595056,William Jones,50.0,Masculino,Boston,Medio,2,14.03,Sí,No,Pescado,No,,rachel83@example.com,Efectivo,2806
8712094486,Gabriela Mcdonald,68.0,Femenino,Boston,Medio,3,6.65,No,Sí,Vegano,No,,alexandriabruce@example.net,Tarjeta,2533
2294608642,Wendy Jackson,69.0,Femenino,Boston,Medio,3,11.42,No,Sí,Vegetariano,No,,calvin94@example.com,Efectivo,1865
4822844188,Michael Montgomery,25.0,Masculino,Boston,Muy Alto,5,21.13,No,Sí,Vegetariano,Sí,,gallegospatricia@example.org,Efectivo,12771
6539810853,Brittany Clark,80.0,Femenino,Boston,Alto,6,18.86,No,No,Carnes,Sí,,bgarrett@example.net,Efectivo,7067
8789856602,Sheila Boone,47.0,Femenino,Boston,Bajo,1,11.16,No,No,Vegetariano,No,(968)575-9945x393,fnichols@example.org,Efectivo,1313
4033425998,Lisa Hayes,36.0,Femenino,Boston,Bajo,2,7.55,Sí,Sí,Vegetariano,No,,floresdustin@example.net,Efectivo,850
4470587327,Crystal Newman,55.0,Femenino,Boston,Alto,4,35.82,No,No,Otro,Sí,,cummingsrobert@example.net,Efectivo,4399
3978929005,Michael Best,72.0,Masculino,Boston,Medio,4,6.36,No,No,Vegetariano,No,,,Tarjeta,1655
1602569046,Amy Williams,76.0,Femenino,Boston,Bajo,2,5.68,No,Sí,Mariscos,No,001-555-605-4048x32192,,App,1093
2084637645,Samuel Ballard,74.0,Masculino,Boston,Alto,5,20.86,No,No,Vegetariano,Sí,549.809.2920,,Efectivo,4760
3334126899,Beth Nicholson,,Femenino,Boston,Alto,4,19.51,Sí,Sí,Vegetariano,Sí,3149433778,,Efectivo,7730
1237754569,Elizabeth Rice,44.0,Femenino,Boston,Alto,6,44.04,Sí,No,Vegetariano,Sí,,mwong@example.com,Tarjeta,7739
5657066246,Katherine Wolf,41.0,Femenino,Boston,Medio,2,19.41,Sí,Sí,Otro,No,(510)905-0269x24121,,Efectivo,2339
1435001664,Charles Schultz,78.0,Masculino,Boston,Alto,4,39.16,Sí,No,Carnes,No,,jeffreyrowe@example.net,App,7630
4464097279,Stephen Harris,19.0,Masculino,Boston,Muy Alto,6,48.77,No,Sí,Vegetariano,Sí,(318)998-4860x33511,goodmanashley@example.net,Efectivo,17770
2596580907,Hannah Hudson,33.0,Femenino,Boston,Alto,5,39.3,No,Sí,Mariscos,Sí,(765)732-5060x36127,vroberts@example.net,Efectivo,4792
6739501177,Beth Austin,19.0,Femenino,Boston,Medio,3,15.17,No,Sí,Vegetariano,No,,bowerskathryn@example.net,Tarjeta,2817
1591961104,Kelly Lawson,59.0,Femenino,Boston,Alto,6,26.96,No,Sí,Carnes,Sí,+1-953-257-1739x168,amycole@example.com,Tarjeta,5169
7116342175,Mary Williams,60.0,Femenino,Boston,Muy Alto,6,97.16,Sí,No,Carnes,Sí,(601)771-0953x66669,mary68@example.org,App,13251
2334901018,Terrance Johnson,77.0,Masculino,Boston,Muy Alto,7,27.59,Sí,No,Mariscos,Sí,+1-580-660-7060,michaelfoster@example.org,Efectivo,13368
1292649295,Allen Hayes,21.0,Masculino,Boston,Alto,4,5.66,Sí,Sí,Carnes,No,,barbarathompson@example.org,Tarjeta,3795
3398870360,Nichole Howard,64.0,Femenino,Boston,Medio,2,18.85,No,Sí,Carnes,No,835.601.4536x29336,,Tarjeta,3103
9894802782,James Delacruz,19.0,Masculino,Boston,Alto,6,9.44,Sí,Sí,Mariscos,Sí,,novakterrence@example.org,Efectivo,7968
9020706213,Alicia Castro,74.0,Femenino,Boston,Muy Alto,8,25.6,No,Sí,Mariscos,Sí,+1-593-608-6668x3577,,Efectivo,17653
8180373015,Sandra Bennett,36.0,Femenino,Boston,Medio,3,16.21,Sí,Sí,Otro,No,,woodlisa@example.com,Criptomoneda,2618
5726050504,Christine Osborne,63.0,Femenino,Boston,Medio,2,5.02,Sí,Sí,Mariscos,No,,,App,3384
5388083146,Michael Jenkins,73.0,Masculino,Boston,Alto,4,47.66,No,No,Mariscos,Sí,,,Tarjeta,6691
4377346239,Samantha Howard,32.0,Femenino,Boston,Medio,4,7.71,Sí,No,Carnes,No,+1-739-985-5777x62217,morgansherri@example.org,Criptomoneda,2992
8695965697,Samantha Sims,31.0,Femenino,Boston,Muy Alto,9,16.0,No,No,Vegetariano,Sí,+1-813-236-0696x22593,jameskatherine@example.com,Tarjeta,16983
9754351898,Theresa Russell,54.0,Femenino,Boston,Alto,5,30.75,Sí,No,Vegetariano,Sí,,william06@example.net,Efectivo,7978
5545104616,Nathan Cantrell,61.0,Masculino,Boston,Alto,6,18.15,Sí,Sí,Mariscos,Sí,269-204-4640x2227,teresa77@example.com,App,8523
3831788593,Karen Wood,79.0,Femenino,Boston,Muy Alto,8,94.65,No,Sí,Vegetariano,No,,,App,15906
9627321151,Joshua Haney,62.0,Masculino,Boston,Alto,5,31.24,No,Sí,Vegano,Sí,(248)995-0858,,Tarjeta,8692
7636187072,Shannon Jones,77.0,Femenino,Boston,Muy Alto,10,104.34,Sí,No,Vegetariano,Sí,(314)337-2970,kiara17@example.org,Efectivo,15006
1621706522,Kenneth Harris,42.0,Masculino,Boston,Bajo,2,12.33,No,Sí,Carnes,No,(954)237-8429x1234,tmeyer@example.com,Tarjeta,1209
9922723063,James Gray,72.0,Masculino,Boston,Alto,6,40.13,No,Sí,Vegano,Sí,+1-375-369-5111x443,parkernancy@example.com,Efectivo,4724
5384403780,Timothy King,34.0,Masculino,Boston,Medio,5,17.12,No,Sí,Vegetariano,No,,jaclyn75@example.com,Tarjeta,2847
1536742627,Sherry Dalton,29.0,Femenino,Boston,Medio,3,21.57,No,Sí,Vegetariano,Sí,+1-249-915-1071x878,,App,3210
2993032599,Steven Roberts,32.0,Masculino,Boston,Alto,6,17.13,No,No,Vegetariano,No,,kevin54@example.net,Tarjeta,8223
3855036076,Carolyn Simmons,25.0,Femenino,Boston,Medio,3,20.17,No,Sí,Carnes,Sí,549.498.0184x472,danielcollins@example.com,Tarjeta,3210
1614521710,Jeremy Nguyen,62.0,Masculino,Boston,Alto,5,37.26,No,Sí,Carnes,No,,lindseyduncan@example.net,Tarjeta,8412
8793877153,Erika Evans,60.0,Femenino,Boston,Alto,6,32.16,Sí,Sí,Mariscos,Sí,,jessica74@example.net,App,5845
1037205926,Kenneth Porter,55.0,Masculino,Boston,Alto,4,54.26,No,No,Vegetariano,Sí,,,Efectivo,6279
9898728604,Daniel Patton,31.0,Masculino,Boston,Bajo,1,11.5,Sí,Sí,Vegetariano,No,+1-259-784-1187x5687,brownheather@example.com,Efectivo,1435
4440767633,Stephanie Rojas,,Femenino,Boston,Bajo,1,10.21,Sí,Sí,Pescado,No,(420)964-7522x480,fergusondaniel@example.net,Tarjeta,1268
9920537307,Lauren Cox,74.0,Femenino,Boston,Alto,6,28.48,No,No,Vegano,Sí,,,App,5591
8747384224,Juan Lopez,36.0,Masculino,Boston,Alto,4,49.45,Sí,No,Carnes,Sí,,hansonolivia@example.com,App,4951
2400094541,Amanda Cook,68.0,Femenino,Boston,Muy Alto,7,37.07,Sí,No,Carnes,Sí,882-738-2057x4941,,Tarjeta,12437
2082168648,Thomas Gates,46.0,Masculino,Boston,Medio,4,11.61,Sí,Sí,Carnes,Sí,,laurenmartinez@example.org,Efectivo,2595
7152483300,Michelle Carey,30.0,Femenino,Boston,Bajo,1,8.06,Sí,Sí,Vegano,No,+1-236-255-5066x6024,,Efectivo,966
6199197408,Lucas Smith,49.0,Masculino,Boston,Bajo,3,11.04,No,Sí,Mariscos,No,,,App,1030
7691793292,Stacy Moran,79.0,Femenino,Boston,Medio,5,30.44,No,Sí,Vegetariano,No,001-748-799-1176x5536,,Efectivo,2014
7921115536,Donna Arias,69.0,Femenino,Boston,Medio,5,28.69,Sí,Sí,Carnes,No,,,Efectivo,2866
3526767947,Wendy Fisher,38.0,Femenino,Boston,Medio,4,11.24,No,No,Mariscos,No,,,App,3373
6925961535,Jessica Anderson,19.0,Femenino,Boston,Muy Alto,5,23.23,No,Sí,Carnes,No,843.807.0418,,App,9283
4284852101,Yesenia Gordon,56.0,Femenino,Boston,Bajo,1,5.23,Sí,Sí,Vegetariano,No,,kyledavis@example.org,Tarjeta,1248
8741735604,Joseph Stephens,75.0,Masculino,Boston,Bajo,1,5.14,Sí,No,Otro,No,,,Efectivo,969
8201193617,Sarah Perez,24.0,Femenino,Boston,Medio,4,31.08,No,Sí,Vegetariano,No,001-444-462-0134x04364,millerchristopher@example.net,Tarjeta,2212
2661614934,Anthony Collins,76.0,Masculino,Boston,Medio,5,9.69,Sí,Sí,Mariscos,No,,,Efectivo,2015
5003784239,Seth Cline,65.0,Masculino,Boston,Bajo,3,12.19,No,Sí,Pescado,No,,travishardy@example.org,Tarjeta,1125
1456922513,Jane Evans,33.0,Femenino,Boston,Muy Alto,7,94.57,No,No,Vegano,Sí,001-412-347-0995,turnertimothy@example.net,Tarjeta,9272
9471306442,David Sanchez,38.0,Masculino,Boston,Bajo,1,12.7,Sí,No,Vegano,No,,deborahkeith@example.com,Tarjeta,1369
2727568775,Katherine Mccormick,39.0,Femenino,Boston,Alto,5,48.5,No,No,Pescado,Sí,(743)713-9106,,Tarjeta,3800
8214072080,Bradley Williams,65.0,Masculino,Boston,Alto,5,61.03,Sí,Sí,Vegetariano,Sí,,,App,7979
6925721692,Linda King,52.0,Femenino,Boston,Medio,3,18.11,Sí,No,Vegetariano,Sí,870-440-9143x0695,,Tarjeta,2346
8536695308,Christina Jacobson,33.0,Femenino,Boston,Muy Alto,10,80.55,Sí,Sí,Mariscos,Sí,,wmiller@example.net,Tarjeta,16467
2014766981,Kimberly Cantu,40.0,Femenino,Boston,Medio,3,26.07,No,No,Mariscos,No,,youngwilliam@example.com,Tarjeta,2859
1619668903,Samuel Reed,37.0,Masculino,Boston,Alto,6,38.89,Sí,No,Vegetariano,Sí,(693)807-8072,,Efectivo,3627
2330956558,Christine Herrera,21.0,Femenino,Boston,Medio,2,25.43,No,Sí,Vegetariano,Sí,,thomasdean@example.com,App,1602
1252339280,Michael Anderson,40.0,Masculino,Boston,Alto,4,14.45,Sí,No,Pescado,Sí,,,Efectivo,7210
5355035936,Sandy Chambers,39.0,Femenino,Boston,Medio,4,25.16,No,No,Mariscos,No,+1-955-413-1715x32624,galvanrichard@example.net,Efectivo,2525
7278741979,Terry Sanders,70.0,Masculino,Boston,Bajo,2,10.13,No,No,Vegetariano,No,+1-590-763-2077,,Efectivo,1419
6492514258,Cory Swanson,72.0,Masculino,Boston,Alto,5,17.23,Sí,No,Carnes,Sí,+1-868-308-4549,jacquelineolson@example.net,Efectivo,4879
9457921541,Tammy Ritter,59.0,Femenino,Boston,Muy Alto,8,64.4,No,Sí,Vegano,Sí,,,Tarjeta,12742
9099178330,Robin Parker,71.0,Femenino,Boston,Medio,4,30.94,No,No,Carnes,No,001-967-649-8443x998,,Tarjeta,2454
7436951988,Julie Wood,26.0,Femenino,Boston,Bajo,3,11.82,Sí,Sí,Carnes,No,,,App,1002
5865058976,Gregory Chapman,34.0,Masculino,Boston,Medio,2,21.73,No,No,Mariscos,No,001-281-709-4312x2643,,App,1660
5885223848,Craig Lucas,63.0,Masculino,Boston,Alto,4,28.98,Sí,No,Mariscos,Sí,,kelly21@example.net,Efectivo,8663
8844922096,Dominique Bradley,27.0,Femenino,Boston,Muy Alto,8,93.36,Sí,Sí,Carnes,Sí,001-404-210-7901x0751,,Efectivo,13082
6195790140,Mark Miller,19.0,Masculino,Boston,Bajo,2,11.81,Sí,Sí,Mariscos,No,,burkeriley@example.net,Tarjeta,964
6308145610,Dennis Vargas,35.0,Masculino,Boston,Alto,6,11.76,No,Sí,Mariscos,No,648.284.9536x0980,nwhite@example.org,Efectivo,3630
6536624391,Victor Hansen,74.0,Masculino,Boston,Medio,3,8.76,No,Sí,Vegetariano,Sí,656-989-4496,brianburns@example.net,App,3487
1565424740,Emily White,26.0,Femenino,Boston,Alto,4,11.56,No,No,Pescado,Sí,(739)836-3661x264,,Efectivo,7731
5819679328,Christopher Miller,64.0,Masculino,Boston,Medio,2,8.86,Sí,Sí,Mariscos,Sí,,,Efectivo,2606
3311033719,Morgan Rollins,21.0,Femenino,Boston,Medio,2,14.6,Sí,No,Mariscos,No,921.444.3476,,Tarjeta,1639
9437615311,Jaime Hart,23.0,Femenino,Boston,Bajo,3,12.03,Sí,Sí,Carnes,No,,,App,854
1546370398,Sara Garcia,64.0,Femenino,Boston,Alto,5,10.84,Sí,Sí,Pescado,No,,,Criptomoneda,3798
3334200769,Robert Blake,20.0,Masculino,Boston,Medio,2,31.32,Sí,Sí,Vegano,No,543.769.5330x3815,gharris@example.com,Tarjeta,2335
9610867380,Willie Ellis,26.0,Masculino,Boston,Alto,5,42.2,No,Sí,Mariscos,Sí,,anthonydavis@example.com,App,6434
7132367542,Cody Contreras,75.0,Masculino,Boston,Bajo,3,12.22,No,Sí,Carnes,No,,,Tarjeta,1001
9788110644,Wendy Martin,41.0,Femenino,Boston,Medio,4,23.73,Sí,Sí,Vegetariano,No,,,App,3221
9435623888,Alexis Medina,79.0,Femenino,Boston,Alto,6,52.27,Sí,No,Otro,Sí,486-530-7167x6030,,Efectivo,3710
1159255725,Lindsay Brown,72.0,Femenino,Boston,Alto,5,64.09,Sí,Sí,Mariscos,No,9286800913,,Efectivo,8522
4375396646,Justin Roberts,26.0,Masculino,Boston,Bajo,2,11.57,No,Sí,Vegano,No,,,Efectivo,960
7115745059,David Ortega,61.0,Masculino,Boston,Muy Alto,5,32.88,Sí,No,Vegetariano,Sí,(692)787-8155,,Criptomoneda,14178
5870268894,Marissa Jones,49.0,Femenino,Boston,Alto,5,53.32,No,Sí,Vegetariano,No,+1-214-663-6819x762,,Tarjeta,8025
9689331536,Abigail Gibson,49.0,Femenino,Boston,Bajo,2,5.79,Sí,Sí,Pescado,No,(896)888-9381x1524,,App,1138
1871241447,Kathleen Ward,48.0,Femenino,Boston,Muy Alto,8,91.14,Sí,No,Mariscos,Sí,+1-724-424-4237x656,,Tarjeta,13897
5967262652,Debra Delgado,33.0,Femenino,Boston,Medio,4,28.6,Sí,Sí,Pescado,No,,,Tarjeta,2232
9710831008,Laura Melton,77.0,Femenino,Boston,Muy Alto,9,95.87,No,No,Mariscos,Sí,,colemangregory@example.org,Tarjeta,13746
1223567941,Christina Bennett,38.0,Femenino,Boston,Medio,2,9.37,Sí,No,Vegetariano,No,,ganderson@example.org,Tarjeta,2378
8902306056,Jacob Rodriguez,49.0,Masculino,Boston,Alto,5,32.08,Sí,No,Mariscos,Sí,379-272-0655x909,,Efectivo,8705
1766829608,Michele Ramsey,54.0,Femenino,Boston,Alto,5,34.91,Sí,Sí,Vegetariano,Sí,,robbinsbrandon@example.org,Efectivo,8426
3772839924,Alicia Blevins,70.0,Femenino,Boston,Medio,3,27.35,No,No,Vegetariano,No,711.638.2632,,Efectivo,2993
7078274184,Christopher Saunders,55.0,Masculino,Boston,Muy Alto,6,90.78,Sí,No,Vegetariano,Sí,421-285-1245x3080,kellygina@example.net,Efectivo,13836
1187312532,Mariah Walker,77.0,Femenino,Boston,Muy Alto,8,63.77,Sí,Sí,Vegetariano,Sí,,fgoodman@example.com,Efectivo,12660
5876924603,Matthew Rice,56.0,Masculino,Boston,Muy Alto,5,92.19,Sí,No,Carnes,Sí,827-424-1956x7736,,Tarjeta,14950
1445200444,Isaac Chavez,20.0,Masculino,Boston,Alto,6,14.06,No,Sí,Mariscos,Sí,,victorbuckley@example.org,Tarjeta,5041
4102872611,Justin Smith,46.0,Masculino,Boston,Alto,5,51.52,No,Sí,Carnes,Sí,791.375.2054x424,,Efectivo,3621
8674224347,Leslie Stewart,26.0,Femenino,Boston,Alto,4,52.82,No,Sí,Mariscos,Sí,(253)918-2260,robinboyd@example.net,Tarjeta,3610
1428229749,Nicole Collins,35.0,Femenino,Boston,Alto,4,36.16,Sí,No,Vegetariano,No,5432398424,trevorwilson@example.com,App,8155
8544535170,Seth Bradley,26.0,Masculino,Boston,Bajo,1,12.1,No,Sí,Vegetariano,No,,,Efectivo,1148
4011646400,Mallory Mitchell,33.0,Femenino,Boston,Muy Alto,7,78.31,Sí,No,Mariscos,Sí,678-595-5007,sarah12@example.net,Efectivo,12503
4403565157,Courtney Green,75.0,Femenino,Boston,Muy Alto,8,94.16,Sí,No,Vegano,Sí,579-266-3622x59278,tmartin@example.org,Efectivo,17301
8826378467,Cathy Wong,51.0,Femenino,Boston,Muy Alto,6,54.92,No,Sí,Vegano,Sí,,hawkinsevan@example.net,Tarjeta,14737
9696142091,Tiffany Richards,44.0,Femenino,Boston,Medio,5,29.14,No,No,Vegetariano,No,750-290-4690,knapptodd@example.com,App,2109
9098037639,Miguel Barrett,78.0,Masculino,Boston,Medio,4,26.12,No,No,Pescado,No,(859)438-1379x8340,hcrawford@example.com,Tarjeta,3276
4719925083,Rebecca Webb,79.0,Femenino,Boston,Muy Alto,8,62.64,Sí,Sí,Vegetariano,Sí,,vgarcia@example.org,Efectivo,13076
2187243159,Marilyn Sandoval,70.0,Femenino,Boston,Alto,6,24.78,No,Sí,Vegetariano,Sí,,,Tarjeta,5566
3783290795,Morgan Davenport,54.0,Femenino,Boston,Medio,3,27.06,Sí,Sí,Vegano,No,,johnfrancis@example.com,Tarjeta,1829
8371319661,Joshua Jones,70.0,Masculino,Boston,Medio,2,6.28,No,Sí,Vegetariano,No,(380)559-9904x93672,caseycoleman@example.org,App,2470
3525394550,Jacob Bentley,73.0,Masculino,Boston,Muy Alto,9,73.32,Sí,No,Vegetariano,Sí,,,Efectivo,16503
5568050505,Cynthia Hensley,67.0,Femenino,Boston,Muy Alto,10,97.83,No,No,Mariscos,Sí,,,Efectivo,11245
9154951818,Rodney Smith,42.0,Masculino,Boston,Muy Alto,9,15.22,No,No,Mariscos,No,,,Criptomoneda,11156
1330992932,Matthew Nguyen,76.0,Masculino,Boston,Bajo,2,8.83,No,Sí,Mariscos,No,,ricardo02@example.net,Tarjeta,1073
5333542812,Taylor Robinson,34.0,Femenino,Boston,Medio,4,10.12,No,Sí,Carnes,No,,romeroryan@example.net,Efectivo,2009
1769347154,Lauren Castro,51.0,Femenino,Boston,Muy Alto,9,41.84,Sí,No,Vegano,Sí,319.728.1228x947,conwaysarah@example.com,Tarjeta,13805
2904614281,Jared Simmons,21.0,Masculino,Boston,Alto,6,31.77,No,Sí,Mariscos,Sí,,pjohnson@example.org,Tarjeta,5886
3055273936,Kevin Williams,34.0,Masculino,Boston,Alto,6,60.62,No,No,Vegano,Sí,,,Tarjeta,5924
2498667456,Sherri Yang,61.0,Femenino,Boston,Muy Alto,9,5.13,Sí,Sí,Otro,Sí,,,Efectivo,16703
7060247848,Mary Morrison,23.0,Femenino,Boston,Medio,2,30.42,Sí,Sí,Vegano,No,5865044765,,App,2357
4249565702,Shane Henry,21.0,Masculino,Boston,Muy Alto,8,23.22,Sí,Sí,Carnes,Sí,+1-231-831-0429x6881,,Tarjeta,17560
9186055600,Lynn Jefferson,34.0,Femenino,Boston,Alto,6,18.54,No,No,Mariscos,Sí,237-406-5132x862,,Tarjeta,5820
7896596272,Jordan Phillips,57.0,Femenino,Boston,Alto,5,29.81,Sí,Sí,Pescado,No,,,App,4118
2619774970,Tony Santos,43.0,Masculino,Boston,Alto,5,17.94,No,No,Otro,Sí,,,App,5584
1942571752,Shannon Parks,60.0,Femenino,Boston,Muy Alto,7,48.69,No,Sí,Vegetariano,Sí,,,Efectivo,16331
3019275280,James White,34.0,Masculino,Boston,Muy Alto,8,23.13,Sí,No,Mariscos,Sí,,udowns@example.net,App,9560
3973842599,Donna Werner,71.0,Femenino,Boston,Alto,5,35.4,Sí,Sí,Mariscos,Sí,,,App,5477
8690256784,Barbara Frazier,52.0,Femenino,Boston,Muy Alto,6,46.79,No,Sí,Carnes,Sí,(569)873-9258,,Efectivo,13602
8785619579,Samantha Velez,44.0,Femenino,Boston,Medio,2,31.51,Sí,Sí,Pescado,No,001-587-210-6500,ericmerritt@example.net,Efectivo,2321
5972484792,Melissa Williams,50.0,Femenino,Boston,Medio,2,8.63,Sí,No,Pescado,No,,,Efectivo,2962
3076510954,Kenneth Norris,56.0,Masculino,Boston,Bajo,2,5.26,No,Sí,Carnes,No,,gvaldez@example.org,App,1202
2237386857,Thomas Welch,37.0,Masculino,Boston,Bajo,1,7.22,Sí,Sí,Carnes,No,,,App,1294
9331757656,Sierra Sanders,41.0,Femenino,Boston,Medio,4,33.33,No,Sí,Mariscos,No,413.353.5251,monicafoster@example.org,Tarjeta,2455
7580984203,Alison Arroyo,49.0,Femenino,Boston,Alto,5,36.7,No,Sí,Pescado,Sí,(693)834-4186x887,,App,7832
4281778398,Bill Reese,62.0,Masculino,Boston,Alto,4,50.13,No,No,Otro,Sí,,,Efectivo,3563
9626669076,Andrew Brown,50.0,Masculino,Boston,Medio,3,27.91,Sí,Sí,Otro,No,,colleen00@example.com,Tarjeta,2621
1712730078,Wayne Morales,31.0,Masculino,Boston,Muy Alto,6,90.89,Sí,Sí,Mariscos,Sí,(705)926-7472,simpsonbethany@example.com,Efectivo,16725
8059397349,Rita Warner,37.0,Femenino,Boston,Bajo,1,13.83,No,No,Otro,No,791-286-8502,erikakennedy@example.com,Efectivo,807
5779647674,Charles Atkins,21.0,Masculino,Boston,Alto,5,63.18,Sí,Sí,Vegetariano,Sí,,schneiderwanda@example.net,Tarjeta,5514
6178776388,Autumn Atkinson,34.0,Femenino,Boston,Bajo,3,6.83,No,Sí,Vegetariano,No,,,Efectivo,931
5406135103,Ross Johnson,56.0,Masculino,Boston,Medio,2,8.62,Sí,Sí,Vegetariano,No,373.732.3718x4238,ybell@example.org,Tarjeta,1622
4917150323,Jonathan Payne,62.0,Masculino,Boston,Muy Alto,5,62.69,Sí,No,Otro,Sí,,wattsamy@example.com,Tarjeta,17135
1751001646,Hannah Bradshaw,49.0,Femenino,Boston,Alto,6,24.18,No,Sí,Otro,Sí,,lawrence23@example.com,Tarjeta,4018
2383529893,Aaron Stewart,32.0,Masculino,Boston,Medio,2,13.62,Sí,No,Mariscos,No,,,Efectivo,2778
6211807189,Angela Vargas,53.0,Femenino,Boston,Medio,4,30.42,No,Sí,Vegetariano,No,7988234907,hortonjay@example.org,Efectivo,1762
8694232598,Jordan West,53.0,Femenino,Boston,Medio,2,10.74,Sí,Sí,Vegetariano,No,001-996-693-4666x761,,Efectivo,3474
3717582347,David Curry,37.0,Masculino,Boston,Medio,3,28.27,No,Sí,Carnes,No,001-765-845-1417x24425,,Efectivo,3242
3916142604,James Hunt,34.0,Masculino,Boston,Alto,5,18.9,No,No,Mariscos,No,,,App,5107
3348758451,Duane Douglas,29.0,Masculino,Boston,Alto,6,59.63,No,Sí,Mariscos,Sí,(787)786-3963x2047,,Tarjeta,5520
9285393377,Jasmine Wright,72.0,Femenino,Boston,Muy Alto,10,35.29,Sí,Sí,Carnes,Sí,,,Efectivo,9462
9353816138,Robin Johnson,53.0,Femenino,Boston,Muy Alto,10,85.2,Sí,Sí,Pescado,Sí,+1-554-906-1902,,Efectivo,9707
4151424943,Victor Adams,73.0,Masculino,Boston,Medio,3,25.45,No,No,Vegano,No,,leslie59@example.com,Efectivo,2263
1334389533,Brianna Kelly,53.0,Femenino,Boston,Medio,2,14.3,Sí,No,Vegetariano,No,001-986-631-3507x21706,eddiemacias@example.org,Tarjeta,3241
8875414584,David Lewis,42.0,Masculino,Boston,Alto,6,30.36,No,Sí,Pescado,Sí,(484)593-8822,karen75@example.net,Efectivo,7300
6616594327,Bryan Garcia,18.0,Masculino,Boston,Alto,4,19.47,Sí,Sí,Pescado,Sí,(654)341-1529,,App,3680
4198375570,Matthew Jenkins,38.0,Masculino,Boston,Muy Alto,6,19.78,Sí,Sí,Carnes,Sí,,,Tarjeta,14864
3133645707,Anne Chambers,25.0,Femenino,Boston,Medio,4,9.18,No,Sí,Vegetariano,No,+1-813-268-3660,jgonzalez@example.org,Efectivo,3078
5331829494,Tiffany Contreras,22.0,Femenino,Boston,Medio,2,15.3,Sí,Sí,Vegetariano,No,,,Efectivo,3172
2602441193,John Smith,61.0,Masculino,Boston,Muy Alto,5,43.47,Sí,Sí,Mariscos,Sí,001-496-374-1875x35329,robertsraymond@example.com,Efectivo,11803
2048345633,Thomas James,65.0,Masculino,Boston,Bajo,1,12.4,No,Sí,Vegetariano,No,,,App,1050
8194528779,Tyler Williams,42.0,Masculino,Boston,Medio,5,27.79,Sí,Sí,Vegano,No,746.515.1805,,Efectivo,3013
9675845962,Karen Fuentes,32.0,Femenino,Boston,Medio,3,20.97,No,No,Mariscos,Sí,,,Tarjeta,3086
4413838650,Marcus Carter,29.0,Masculino,Boston,Alto,4,36.06,No,Sí,Pescado,No,(898)954-4459,gbaker@example.com,Tarjeta,5093
1951811572,Cameron Chandler,67.0,Masculino,Boston,Medio,3,18.05,No,Sí,Vegetariano,No,,,Efectivo,3272
4606859368,Erik Key,57.0,Masculino,Boston,Medio,5,34.97,No,Sí,Pescado,Sí,,cmason@example.org,Tarjeta,2529
7060743623,Tina Scott,54.0,Femenino,Boston,Bajo,2,11.73,No,No,Pescado,No,742-211-2208x7345,emartinez@example.net,Efectivo,1410
4417680720,Steven Bond,49.0,Masculino,Boston,Medio,3,7.82,Sí,Sí,Otro,No,(569)698-6310x9506,brendanbowers@example.com,Efectivo,2861
9452854027,Yvonne Harding,55.0,Femenino,Boston,Alto,4,62.12,Sí,Sí,Carnes,Sí,,patrickhamilton@example.org,App,8641
4744348135,Jessica Lopez,72.0,Femenino,Boston,Medio,5,28.68,No,No,Mariscos,No,6893030463,,App,2181
1449483973,Pamela Collins,70.0,Femenino,Boston,Alto,5,50.25,No,Sí,Pescado,No,730.603.4772x44898,rodriguezmichael@example.net,Tarjeta,7643
7386087602,Dustin Little,68.0,Masculino,Boston,Medio,4,5.16,No,No,Mariscos,No,(872)380-2454,katelyn66@example.net,Efectivo,2848
5749172022,Rick Johnson,68.0,Masculino,Boston,Alto,5,64.88,Sí,No,Vegetariano,Sí,,laurahenderson@example.com,Efectivo,8290
4187186181,Kevin Edwards,30.0,Masculino,Boston,Alto,6,22.77,Sí,No,Vegetariano,No,,josephbrown@example.org,Efectivo,6236
3814118428,Michael Hanson,79.0,Masculino,Boston,Alto,4,55.51,No,Sí,Vegano,Sí,001-833-896-0908x82694,angela70@example.net,Tarjeta,5235
7972504667,Ryan Stewart,47.0,Masculino,Boston,Muy Alto,7,80.21,Sí,No,Vegano,Sí,7946614651,,Efectivo,13460
6977478491,Yvette Conrad,46.0,Femenino,Boston,Alto,6,17.98,Sí,Sí,Otro,Sí,(621)675-4132x273,,App,4426
8548080415,Sue Galvan,21.0,Femenino,Boston,Muy Alto,6,50.02,Sí,Sí,Vegetariano,Sí,(577)956-1738x0129,,Efectivo,17481
2803331081,Luke Clark,64.0,Masculino,Boston,Medio,3,28.23,Sí,Sí,Pescado,Sí,,,Efectivo,3157
9526141003,Cheyenne Odom,32.0,Femenino,Boston,Alto,4,35.6,No,Sí,Otro,Sí,,meltonjohn@example.org,Efectivo,6255
4918891148,Matthew Cohen,44.0,Masculino,Boston,Medio,5,16.08,No,Sí,Vegetariano,No,,,Efectivo,1726
6223550582,Heidi English,59.0,Femenino,Boston,Medio,3,34.46,No,No,Vegano,No,,,App,1815
2822728685,James Rodriguez,29.0,Masculino,Boston,Alto,5,15.09,Sí,Sí,Mariscos,No,,,Efectivo,5766
1347693225,Jonathan Olson,36.0,Masculino,Boston,Muy Alto,8,24.72,No,No,Carnes,Sí,9953795036,amanda04@example.com,App,10798
3838517397,Ashley Humphrey,48.0,Femenino,Boston,Bajo,3,9.92,No,Sí,Otro,No,,lynchrobin@example.org,Efectivo,977
2373782379,Jason Martin,45.0,Masculino,Boston,Medio,4,11.28,Sí,Sí,Mariscos,No,640.731.5778x79478,philip80@example.com,Efectivo,1782
9608216778,Dorothy Meyer,63.0,Femenino,Boston,Bajo,3,7.41,Sí,Sí,Pescado,No,,thomas87@example.com,Efectivo,852
1620123277,Jamie Brown,35.0,Femenino,Boston,Muy Alto,9,40.03,Sí,No,Mariscos,Sí,(648)468-1075,,Tarjeta,16233
4444084557,Evan Rodriguez,36.0,Masculino,Boston,Medio,2,15.35,Sí,No,Vegetariano,No,,,App,1721
8795626937,Megan Salazar,72.0,Femenino,Boston,Alto,5,56.89,No,No,Carnes,Sí,,camachochristopher@example.com,Efectivo,7660
5815968802,Ivan Rowe,35.0,Masculino,Boston,Muy Alto,9,21.27,Sí,No,Otro,Sí,(423)635-2533,charles77@example.org,App,10835
4990341633,Laura Bryant,61.0,Femenino,Boston,Muy Alto,6,83.98,No,No,Carnes,Sí,256.842.0548,jeffrey96@example.net,Tarjeta,12182
9866960280,Julia Dunlap,78.0,Femenino,Boston,Muy Alto,8,58.33,Sí,Sí,Mariscos,Sí,,roberto55@example.net,App,10930
6109151668,Steven Lam,29.0,Masculino,Boston,Alto,5,38.12,No,Sí,Vegetariano,Sí,,,Tarjeta,4066
5150090143,Kristin Davis,56.0,Femenino,Boston,Alto,6,54.23,No,No,Mariscos,No,,kelly51@example.com,Tarjeta,4402
5003557260,Eric Henry,24.0,Masculino,Boston,Medio,3,14.66,No,Sí,Vegetariano,No,,,Efectivo,3293
2407744889,Michelle Long,59.0,Femenino,Boston,Bajo,2,13.83,No,Sí,Carnes,No,,marco36@example.org,Tarjeta,1352
5783183968,Joseph Frank,48.0,Masculino,Boston,Medio,2,20.65,No,Sí,Vegetariano,No,+1-381-561-2509x687,,Criptomoneda,1763
9433104084,Albert Johnson,,Masculino,Boston,Alto,5,11.55,No,No,Mariscos,Sí,,,Efectivo,4451
1562021516,Ryan Hamilton,25.0,Masculino,Boston,Muy Alto,8,58.71,No,Sí,Vegetariano,No,,scottgonzalez@example.net,App,15195
5627934140,Christie Cummings,79.0,Femenino,Boston,Medio,4,23.47,No,No,Vegano,No,,martinezvicki@example.net,Efectivo,3366
9015974001,Anthony Chavez,32.0,Masculino,Boston,Medio,2,19.21,No,Sí,Mariscos,No,826-352-3028,jonathanmejia@example.net,Efectivo,1626
7402836356,Michael Davis,55.0,Masculino,Boston,Medio,3,29.08,Sí,No,Vegetariano,No,,,Efectivo,2850
3386646220,Wesley Murphy,27.0,Masculino,Boston,Muy Alto,5,89.61,No,Sí,Vegetariano,Sí,,,Tarjeta,14249
5160329022,Joshua Mccoy,38.0,Masculino,Boston,Medio,3,9.9,No,No,Carnes,Sí,894-322-8026x8489,,App,3326
8709157148,Wendy Beasley,56.0,Femenino,Boston,Alto,6,38.8,No,Sí,Otro,Sí,(330)634-7094x9510,pellis@example.com,Tarjeta,6539
1332767245,Kari Lopez,28.0,Femenino,Boston,Medio,2,31.01,Sí,Sí,Otro,No,,,App,1994
9853109380,Angela Cooper,66.0,Femenino,Boston,Bajo,3,14.67,Sí,Sí,Vegetariano,No,488-763-1551,,Tarjeta,1277
2161004015,Sean Bishop,68.0,Masculino,Boston,Medio,5,6.53,No,Sí,Vegetariano,No,,,Tarjeta,2362
5217582539,Bradley Bailey,65.0,Masculino,Boston,Medio,3,31.12,Sí,Sí,Vegetariano,No,,,Tarjeta,2809
9658975002,Craig Stevens,80.0,Masculino,Boston,Medio,3,11.14,Sí,Sí,Carnes,No,,gmurillo@example.org,Efectivo,3160
2105462969,Natalie Williams,60.0,Femenino,Boston,Bajo,2,6.38,Sí,Sí,Pescado,No,,patrickpitts@example.com,Tarjeta,1527
2661921430,Raymond Williams,21.0,Masculino,Boston,Medio,4,20.82,No,No,Pescado,No,677-649-5162,hamptoncalvin@example.com,Tarjeta,2959
9405698506,Zachary Michael,42.0,Masculino,Boston,Alto,5,46.91,Sí,No,Mariscos,Sí,,,App,3784
7259307820,Andrea Smith,67.0,Femenino,Boston,Muy Alto,6,36.58,No,Sí,Mariscos,Sí,(851)455-7756,laurencook@example.net,Tarjeta,17527
4507175873,Sara Herman,38.0,Femenino,Boston,Muy Alto,9,104.17,Sí,Sí,Mariscos,Sí,001-682-752-4541x8725,,Efectivo,9988
5674420102,Steven Moreno,51.0,Masculino,Boston,Medio,5,11.25,No,No,Pescado,Sí,,beckerjohn@example.org,Efectivo,2109
6979865710,Taylor Russo,50.0,Masculino,Boston,Alto,4,9.13,Sí,No,Mariscos,No,,,Tarjeta,7386
3154036452,Jeffrey Bailey,72.0,Masculino,Boston,Muy Alto,9,104.29,Sí,No,Carnes,Sí,,tblack@example.org,Efectivo,16685
9333100929,Jessica Tanner,55.0,Femenino,Boston,Medio,4,19.44,No,Sí,Carnes,No,,richardseric@example.net,Tarjeta,1606
8987030580,Cody Powell,65.0,Masculino,Boston,Bajo,2,6.62,Sí,Sí,Vegetariano,No,,,App,1301
8707128172,Tyler James,39.0,Masculino,Boston,Bajo,2,8.71,No,No,Vegetariano,No,,,App,1361
5431267548,Daniel Jimenez,78.0,Masculino,Boston,Medio,3,21.43,No,No,Vegetariano,No,,jessica33@example.com,App,3063
9064406333,Brandon Hall,52.0,Masculino,Boston,Muy Alto,9,94.52,Sí,Sí,Vegetariano,Sí,+1-240-803-1662x8128,,App,14223
7479446952,Allen Rogers,18.0,Masculino,Boston,Muy Alto,7,68.98,Sí,Sí,Vegetariano,Sí,,sheabenjamin@example.org,Tarjeta,9171
5813233039,Michael Osborne,33.0,Masculino,Boston,Medio,5,16.8,No,Sí,Mariscos,Sí,,terrylewis@example.net,App,3171
9505411848,Lindsey Diaz,50.0,Femenino,Boston,Bajo,3,8.84,Sí,Sí,Mariscos,No,6467371874,qmorton@example.com,App,1171
2367360047,John Myers,34.0,Masculino,Boston,Medio,2,21.62,Sí,No,Carnes,No,001-887-542-2699x20038,cooleysylvia@example.com,Tarjeta,3264
8640143749,Yolanda Hall,43.0,Femenino,Boston,Medio,2,25.84,No,No,Pescado,No,,,Efectivo,2910
9162703696,Amy Morales,77.0,Femenino,Boston,Alto,5,23.96,Sí,Sí,Otro,No,,jodichen@example.org,App,3656
3318559642,Yvette Parks,74.0,Femenino,Boston,Alto,5,47.26,Sí,No,Otro,Sí,712-537-8818x8691,kerrijohnson@example.net,Efectivo,6338
2994372820,Christopher Romero,59.0,Masculino,Boston,Muy Alto,5,15.52,No,Sí,Vegetariano,Sí,,,App,14037
2062182961,Brett Stone,30.0,Masculino,Boston,Alto,5,53.35,No,Sí,Vegetariano,Sí,,joy56@example.net,Efectivo,5902
2375325559,Deborah White,64.0,Femenino,Boston,Alto,5,33.71,No,Sí,Carnes,No,616.829.9021,,Tarjeta,3708
9832077152,Brenda Gill,42.0,Femenino,Boston,Alto,6,26.31,Sí,Sí,Carnes,No,,,App,6264
3288395785,Derek Brown,34.0,Masculino,Boston,Medio,3,30.07,Sí,Sí,Vegetariano,No,,jay75@example.com,Efectivo,2592
8271044879,Daniel Heath,20.0,Masculino,Boston,Medio,3,16.13,Sí,Sí,Vegetariano,No,955.421.6783x46080,,App,2042
3960300781,Heather Rodriguez,21.0,Femenino,Boston,Medio,2,24.64,No,Sí,Carnes,No,,heathcorey@example.net,Tarjeta,3098
9873992355,Christina Arroyo,50.0,Femenino,Boston,Muy Alto,6,79.99,No,No,Vegetariano,Sí,+1-782-778-1172x24304,,Tarjeta,15950
2577876842,Dylan Nguyen,54.0,Masculino,Boston,Muy Alto,5,90.92,No,No,Carnes,Sí,(757)651-2581,,App,10985
9066784112,Mary Ashley,32.0,Femenino,Boston,Bajo,1,7.61,Sí,Sí,Mariscos,No,001-300-525-6094x04658,ibarrapaul@example.org,Efectivo,1554
5414229802,Brenda Charles,24.0,Femenino,Boston,Medio,2,9.03,Sí,Sí,Carnes,No,,,Tarjeta,3135
1707196784,Tammy Clark,37.0,Femenino,Boston,Muy Alto,5,32.64,Sí,No,Otro,Sí,,emilywright@example.org,Efectivo,10652
6568908323,Janet Vaughn,56.0,Femenino,Boston,Alto,5,30.58,No,No,Carnes,No,962-261-8125,,Tarjeta,8066
3145756342,Christopher Morgan,68.0,Masculino,Boston,Muy Alto,7,79.44,No,Sí,Vegetariano,Sí,384.431.5948x04128,villarrealmark@example.net,App,17342
9833017283,Kevin Ferguson,60.0,Masculino,Boston,Muy Alto,8,50.68,No,Sí,Mariscos,Sí,,,Tarjeta,16262
5495872589,Joshua Clark,60.0,Masculino,Boston,Muy Alto,9,30.77,No,Sí,Mariscos,No,628-809-5342x19169,kevin90@example.net,App,10389
8885201792,Holly Garcia,45.0,Femenino,Boston,Medio,3,23.48,Sí,No,Vegetariano,No,,,Efectivo,2710
3522436413,Barbara Chambers,65.0,Femenino,Boston,Muy Alto,7,52.53,Sí,Sí,Vegano,Sí,520.689.1925,bradleycassandra@example.net,Efectivo,15317
7602390866,Bryan Mcclure,41.0,Masculino,Boston,Alto,5,55.62,Sí,Sí,Vegano,Sí,,reiddarlene@example.net,Tarjeta,4337
2457552462,Tiffany Michael,29.0,Femenino,Boston,Medio,2,16.49,Sí,Sí,Mariscos,No,618-740-4021x088,,Efectivo,2222
1457884272,Ronnie Salazar,58.0,Masculino,Boston,Muy Alto,7,22.41,No,Sí,Vegetariano,Sí,,,App,17353
9554370870,Kenneth Smith,65.0,Masculino,Boston,Muy Alto,10,47.47,Sí,No,Pescado,Sí,,,App,14324
9032517775,Karen Barron,78.0,Femenino,Boston,Medio,4,30.81,Sí,Sí,Vegetariano,No,,raymond76@example.net,Efectivo,3245
8870201728,Zachary Harris,45.0,Masculino,Boston,Alto,4,59.56,No,No,Carnes,No,,morenoamber@example.com,Efectivo,3744
6706086556,Amanda Oliver,21.0,Femenino,Boston,Alto,4,8.43,Sí,Sí,Vegetariano,Sí,001-490-765-1059x927,josephberger@example.net,Tarjeta,6830
1530957399,Amy Cox,55.0,Femenino,Boston,Medio,2,31.17,Sí,No,Carnes,No,001-236-258-4354x313,,Tarjeta,3030
7944662433,Julia Baker,53.0,Femenino,Boston,Medio,4,29.62,No,Sí,Vegetariano,Sí,+1-779-818-4398x47543,,App,1616
8761469117,Lisa Fields,35.0,Femenino,Boston,Alto,4,6.15,No,No,Mariscos,Sí,001-999-550-7793x70497,,Efectivo,7473
9191999949,Rebecca Davis,74.0,Femenino,Boston,Medio,2,15.28,Sí,No,Vegetariano,No,,,Efectivo,2504
7027659405,Nicole Martin,58.0,Femenino,Boston,Muy Alto,5,63.3,No,Sí,Carnes,Sí,(406)801-0855x342,adkinscarrie@example.net,App,16204
6572499854,Brandi Morales,70.0,Femenino,Boston,Bajo,1,10.3,Sí,Sí,Mariscos,No,533.952.7600,,App,1073
3205542649,Danny Haynes,36.0,Masculino,Boston,Medio,5,33.6,No,Sí,Mariscos,Sí,,,Efectivo,3467
5783809766,Sheila Anderson,44.0,Femenino,Boston,Bajo,2,9.78,Sí,No,Vegano,No,,pvaughn@example.org,App,1580
5850511723,Thomas Green,66.0,Masculino,Boston,Muy Alto,8,97.79,No,No,Carnes,Sí,616-566-3945,,Tarjeta,13385
2447901201,Anna Leon,70.0,Femenino,Boston,Alto,6,21.09,Sí,No,Mariscos,Sí,,wilsonwilliam@example.com,Efectivo,7237
6760652905,Michael Krause,31.0,Masculino,Boston,Muy Alto,9,20.18,Sí,Sí,Carnes,Sí,714.926.4745,,Efectivo,14867
6977205339,Patrick Brown,28.0,Masculino,Boston,Medio,5,29.8,No,Sí,Carnes,Sí,,,App,2936
1398270304,Richard Miller,48.0,Masculino,Boston,Muy Alto,8,40.17,Sí,No,Carnes,Sí,,vwalker@example.org,Tarjeta,9962
1439427140,Debra Freeman,32.0,Femenino,Boston,Muy Alto,8,23.3,No,Sí,Carnes,Sí,,,Tarjeta,17040
4331958769,Mark Potter,23.0,Masculino,Boston,Bajo,1,5.55,No,Sí,Mariscos,No,,obrienwanda@example.org,App,1501
8979623823,Margaret Aguilar,21.0,Femenino,Boston,Alto,5,54.94,Sí,Sí,Vegano,Sí,,,Efectivo,7121
6965973187,Mark Johnson,30.0,Masculino,Boston,Alto,5,64.62,Sí,Sí,Vegetariano,No,,,Tarjeta,5843
1615024545,Eric Walker,66.0,Masculino,Boston,Alto,6,59.72,No,No,Mariscos,Sí,(649)307-7677x74089,,Efectivo,3666
6358016493,Sean Ward,19.0,Masculino,Boston,Bajo,1,8.72,No,Sí,Vegetariano,No,,jennifer63@example.net,Efectivo,1184
8550092372,Teresa Martinez,66.0,Femenino,Boston,Medio,2,6.05,No,No,Mariscos,No,419.207.2035x7935,,Tarjeta,3395
6969444479,Emma Bryant,46.0,Femenino,Boston,Alto,4,55.34,Sí,Sí,Vegetariano,Sí,+1-391-854-6597,jaredmckee@example.com,Tarjeta,7259
7109428566,Brittany Becker,63.0,Femenino,Boston,Muy Alto,10,21.36,No,Sí,Carnes,Sí,+1-271-289-9896,ejohnson@example.org,Efectivo,17181
8381858171,Megan Davis,46.0,Femenino,Boston,Muy Alto,7,42.12,Sí,No,Vegetariano,Sí,001-541-996-5307x8046,,Efectivo,14923
8586238650,Julie Kelly,78.0,Femenino,Boston,Muy Alto,6,85.5,Sí,Sí,Mariscos,Sí,+1-491-626-2647x102,,Tarjeta,15346
3442449010,Taylor Taylor,34.0,Femenino,Boston,Alto,4,52.46,No,Sí,Mariscos,Sí,,johnsonmegan@example.com,Efectivo,4841
4197230378,Teresa Rivera,40.0,Femenino,Boston,Alto,4,63.5,Sí,Sí,Vegetariano,Sí,,,Efectivo,3536
6164858171,Victoria Peters,70.0,Femenino,Boston,Alto,4,40.24,Sí,Sí,Vegetariano,No,,moralescaleb@example.com,Efectivo,6210
8297792536,Richard Jones,69.0,Masculino,Boston,Bajo,2,13.71,Sí,Sí,Carnes,No,,awolfe@example.com,Tarjeta,1320
5630801355,Charles Nguyen,27.0,Masculino,Boston,Bajo,3,7.44,Sí,Sí,Vegano,No,,levi45@example.net,App,1070
5647877356,Corey Brown,77.0,Masculino,Boston,Bajo,3,11.58,Sí,No,Vegano,No,,iwoods@example.net,App,1341
8027741130,John Wiley,21.0,Masculino,Boston,Alto,4,23.25,No,No,Vegetariano,Sí,,jamiescott@example.org,App,5857
1406394502,Omar Campos,80.0,Masculino,Boston,Alto,6,56.66,No,No,Vegano,No,,,App,3844
5205684275,Alexis Ortiz,66.0,Femenino,Boston,Alto,6,26.28,No,Sí,Carnes,Sí,+1-962-771-9562,,Tarjeta,7132
5084820658,Renee Duran,35.0,Femenino,Boston,Muy Alto,10,5.23,Sí,No,Vegano,Sí,,arnoldlaurie@example.com,Criptomoneda,16381
9878131531,Tracey Kelly,34.0,Femenino,Boston,Medio,5,30.74,No,Sí,Pescado,No,,,Efectivo,2756
3032182131,David Ward,26.0,Masculino,Boston,Alto,5,49.36,No,Sí,Vegetariano,Sí,3475441732,david01@example.org,Efectivo,3759
8244692595,Lorraine Williams,50.0,Femenino,Boston,Muy Alto,7,6.36,Sí,No,Vegano,No,918.642.4732,,Tarjeta,13697
6816774811,Lisa Escobar,31.0,Femenino,Boston,Medio,5,18.82,No,Sí,Vegano,Sí,,,Efectivo,3449
2969039204,Christopher Garrison,47.0,Masculino,Boston,Muy Alto,7,22.56,Sí,Sí,Vegetariano,Sí,(429)226-0702x98583,ihanna@example.com,Tarjeta,11239
6896899328,Taylor Meyers,26.0,Femenino,Boston,Bajo,2,10.06,Sí,Sí,Mariscos,No,,mallorydavis@example.net,Tarjeta,945
4372469277,Crystal Young,63.0,Femenino,Boston,Muy Alto,9,90.79,Sí,Sí,Vegetariano,Sí,,,Efectivo,17756
1276636551,Emma Figueroa,61.0,Femenino,Boston,Bajo,2,10.95,No,No,Vegetariano,No,+1-820-887-1781x0975,wilkinsonjoseph@example.net,App,935
3011229698,Justin Davis,52.0,Masculino,Boston,Medio,2,26.28,Sí,Sí,Pescado,No,715-584-7395,abigail77@example.net,Tarjeta,3334
3657690846,Tasha Smith,50.0,Femenino,Boston,Alto,5,52.43,Sí,Sí,Otro,Sí,,christopherclay@example.com,App,5090
6545740371,Mackenzie Davis,55.0,Femenino,Boston,Alto,6,10.04,No,Sí,Carnes,Sí,,,App,8543
5533543603,Tyler Hoffman,26.0,Masculino,Boston,Muy Alto,10,52.01,Sí,Sí,Carnes,Sí,,gabrieltaylor@example.com,Efectivo,13914
4255914897,Lauren Macdonald,21.0,Femenino,Boston,Alto,5,7.16,No,Sí,Vegetariano,Sí,+1-638-453-0456x9243,,App,5282
3895042700,David Hall,37.0,Masculino,Boston,Alto,4,23.95,Sí,No,Carnes,No,,susan15@example.net,Efectivo,8673
7000390965,Jeffrey Drake,23.0,Masculino,Boston,Muy Alto,8,102.93,No,Sí,Otro,Sí,001-775-799-2964,,Efectivo,11086
2092282503,Bryan Pratt,,Masculino,Boston,Muy Alto,8,22.44,No,No,Otro,Sí,701-452-1033,lindsay47@example.net,Efectivo,9582
1810199665,Gina Johnson,62.0,Femenino,Boston,Medio,5,21.89,Sí,No,Otro,No,(613)717-7185x350,,Tarjeta,1917
6254202750,Robert Rodriguez,68.0,Masculino,Boston,Muy Alto,9,37.05,No,Sí,Pescado,Sí,001-549-670-2263x6697,andersonedward@example.net,Efectivo,9187
1706906069,Diana Davis,73.0,Femenino,Boston,Muy Alto,6,20.96,No,Sí,Vegetariano,Sí,+1-430-656-1194x19121,timothyflores@example.com,Efectivo,14932
4932608001,Robert Hines,53.0,Masculino,Boston,Bajo,2,14.8,Sí,Sí,Vegetariano,No,,smithphillip@example.com,Tarjeta,843
3235770198,Joseph Webb,63.0,Masculino,Boston,Bajo,1,14.9,Sí,Sí,Mariscos,No,,,Tarjeta,895
7724091648,Carmen Owens,49.0,Femenino,Boston,Alto,6,20.11,Sí,Sí,Vegetariano,Sí,,nkennedy@example.com,App,6840
7794142030,Paige Nelson,38.0,Femenino,Boston,Alto,5,,No,Sí,Carnes,No,+1-784-785-7884,,App,6225
1389170029,Aimee Yang,70.0,Femenino,Boston,Bajo,3,13.89,Sí,Sí,Vegano,No,883-962-5098x009,,App,1438
5004358412,Maria Chen,45.0,Femenino,Boston,Medio,2,22.15,No,No,Mariscos,Sí,001-338-997-2726x7637,patriciascott@example.org,Efectivo,1914
5068935438,Jasmine Arnold,41.0,Femenino,Boston,Muy Alto,10,34.27,Sí,Sí,Vegetariano,Sí,(376)569-3032,croberts@example.net,App,9753
3304560537,Mary Potter,71.0,Femenino,Boston,Alto,4,7.52,No,Sí,Mariscos,Sí,371.893.5888x369,brittany25@example.com,Efectivo,8793
4238750343,Jennifer Hart,66.0,Femenino,Boston,Medio,3,31.83,No,No,Otro,No,,,App,3160
1504534748,Lori Brown,68.0,Femenino,Boston,Muy Alto,7,98.46,Sí,Sí,Carnes,Sí,001-989-927-6961x08292,,Efectivo,17636
5496051642,Emily Acevedo,44.0,Femenino,Boston,Alto,5,6.9,No,Sí,Vegetariano,Sí,,,Tarjeta,6446
9067895627,Matthew Alvarez,61.0,Masculino,Boston,Muy Alto,10,66.5,No,Sí,Carnes,Sí,,,Tarjeta,14271
4451530412,Robert Ward,62.0,Masculino,Boston,Medio,4,13.54,No,Sí,Vegetariano,Sí,,,App,3257
6214917780,Kyle Schwartz,46.0,Masculino,Boston,Muy Alto,6,69.42,No,Sí,Vegano,Sí,001-829-748-3281x87024,danielgreene@example.com,App,17129
7918216748,Greg Ramirez,43.0,Masculino,Boston,Alto,5,50.12,Sí,Sí,Carnes,Sí,,garrettjohnson@example.com,App,8942
9370457946,Sara Norris,61.0,Femenino,Boston,Bajo,3,12.18,No,Sí,Otro,No,878-704-3325,floresjennifer@example.net,Tarjeta,1264
7045772988,Rachel Peck,51.0,Femenino,Boston,Bajo,3,14.47,Sí,Sí,Mariscos,No,,,Tarjeta,1543
5099431684,Laura Schaefer,76.0,Femenino,Boston,Bajo,3,9.88,No,No,Pescado,No,,petercook@example.net,Tarjeta,1521
7596745715,James Saunders,66.0,Masculino,Boston,Bajo,2,11.7,Sí,No,Vegano,No,7199378192,jonathan43@example.com,Efectivo,1344
2136107759,James Brooks,31.0,Masculino,Boston,Medio,5,6.82,No,Sí,Mariscos,No,,,Tarjeta,2706
7100828492,David Rodriguez,20.0,Masculino,Boston,Muy Alto,6,86.92,Sí,Sí,Pescado,Sí,,,Tarjeta,14770
4761528424,Julia Kelly,67.0,Femenino,Boston,Medio,5,32.23,No,No,Vegano,No,,wendybyrd@example.org,Efectivo,3101
2675653639,Seth Smith,48.0,Masculino,Boston,Alto,6,40.97,No,Sí,Vegetariano,No,,,Efectivo,7111
9951438831,Erica Adams,32.0,Femenino,Boston,Alto,5,38.51,Sí,No,Vegetariano,Sí,+1-388-953-4132x258,,Efectivo,8948
6727637971,Paul Campbell,29.0,Masculino,Boston,Muy Alto,6,23.32,No,Sí,Mariscos,Sí,(807)472-0464x408,,App,14638
4201293805,Sandra Palmer,74.0,Femenino,Boston,Medio,5,14.38,No,No,Vegetariano,No,350-355-6962,,Tarjeta,2847
1065857791,Shelley George,62.0,Femenino,Boston,Muy Alto,7,93.52,Sí,Sí,Carnes,No,001-617-410-3542x67854,prattmichael@example.com,Tarjeta,12694
2851511774,Meagan Velez,36.0,Femenino,Boston,Medio,2,11.38,No,No,Pescado,No,,holmesjared@example.org,Efectivo,1872
3266988618,Randall Navarro,50.0,Masculino,Boston,Bajo,2,13.47,Sí,Sí,Pescado,No,777.607.3227x647,,Efectivo,1534
9857460900,Douglas Roberts,79.0,Masculino,Boston,Muy Alto,9,39.84,No,No,Mariscos,Sí,334-870-7479x453,,Tarjeta,12384
8982197815,Margaret Odonnell,74.0,Femenino,Boston,Alto,6,30.3,Sí,Sí,Carnes,Sí,(960)243-4658,raymond87@example.net,Tarjeta,6466
2674352474,Christopher Brown,78.0,Masculino,Boston,Medio,3,5.41,Sí,No,Vegetariano,No,459-828-1774x5480,,Efectivo,1871
4060479936,Jonathan Thornton,37.0,Masculino,Boston,Muy Alto,7,33.97,No,Sí,Otro,Sí,8195523518,jonescynthia@example.net,Tarjeta,16778
6394885036,Melissa Pittman,35.0,Femenino,Boston,Bajo,2,7.26,Sí,Sí,Mariscos,No,,,Efectivo,856
7555028111,Brian Bradford,56.0,Masculino,Boston,Bajo,1,8.84,Sí,No,Vegetariano,No,910-535-6119,donald57@example.com,Efectivo,1139
2482751563,Yvonne Smith,25.0,Femenino,Boston,Muy Alto,6,25.02,No,Sí,Mariscos,Sí,,daniel33@example.com,Tarjeta,12672
9988027682,Aaron Kennedy,24.0,Masculino,Boston,Bajo,2,7.65,No,Sí,Pescado,No,,gonzalezryan@example.net,Efectivo,928
1232261179,Katherine Mcknight,38.0,Femenino,Boston,Medio,2,24.49,No,Sí,Vegetariano,No,,ajones@example.org,Tarjeta,2519
4978890649,Lee Carter,80.0,Masculino,Boston,Medio,2,22.87,No,Sí,Mariscos,No,(379)418-7125x55878,deannaschwartz@example.org,Tarjeta,1974
2328736852,Dennis Miles,68.0,Masculino,Boston,Alto,4,38.41,Sí,No,Vegetariano,No,,,Tarjeta,4148
5518345100,Blake Turner,63.0,Masculino,Boston,Medio,3,23.76,Sí,Sí,Mariscos,Sí,,,Tarjeta,2282
2234051509,Jessica Edwards,40.0,Femenino,Boston,Muy Alto,6,83.96,No,Sí,Vegetariano,Sí,758.236.8368x9937,,Efectivo,9193
1246332700,Gabriela Gray,56.0,Femenino,Boston,Muy Alto,6,104.18,No,Sí,Carnes,Sí,,knoble@example.org,Efectivo,16726
8505480636,Felicia Bowers,43.0,Femenino,Boston,Alto,4,26.07,No,Sí,Otro,Sí,,christinaramirez@example.com,Tarjeta,5148
2298447203,Charles Lewis,24.0,Masculino,Boston,Medio,3,33.01,Sí,Sí,Vegetariano,No,456.233.6642x54195,nielsenjessica@example.net,App,2853
4705310401,Holly Duncan,18.0,Femenino,Boston,Medio,4,17.34,No,No,Vegetariano,No,,nfranklin@example.com,Tarjeta,2556
6137939009,Mary Smith,18.0,Femenino,Boston,Muy Alto,8,99.14,No,Sí,Vegano,Sí,,,Efectivo,9156
5555027660,Darryl Roth,21.0,Masculino,Boston,Alto,5,42.38,No,Sí,Carnes,Sí,884.845.1031x5863,,Efectivo,8975
2286381646,Joshua Robinson,40.0,Masculino,Boston,Medio,5,7.88,No,Sí,Vegano,No,001-578-778-1424x3393,,Efectivo,2015
5607342446,Angela Golden,77.0,Femenino,Boston,Bajo,1,6.17,Sí,Sí,Carnes,No,+1-650-956-3716x2214,,Efectivo,1028
3647707140,Jacqueline Allen,70.0,Femenino,Boston,Medio,4,21.42,Sí,Sí,Vegano,No,(849)301-6972,johnburch@example.com,Tarjeta,2701
5779882207,John Klein,58.0,Masculino,Boston,Muy Alto,5,36.45,Sí,No,Vegetariano,Sí,,,App,13123
9780893261,Elizabeth Morgan,36.0,Femenino,Boston,Bajo,2,8.85,No,Sí,Vegetariano,No,,smithnichole@example.net,Efectivo,993
5242222712,Zachary Scott,26.0,Masculino,Boston,Alto,4,15.11,No,Sí,Vegano,No,660-875-9193,mcollins@example.org,Efectivo,4311
2825985297,Brett Campbell,21.0,Masculino,Boston,Muy Alto,8,63.66,Sí,No,Mariscos,Sí,686.358.2722x109,monicalee@example.com,Tarjeta,16478
2583743454,Erin Fisher,55.0,Femenino,Boston,Alto,6,17.07,No,Sí,Vegetariano,Sí,,,App,3507
2187275431,Allison Williams,76.0,Femenino,Boston,Alto,4,32.71,No,No,Vegetariano,Sí,,,Tarjeta,5923
5079935036,Diana Chambers,57.0,Femenino,Boston,Medio,3,16.16,Sí,Sí,Mariscos,No,,vsnyder@example.org,Efectivo,1748
9343139590,Elizabeth Barnes,78.0,Femenino,Boston,Bajo,2,8.96,No,Sí,Vegetariano,No,,,App,1369
4922824898,Nicholas Tran,79.0,Masculino,Boston,Alto,6,44.31,No,No,Pescado,Sí,361-852-2271x3823,,App,5826
9772845815,Grant Thomas,29.0,Masculino,Boston,Alto,6,20.76,Sí,Sí,Vegano,Sí,,,Tarjeta,8081
2004047906,Willie Maldonado,58.0,Masculino,Boston,Medio,5,7.82,No,No,Carnes,No,216.846.7008x13047,,Tarjeta,2300
6297169920,William Barnett,24.0,Masculino,Boston,Bajo,3,6.19,Sí,Sí,Mariscos,No,,gonzaleznicole@example.net,Efectivo,1025
4888749350,Kelly Smith,37.0,Femenino,Boston,Bajo,3,5.34,Sí,Sí,Carnes,No,+1-680-286-6944x9095,,Tarjeta,1404
3370953140,Hannah Smith,79.0,Femenino,Boston,Alto,5,33.51,Sí,No,Mariscos,Sí,(694)250-5090x04986,,Efectivo,6830
6124290259,Grant Mccormick,27.0,Masculino,Boston,Alto,4,34.08,Sí,No,Carnes,No,,,Tarjeta,6872
4685631940,Amanda Romero,23.0,Femenino,Boston,Medio,2,21.05,Sí,Sí,Otro,No,620-389-8787,,Tarjeta,2926
5421157952,Jonathan Smith,53.0,Masculino,Boston,Bajo,1,8.19,No,Sí,Vegetariano,No,407-356-5836,,Tarjeta,1044
4336999453,Steven Smith,45.0,Masculino,Boston,Muy Alto,7,44.21,No,No,Otro,Sí,,,App,13602
9444143872,Kari Weaver,79.0,Femenino,Boston,Bajo,1,5.06,Sí,Sí,Vegetariano,No,001-305-834-6785x7304,,Efectivo,952
9237880732,James Morales,47.0,Masculino,Boston,Alto,4,49.01,Sí,No,Pescado,Sí,,nlee@example.org,Criptomoneda,8380
8396987201,Erica Blackwell,66.0,Femenino,Boston,Muy Alto,6,92.48,Sí,Sí,Vegetariano,Sí,,qgonzalez@example.com,Tarjeta,17053
6409903287,Janice Stewart,37.0,Femenino,Boston,Bajo,1,10.08,No,No,Vegetariano,No,3952253166,,Tarjeta,1403
2009961746,Megan Davis,40.0,Femenino,Boston,Medio,2,31.71,Sí,Sí,Vegetariano,No,,ashley28@example.org,App,1687
3437347082,Randall Tucker,32.0,Masculino,Boston,Alto,5,54.63,No,Sí,Vegetariano,Sí,(279)268-8209x2958,icoleman@example.org,Tarjeta,5222
3241645514,Paul Smith,69.0,Masculino,Boston,Medio,5,9.91,Sí,Sí,Carnes,Sí,001-925-839-1018x38533,heidi74@example.net,Efectivo,3092
6649279085,Bobby Williams,38.0,Masculino,Boston,Alto,5,63.94,Sí,No,Otro,No,+1-247-384-5448x2453,,App,8101
7780922380,Amy Webster,80.0,Femenino,Boston,Bajo,2,11.69,Sí,No,Vegetariano,No,,,Efectivo,1178
4646319385,John Klein,21.0,Masculino,Boston,Muy Alto,5,37.76,No,Sí,Vegetariano,Sí,,,Tarjeta,15129
7567162889,Katherine Baker,69.0,Femenino,Boston,Muy Alto,8,101.97,Sí,Sí,Mariscos,Sí,,cindyhernandez@example.org,Efectivo,15696
7752985220,Adam Benson,76.0,Masculino,Boston,Muy Alto,10,14.33,No,Sí,Vegetariano,Sí,,yburgess@example.org,Efectivo,14066
1701600859,Kevin Zamora,59.0,Masculino,Boston,Bajo,1,5.62,No,Sí,Mariscos,No,001-752-371-9283,sdavis@example.net,Efectivo,1263
1083466428,Lisa Rogers,28.0,Femenino,Boston,Medio,3,17.71,Sí,Sí,Vegetariano,No,001-827-521-5951x542,tylerfowler@example.org,Tarjeta,1726
9870686423,Eric Fry,56.0,Masculino,Boston,Alto,5,45.8,No,No,Vegano,Sí,930-589-9887,,App,6069
5941875466,Melissa Horne,42.0,Femenino,Boston,Alto,5,16.53,Sí,No,Carnes,No,,,Efectivo,6686
5059743851,Theresa Smith,34.0,Femenino,Boston,Muy Alto,7,,No,No,Pescado,Sí,,,Tarjeta,17873
3162368185,Sharon Patton,74.0,Femenino,Boston,Bajo,2,9.31,Sí,Sí,Vegetariano,No,,,Tarjeta,1482
9766251190,Diana Coleman,52.0,Femenino,Boston,Muy Alto,8,49.16,Sí,No,Vegetariano,Sí,+1-615-611-4636,,App,11254
1643611097,Andrew Armstrong,33.0,Masculino,Boston,Muy Alto,9,70.89,Sí,Sí,Vegetariano,Sí,+1-576-468-4317x010,,Tarjeta,14657
1129983470,Justin Harrison,39.0,Masculino,Boston,Medio,3,20.93,Sí,Sí,Pescado,No,,jgarcia@example.org,Efectivo,2179
2718196021,Phillip Phillips,20.0,Masculino,Boston,Bajo,2,12.93,No,Sí,Vegano,No,,,Tarjeta,1030
4938223972,Ashley Garcia,19.0,Femenino,Boston,Bajo,2,13.05,Sí,Sí,Mariscos,No,760-217-0100x972,nathanfreeman@example.net,App,816
3649598315,Megan Phillips,40.0,Femenino,Boston,Muy Alto,7,62.49,No,No,Pescado,Sí,,georgemiller@example.com,Tarjeta,16907
3937505620,Sarah Collins,71.0,Femenino,Boston,Muy Alto,8,89.25,Sí,No,Carnes,Sí,,,Tarjeta,10280
2655188237,Eric Ford,42.0,Masculino,Boston,Bajo,3,7.59,Sí,Sí,Mariscos,No,+1-370-251-6570x13029,,Efectivo,836
1476426864,Kenneth Weber,,Masculino,Boston,Medio,2,23.23,Sí,Sí,Pescado,No,,joseph73@example.org,App,3343
6072434598,Sara Johnson,56.0,Femenino,Boston,Alto,5,,Sí,Sí,Otro,Sí,,,Efectivo,6599
4745927824,Brenda Sanchez,72.0,Femenino,Boston,Muy Alto,8,77.96,No,Sí,Vegetariano,Sí,,ricemegan@example.net,Criptomoneda,10830
4540608132,Michelle Thompson,70.0,Femenino,Boston,Alto,5,7.45,No,No,Vegetariano,Sí,+1-449-217-8781x98931,matthewthomas@example.org,Tarjeta,5923
7383779943,Alexander Boyd,34.0,Masculino,Boston,Alto,4,12.99,No,Sí,Vegetariano,Sí,448-446-5286x7072,,Tarjeta,7880
1114331484,Terrence Fitzgerald,60.0,Masculino,Boston,Medio,4,23.88,Sí,Sí,Pescado,No,349-621-4277x542,blake57@example.net,Efectivo,2156
4953233832,Sara Jacobs,27.0,Femenino,Boston,Bajo,1,9.53,Sí,Sí,Vegetariano,No,001-309-315-2154x4296,,App,1298
7399010176,Kerry Sanders,73.0,Masculino,Boston,Bajo,2,8.9,No,No,Vegetariano,No,,,Tarjeta,1345
8914054579,Ellen Foster,41.0,Femenino,Boston,Medio,3,30.28,Sí,No,Carnes,Sí,,,Efectivo,2071
3081715811,Johnny Thompson,69.0,Masculino,Boston,Medio,3,28.29,Sí,No,Carnes,No,+1-986-705-8571,,Tarjeta,3489
5610783750,Raymond Holden,71.0,Masculino,Boston,Alto,4,28.64,Sí,Sí,Mariscos,Sí,(496)309-9585,alex20@example.org,App,6028
1927575908,Daniel Ramirez,80.0,Masculino,Boston,Alto,4,43.1,No,No,Otro,Sí,+1-874-561-6687x573,,Efectivo,8345
4539349405,Gordon Tucker,72.0,Masculino,Boston,Alto,6,42.27,No,No,Carnes,Sí,(225)850-9842x0240,,App,8965
8049178119,Taylor Davenport,44.0,Femenino,Boston,Medio,3,30.9,No,Sí,Vegano,No,,,Efectivo,2841
2253858705,Susan Mcclure,34.0,Femenino,Boston,Medio,4,19.93,No,No,Carnes,No,2028661397,whill@example.net,Tarjeta,2084
6714376755,William Brown,21.0,Masculino,Boston,Alto,5,64.91,Sí,Sí,Vegetariano,Sí,,,App,5679
7268101136,Bethany Evans,27.0,Femenino,Boston,Medio,5,31.51,No,Sí,Otro,No,764.874.7602,amy52@example.net,Efectivo,2202
3548153398,Amy King,52.0,Femenino,Boston,Alto,5,62.9,No,No,Vegetariano,Sí,,,App,7684
2263202829,Melissa Allen,50.0,Femenino,Boston,Alto,6,37.96,Sí,No,Mariscos,Sí,584.737.0406x87844,,Tarjeta,7720
9147687657,Jack Brown,68.0,Masculino,Boston,Bajo,2,9.08,Sí,No,Carnes,No,367.819.8210,,Efectivo,824
2487241262,Lisa Thomas,62.0,Femenino,Boston,Alto,6,50.23,Sí,No,Carnes,Sí,(528)250-0311,calderonanna@example.com,Efectivo,8517
2958951154,Allison Valdez,37.0,Femenino,Boston,Medio,5,22.44,No,Sí,Pescado,No,,,Efectivo,2751
9170151995,Ryan Silva,73.0,Masculino,Boston,Muy Alto,6,89.33,No,No,Vegetariano,Sí,,crystallee@example.org,Efectivo,9158
9984890483,Michael Torres,29.0,Masculino,Boston,Bajo,3,14.26,No,Sí,Carnes,No,,,App,874
3979360096,Joseph Dixon,46.0,Masculino,Boston,Medio,5,34.1,Sí,No,Carnes,No,,,App,2013
7225877191,Darren Anthony,73.0,Masculino,Boston,Medio,2,29.95,Sí,No,Vegetariano,No,+1-874-417-6584x329,,Efectivo,1625
2254516608,Lori Sawyer,72.0,Femenino,Boston,Medio,3,11.46,No,No,Mariscos,No,383-214-0171x60215,dennis41@example.net,Tarjeta,3457
2692504896,Keith Waller,31.0,Masculino,Boston,Alto,5,16.14,No,Sí,Vegetariano,No,(840)934-4692x61204,dbright@example.org,Efectivo,4371
3742820625,Todd Burke,71.0,Masculino,Boston,Medio,2,34.88,No,Sí,Mariscos,Sí,917-251-3622x99084,,Efectivo,3424
9617224610,Richard Williams,45.0,Masculino,Boston,Bajo,3,12.26,Sí,Sí,Mariscos,No,001-598-634-8286x95524,zbailey@example.com,Efectivo,1388
8438406597,Jessica Garcia,51.0,Femenino,Boston,Medio,5,17.17,Sí,Sí,Mariscos,No,001-917-759-4615,,Tarjeta,3103
6754883385,Vincent Lee,63.0,Masculino,Boston,Alto,5,21.33,No,Sí,Vegetariano,No,(914)397-7165x018,huffmelissa@example.org,Efectivo,4191
9430531410,Robert Faulkner,75.0,Masculino,Boston,Bajo,3,14.04,Sí,No,Carnes,No,,,Efectivo,1115
7325692761,Jessica Cantu,24.0,Femenino,Boston,Medio,4,18.33,No,Sí,Otro,No,001-957-696-2655x8143,mhuynh@example.com,Tarjeta,1783
8249091771,Roberto Johnson,49.0,Masculino,Boston,Alto,5,18.1,No,Sí,Vegetariano,No,001-584-466-0097,amy89@example.org,Tarjeta,6949
6599378054,Debra Gomez,72.0,Femenino,Boston,Medio,2,6.21,Sí,Sí,Vegetariano,No,001-575-838-5872x10574,pamela84@example.com,Efectivo,2907
8897608780,Laura Tucker,26.0,Femenino,Boston,Bajo,1,5.5,No,Sí,Vegetariano,No,(470)644-8980,kwilson@example.net,Efectivo,952
1134481372,Meagan Mccarthy,59.0,Femenino,Boston,Medio,2,32.91,Sí,Sí,Pescado,No,313.742.0915x374,qcooley@example.com,Efectivo,3410
7675734829,Ashley Robinson,80.0,Femenino,Boston,Muy Alto,6,46.85,No,No,Vegano,Sí,682.891.8282,hallderek@example.org,Tarjeta,17957
2830706903,Marcia Hartman,19.0,Femenino,Boston,Muy Alto,7,84.36,Sí,Sí,Carnes,Sí,345.706.3830x59516,steven85@example.net,Efectivo,13127
3648403946,Jennifer Shaw,58.0,Femenino,Boston,Medio,3,14.07,No,Sí,Vegetariano,No,,,Efectivo,1756
4120930408,Jason Smith,64.0,Masculino,Boston,Bajo,1,7.3,No,Sí,Vegetariano,No,(352)296-6729,,Efectivo,906
6869865000,Sandra Cisneros,37.0,Femenino,Boston,Alto,5,20.93,Sí,No,Carnes,No,,,Tarjeta,6999
7702529931,Brad Evans,56.0,Masculino,Boston,Alto,6,9.77,No,No,Carnes,Sí,504.814.5765x5551,rodriguezcharles@example.net,Efectivo,4114
9855938599,Amanda Wagner,65.0,Femenino,Boston,Alto,5,24.47,Sí,Sí,Carnes,No,,corypratt@example.org,Efectivo,5551
8868607194,Kimberly Dunn,41.0,Femenino,Boston,Bajo,3,5.4,No,No,Vegetariano,No,001-636-468-3719x4647,,App,1026
6870117288,Kelly Johnson,67.0,Femenino,Boston,Medio,5,32.55,No,Sí,Vegetariano,No,,lsawyer@example.net,App,2792
1555344321,Olivia Harris,33.0,Femenino,Boston,Alto,4,20.99,Sí,Sí,Mariscos,Sí,,rcampbell@example.org,Efectivo,6189
7351037876,Patricia Acosta,29.0,Femenino,Boston,Muy Alto,9,73.42,No,Sí,Pescado,Sí,(849)680-1215,,App,12905
6917928636,John Carpenter,80.0,Masculino,Boston,Medio,5,22.13,Sí,No,Mariscos,No,+1-292-806-2405x476,,Tarjeta,3422
2944760704,Jason Villanueva,77.0,Masculino,Boston,Bajo,1,8.76,No,Sí,Vegano,No,001-591-616-5035,,Efectivo,1290
8766844904,Emily Johnson,45.0,Femenino,Boston,Medio,2,24.89,Sí,Sí,Pescado,No,966.888.2138x29420,cynthialee@example.org,Efectivo,2393
3535906014,Vickie Swanson,30.0,Femenino,Boston,Medio,4,10.13,Sí,Sí,Mariscos,No,(357)869-1899x81450,jamesfowler@example.net,Tarjeta,3176
5150136077,Margaret Lopez,24.0,Femenino,Boston,Alto,4,18.76,No,Sí,Vegetariano,No,,,Efectivo,4633
2633544205,Angela Campbell,30.0,Femenino,Boston,Alto,4,37.7,No,Sí,Vegetariano,Sí,,kimberly36@example.org,Tarjeta,7847
5558278607,Jacqueline Newton,53.0,Femenino,Boston,Alto,5,48.31,Sí,Sí,Pescado,No,(782)367-2346x003,jason09@example.org,Efectivo,6501
7884753655,Julie Snyder,74.0,Femenino,Boston,Medio,2,22.79,Sí,No,Carnes,Sí,,nmcknight@example.com,Tarjeta,1911
5463363175,Aaron Charles,37.0,Masculino,Boston,Alto,5,11.29,Sí,No,Mariscos,Sí,304.516.7648,alan64@example.net,Efectivo,8224
9954331046,Joseph Bradford,71.0,Masculino,Boston,Alto,5,28.61,Sí,No,Vegetariano,Sí,,slopez@example.org,Efectivo,8573
5640389791,Sandra Patterson,44.0,Femenino,Boston,Muy Alto,8,55.11,No,Sí,Vegetariano,Sí,001-641-556-2038,,Tarjeta,15402
4256494771,Paul Avila,39.0,Masculino,Boston,Medio,2,30.48,Sí,No,Carnes,No,,,Tarjeta,3184
3757092338,Ronald Myers,70.0,Masculino,Boston,Muy Alto,6,43.45,Sí,Sí,Carnes,Sí,+1-770-899-2418x07194,judith11@example.com,Efectivo,14732
8896649327,Glenda Warren,44.0,Femenino,Boston,Medio,4,16.46,Sí,No,Carnes,No,,,Efectivo,3078
