id,alias,name,url,review_count,categories,rating,coordinates,transactions,price,location,phone,display_phone,distance,price_num
kP1b-7BO_VhWk_0tvuA_tw,carmelinas-boston-2,Carmelina's,https://www.yelp.com/biz/carmelinas-boston-2?adjust_creative=GWOCZh9-BmZxtdsAjr7Gug&utm_campaign=yelp_api_v3&utm_medium=api_v3_business_search&utm_source=GWOCZh9-BmZxtdsAjr7Gug,4126,"[{'alias': 'italian', 'title': 'Italian'}]",4.5,"{'latitude': 42.36388, 'longitude': -71.05415}","['restaurant_reservation', 'delivery']",$$$,"{'address1': '307 Hanover St', 'address2': '', 'address3': '', 'city': 'Boston', 'zip_code': '02113', 'country': 'US', 'state': 'MA', 'display_address': ['307 Hanover St', 'Boston, MA 02113']}",+16177420020,(617) 742-0020,2272.117191835705,3
sA2gVTJOBH7Qk32p48ENdQ,saltie-girl-boston,Saltie Girl,https://www.yelp.com/biz/saltie-girl-boston?adjust_creative=GWOCZh9-BmZxtdsAjr7Gug&utm_campaign=yelp_api_v3&utm_medium=api_v3_business_search&utm_source=GWOCZh9-BmZxtdsAjr7Gug,2500,"[{'alias': 'seafood', 'title': 'Seafood'}, {'alias': 'cocktailbars', 'title': 'Cocktail Bars'}]",4.2,"{'latitude': 42.35116, 'longitude': -71.07758}","['pickup', 'delivery']",$$$,"{'address1': '279 Dartmouth St', 'address2': '', 'address3': None, 'city': 'Boston', 'zip_code': '02116', 'country': 'US', 'state': 'MA', 'display_address': ['279 Dartmouth St', 'Boston, MA 02116']}",+16172670691,(617) 267-0691,638.2135436456861,3
xh-i6tYmojnnUHrnkFnWdA,willow-and-ivy-boston,Willow & Ivy,https://www.yelp.com/biz/willow-and-ivy-boston?adjust_creative=GWOCZh9-BmZxtdsAjr7Gug&utm_campaign=yelp_api_v3&utm_medium=api_v3_business_search&utm_source=GWOCZh9-BmZxtdsAjr7Gug,31,"[{'alias': 'newamerican', 'title': 'New American'}, {'alias': 'desserts', 'title': 'Desserts'}, {'alias': 'breakfast_brunch', 'title': 'Breakfast & Brunch'}]",4.7,"{'latitude': 42.349126, 'longitude': -71.079754}",[],,"{'address1': '65 Exeter St', 'address2': None, 'address3': '', 'city': 'Boston', 'zip_code': '02116', 'country': 'US', 'state': 'MA', 'display_address': ['65 Exeter St', 'Boston, MA 02116']}",+16179334800,(617) 933-4800,713.5795775296926,3
t_FFcwUutj9mIYKGw_gHsQ,the-salty-pig-boston,The Salty Pig,https://www.yelp.com/biz/the-salty-pig-boston?adjust_creative=GWOCZh9-BmZxtdsAjr7Gug&utm_campaign=yelp_api_v3&utm_medium=api_v3_business_search&utm_source=GWOCZh9-BmZxtdsAjr7Gug,2040,"[{'alias': 'newamerican', 'title': 'New American'}, {'alias': 'italian', 'title': 'Italian'}, {'alias': 'pizza', 'title': 'Pizza'}]",4.2,"{'latitude': 42.3469, 'longitude': -71.076121}",['delivery'],$$,"{'address1': '130 Dartmouth St', 'address2': '', 'address3': '', 'city': 'Boston', 'zip_code': '02116', 'country': 'US', 'state': 'MA', 'display_address': ['130 Dartmouth St', 'Boston, MA 02116']}",+16175366200,(617) 536-6200,414.30722121565236,2
JYoptTywH42iRjMaE925BA,isabella-ristorante-boston,Isabella Ristorante,https://www.yelp.com/biz/isabella-ristorante-boston?adjust_creative=GWOCZh9-BmZxtdsAjr7Gug&utm_campaign=yelp_api_v3&utm_medium=api_v3_business_search&utm_source=GWOCZh9-BmZxtdsAjr7Gug,571,"[{'alias': 'italian', 'title': 'Italian'}]",4.5,"{'latitude': 42.36403, 'longitude': -71.05362}",[],$$,"{'address1': '2 Prince St', 'address2': '', 'address3': None, 'city': 'Boston', 'zip_code': '02113', 'country': 'US', 'state': 'MA', 'display_address': ['2 Prince St', 'Boston, MA 02113']}",+16172277300,(617) 227-7300,2311.5551474332233,3
SFC_69nOYtVGvwneRcXJTg,gigi-boston-2,Gigi,https://www.yelp.com/biz/gigi-boston-2?adjust_creative=GWOCZh9-BmZxtdsAjr7Gug&utm_campaign=yelp_api_v3&utm_medium=api_v3_business_search&utm_source=GWOCZh9-BmZxtdsAjr7Gug,191,"[{'alias': 'italian', 'title': 'Italian'}, {'alias': 'cocktailbars', 'title': 'Cocktail Bars'}]",4.3,"{'latitude': 42.3441, 'longitude': -71.07786}","['pickup', 'delivery']",$$,"{'address1': '431 Columbus Ave', 'address2': None, 'address3': '', 'city': 'Boston', 'zip_code': '02116', 'country': 'US', 'state': 'MA', 'display_address': ['431 Columbus Ave', 'Boston, MA 02116']}",+16175365723,(617) 536-5723,682.4857514529641,2
aGYdF_fNHDhFCAnXoTCkGA,boston-sail-loft-boston,Boston Sail Loft,https://www.yelp.com/biz/boston-sail-loft-boston?adjust_creative=GWOCZh9-BmZxtdsAjr7Gug&utm_campaign=yelp_api_v3&utm_medium=api_v3_business_search&utm_source=GWOCZh9-BmZxtdsAjr7Gug,1878,"[{'alias': 'bars', 'title': 'Bars'}, {'alias': 'tradamerican', 'title': 'American'}, {'alias': 'seafood', 'title': 'Seafood'}]",4.3,"{'latitude': 42.362464, 'longitude': -71.050536}",['pickup'],$$,"{'address1': '80 Atlantic Ave', 'address2': '', 'address3': '', 'city': 'Boston', 'zip_code': '02110', 'country': 'US', 'state': 'MA', 'display_address': ['80 Atlantic Ave', 'Boston, MA 02110']}",+16172277280,(617) 227-7280,2353.4798039628545,2
mnFhrH1Fi5GoSuV-5gVpnA,krasi-boston-2,Krasi,https://www.yelp.com/biz/krasi-boston-2?adjust_creative=GWOCZh9-BmZxtdsAjr7Gug&utm_campaign=yelp_api_v3&utm_medium=api_v3_business_search&utm_source=GWOCZh9-BmZxtdsAjr7Gug,544,"[{'alias': 'mediterranean', 'title': 'Mediterranean'}, {'alias': 'greek', 'title': 'Greek'}, {'alias': 'wine_bars', 'title': 'Wine Bars'}]",4.6,"{'latitude': 42.34872306019752, 'longitude': -71.084041423314}",['delivery'],$$,"{'address1': '48 Gloucester St', 'address2': '', 'address3': None, 'city': 'Boston', 'zip_code': '02115', 'country': 'US', 'state': 'MA', 'display_address': ['48 Gloucester St', 'Boston, MA 02115']}",+16175360230,(617) 536-0230,1056.3076063221008,2
GCX6ycKIyIv4xNu_FuX1JA,jiangnan-boston-boston,JiangNan - Boston,https://www.yelp.com/biz/jiangnan-boston-boston?adjust_creative=GWOCZh9-BmZxtdsAjr7Gug&utm_campaign=yelp_api_v3&utm_medium=api_v3_business_search&utm_source=GWOCZh9-BmZxtdsAjr7Gug,311,"[{'alias': 'chinese', 'title': 'Chinese'}]",4.4,"{'latitude': 42.353, 'longitude': -71.06406}",[],$$,"{'address1': '177 Tremont St', 'address2': None, 'address3': '', 'city': 'Boston', 'zip_code': '02111', 'country': 'US', 'state': 'MA', 'display_address': ['177 Tremont St', 'Boston, MA 02111']}",+18572770668,(857) 277-0668,823.4515004326468,2
y2w6rFaO0XEiG5mFfOsiFA,neptune-oyster-boston,Neptune Oyster,https://www.yelp.com/biz/neptune-oyster-boston?adjust_creative=GWOCZh9-BmZxtdsAjr7Gug&utm_campaign=yelp_api_v3&utm_medium=api_v3_business_search&utm_source=GWOCZh9-BmZxtdsAjr7Gug,6682,"[{'alias': 'seafood', 'title': 'Seafood'}, {'alias': 'salad', 'title': 'Salad'}, {'alias': 'sandwiches', 'title': 'Sandwiches'}]",4.2,"{'latitude': 42.36321, 'longitude': -71.05594}",['pickup'],$$$,"{'address1': '63 Salem St', 'address2': '', 'address3': '', 'city': 'Boston', 'zip_code': '02113', 'country': 'US', 'state': 'MA', 'display_address': ['63 Salem St', 'Boston, MA 02113']}",+16177423474,(617) 742-3474,2123.369950730665,2
yBIN7uSzd5saehWA1I_GBw,row-34-seaport-boston,Row 34 - Seaport,https://www.yelp.com/biz/row-34-seaport-boston?adjust_creative=GWOCZh9-BmZxtdsAjr7Gug&utm_campaign=yelp_api_v3&utm_medium=api_v3_business_search&utm_source=GWOCZh9-BmZxtdsAjr7Gug,1995,"[{'alias': 'newamerican', 'title': 'New American'}, {'alias': 'seafood', 'title': 'Seafood'}, {'alias': 'bars', 'title': 'Bars'}]",4.2,"{'latitude': 42.3495808510305, 'longitude': -71.0475044128162}",['delivery'],$$$,"{'address1': '383 Congress St', 'address2': '', 'address3': '', 'city': 'Boston', 'zip_code': '02210', 'country': 'US', 'state': 'MA', 'display_address': ['383 Congress St', 'Boston, MA 02210']}",+16175535900,(617) 553-5900,1960.4098750144674,2
lPAzwB4vPBqZmaFNH90kiQ,cafe-bonjour-boston,Cafe Bonjour,https://www.yelp.com/biz/cafe-bonjour-boston?adjust_creative=GWOCZh9-BmZxtdsAjr7Gug&utm_campaign=yelp_api_v3&utm_medium=api_v3_business_search&utm_source=GWOCZh9-BmZxtdsAjr7Gug,1064,"[{'alias': 'breakfast_brunch', 'title': 'Breakfast & Brunch'}, {'alias': 'coffee', 'title': 'Coffee & Tea'}, {'alias': 'sandwiches', 'title': 'Sandwiches'}]",4.6,"{'latitude': 42.354838, 'longitude': -71.061816}","['pickup', 'delivery']",$$,"{'address1': '55 Temple Pl', 'address2': '', 'address3': None, 'city': 'Boston', 'zip_code': '02111', 'country': 'US', 'state': 'MA', 'display_address': ['55 Temple Pl', 'Boston, MA 02111']}",+16177790062,(617) 779-0062,1095.1137473201122,2
tKRg7pxR2Sw7aSrHTQS5mQ,buttermilk-and-bourbon-boston-2,Buttermilk & Bourbon,https://www.yelp.com/biz/buttermilk-and-bourbon-boston-2?adjust_creative=GWOCZh9-BmZxtdsAjr7Gug&utm_campaign=yelp_api_v3&utm_medium=api_v3_business_search&utm_source=GWOCZh9-BmZxtdsAjr7Gug,1236,"[{'alias': 'southern', 'title': 'Southern'}, {'alias': 'bars', 'title': 'Bars'}, {'alias': 'tapas', 'title': 'Tapas Bars'}]",4.0,"{'latitude': 42.3513, 'longitude': -71.07864}","['pickup', 'delivery']",$$,"{'address1': '160 Commonwealth Ave', 'address2': '', 'address3': None, 'city': 'Boston', 'zip_code': '02116', 'country': 'US', 'state': 'MA', 'display_address': ['160 Commonwealth Ave', 'Boston, MA 02116']}",+16172661122,(617) 266-1122,719.0552092955397,2
7LYzR3mMr0GLEItUxyWY7Q,fox-and-the-knife-boston,Fox & The Knife,https://www.yelp.com/biz/fox-and-the-knife-boston?adjust_creative=GWOCZh9-BmZxtdsAjr7Gug&utm_campaign=yelp_api_v3&utm_medium=api_v3_business_search&utm_source=GWOCZh9-BmZxtdsAjr7Gug,551,"[{'alias': 'wine_bars', 'title': 'Wine Bars'}, {'alias': 'italian', 'title': 'Italian'}]",4.3,"{'latitude': 42.34276, 'longitude': -71.05645}",['delivery'],$$$,"{'address1': '28 W Broadway', 'address2': '', 'address3': None, 'city': 'Boston', 'zip_code': '02127', 'country': 'US', 'state': 'MA', 'display_address': ['28 W Broadway', 'Boston, MA 02127']}",+16177668630,(617) 766-8630,1347.8731587501989,2
mP1EdIafQKMuOm9O4PzAfA,barcelona-wine-bar-south-end-boston-6,Barcelona Wine Bar South End,https://www.yelp.com/biz/barcelona-wine-bar-south-end-boston-6?adjust_creative=GWOCZh9-BmZxtdsAjr7Gug&utm_campaign=yelp_api_v3&utm_medium=api_v3_business_search&utm_source=GWOCZh9-BmZxtdsAjr7Gug,1606,"[{'alias': 'spanish', 'title': 'Spanish'}, {'alias': 'wine_bars', 'title': 'Wine Bars'}, {'alias': 'tapasmallplates', 'title': 'Tapas/Small Plates'}]",4.4,"{'latitude': 42.3449355147724, 'longitude': -71.0705436362457}",['delivery'],$$,"{'address1': '525 Tremont St', 'address2': None, 'address3': '', 'city': 'Boston', 'zip_code': '02116', 'country': 'US', 'state': 'MA', 'display_address': ['525 Tremont St', 'Boston, MA 02116']}",+16172662600,(617) 266-2600,328.22766734138577,2
NYa-JphaaB41ElGsb3iawA,toro-boston-2,Toro,https://www.yelp.com/biz/toro-boston-2?adjust_creative=GWOCZh9-BmZxtdsAjr7Gug&utm_campaign=yelp_api_v3&utm_medium=api_v3_business_search&utm_source=GWOCZh9-BmZxtdsAjr7Gug,2605,"[{'alias': 'tapas', 'title': 'Tapas Bars'}, {'alias': 'spanish', 'title': 'Spanish'}, {'alias': 'cocktailbars', 'title': 'Cocktail Bars'}]",4.2,"{'latitude': 42.33698788, 'longitude': -71.07592429}","['pickup', 'delivery']",$$$,"{'address1': '1704 Washington St', 'address2': None, 'address3': '', 'city': 'Boston', 'zip_code': '02118', 'country': 'US', 'state': 'MA', 'display_address': ['1704 Washington St', 'Boston, MA 02118']}",+16175364300,(617) 536-4300,1266.7234617418144,2
lsqYQYGfpe25wUZk9Wybwg,the-elephant-walk-boston-2,The Elephant Walk,https://www.yelp.com/biz/the-elephant-walk-boston-2?adjust_creative=GWOCZh9-BmZxtdsAjr7Gug&utm_campaign=yelp_api_v3&utm_medium=api_v3_business_search&utm_source=GWOCZh9-BmZxtdsAjr7Gug,347,"[{'alias': 'cambodian', 'title': 'Cambodian'}, {'alias': 'french', 'title': 'French'}, {'alias': 'cocktailbars', 'title': 'Cocktail Bars'}]",4.3,"{'latitude': 42.34116, 'longitude': -71.070578}","['pickup', 'delivery']",$$,"{'address1': '1415 Washington St', 'address2': '', 'address3': '', 'city': 'Boston', 'zip_code': '02118', 'country': 'US', 'state': 'MA', 'display_address': ['1415 Washington St', 'Boston, MA 02118']}",+16172471500,(617) 247-1500,744.9788616609346,2
nIS4O-TwLYkA_P1Cu0SfhA,yvonnes-boston,Yvonne's,https://www.yelp.com/biz/yvonnes-boston?adjust_creative=GWOCZh9-BmZxtdsAjr7Gug&utm_campaign=yelp_api_v3&utm_medium=api_v3_business_search&utm_source=GWOCZh9-BmZxtdsAjr7Gug,1586,"[{'alias': 'newamerican', 'title': 'New American'}, {'alias': 'lounges', 'title': 'Lounges'}]",4.1,"{'latitude': 42.355517, 'longitude': -71.0614361}",['delivery'],$$$,"{'address1': '2 Winter Pl', 'address2': None, 'address3': '', 'city': 'Boston', 'zip_code': '02108', 'country': 'US', 'state': 'MA', 'display_address': ['2 Winter Pl', 'Boston, MA 02108']}",+16172670047,(617) 267-0047,1173.8300908685944,2
74W_pXgzpO1HnvZjIIB-lw,boqueria-seaport-boston,Boqueria Seaport,https://www.yelp.com/biz/boqueria-seaport-boston?adjust_creative=GWOCZh9-BmZxtdsAjr7Gug&utm_campaign=yelp_api_v3&utm_medium=api_v3_business_search&utm_source=GWOCZh9-BmZxtdsAjr7Gug,132,"[{'alias': 'spanish', 'title': 'Spanish'}, {'alias': 'tapas', 'title': 'Tapas Bars'}, {'alias': 'wine_bars', 'title': 'Wine Bars'}]",4.1,"{'latitude': 42.35122220090312, 'longitude': -71.0472363778441}","['pickup', 'delivery']",,"{'address1': '25 Thomson Pl', 'address2': None, 'address3': None, 'city': 'Boston', 'zip_code': '02210', 'country': 'US', 'state': 'MA', 'display_address': ['25 Thomson Pl', 'Boston, MA 02210']}",+18574910857,(857) 491-0857,2008.3406184753665,2
l4YpEuvIm_RqNXleuDIthw,ma-maison-boston,Ma Maison,https://www.yelp.com/biz/ma-maison-boston?adjust_creative=GWOCZh9-BmZxtdsAjr7Gug&utm_campaign=yelp_api_v3&utm_medium=api_v3_business_search&utm_source=GWOCZh9-BmZxtdsAjr7Gug,559,"[{'alias': 'french', 'title': 'French'}, {'alias': 'cocktailbars', 'title': 'Cocktail Bars'}, {'alias': 'wine_bars', 'title': 'Wine Bars'}]",4.4,"{'latitude': 42.3609838, 'longitude': -71.0680064}",['delivery'],$$,"{'address1': '272 Cambridge St', 'address2': None, 'address3': '', 'city': 'Boston', 'zip_code': '02114', 'country': 'US', 'state': 'MA', 'display_address': ['272 Cambridge St', 'Boston, MA 02114']}",+16177258855,(617) 725-8855,1485.342634029259,3
2u_w3rthRzR2uEihW5BC4A,giacomos-ristorante-boston-boston,Giacomo's Ristorante - Boston,https://www.yelp.com/biz/giacomos-ristorante-boston-boston?adjust_creative=GWOCZh9-BmZxtdsAjr7Gug&utm_campaign=yelp_api_v3&utm_medium=api_v3_business_search&utm_source=GWOCZh9-BmZxtdsAjr7Gug,4405,"[{'alias': 'italian', 'title': 'Italian'}, {'alias': 'wine_bars', 'title': 'Wine Bars'}, {'alias': 'seafood', 'title': 'Seafood'}]",4.1,"{'latitude': 42.364602381757386, 'longitude': -71.0533749}","['pickup', 'delivery']",$$,"{'address1': '355 Hanover St', 'address2': '', 'address3': '', 'city': 'Boston', 'zip_code': '02113', 'country': 'US', 'state': 'MA', 'display_address': ['355 Hanover St', 'Boston, MA 02113']}",+16175239026,(617) 523-9026,2372.574347001626,3
_muVoNc4H_H_557WJvVWWQ,ostra-boston,Ostra,https://www.yelp.com/biz/ostra-boston?adjust_creative=GWOCZh9-BmZxtdsAjr7Gug&utm_campaign=yelp_api_v3&utm_medium=api_v3_business_search&utm_source=GWOCZh9-BmZxtdsAjr7Gug,679,"[{'alias': 'seafood', 'title': 'Seafood'}]",4.4,"{'latitude': 42.3510951212984, 'longitude': -71.0670912265778}",['delivery'],$$$$,"{'address1': '1 Charles St S', 'address2': '', 'address3': '', 'city': 'Boston', 'zip_code': '02116', 'country': 'US', 'state': 'MA', 'display_address': ['1 Charles St S', 'Boston, MA 02116']}",+16174211200,(617) 421-1200,497.2902184230673,3
kLr68qdt6nutZCuCMz5mDg,oleana-restaurant-cambridge,Oleana Restaurant,https://www.yelp.com/biz/oleana-restaurant-cambridge?adjust_creative=GWOCZh9-BmZxtdsAjr7Gug&utm_campaign=yelp_api_v3&utm_medium=api_v3_business_search&utm_source=GWOCZh9-BmZxtdsAjr7Gug,1924,"[{'alias': 'mediterranean', 'title': 'Mediterranean'}]",4.3,"{'latitude': 42.37055, 'longitude': -71.09713}",['pickup'],$$$,"{'address1': '134 Hampshire St', 'address2': '', 'address3': '', 'city': 'Cambridge', 'zip_code': '02139', 'country': 'US', 'state': 'MA', 'display_address': ['134 Hampshire St', 'Cambridge, MA 02139']}",+16176610505,(617) 661-0505,3304.1146919068483,3
u51e3gychuqBYNqe2xG6_w,lolita-cocina-and-tequila-bar-boston-4,Lolita Cocina & Tequila Bar,https://www.yelp.com/biz/lolita-cocina-and-tequila-bar-boston-4?adjust_creative=GWOCZh9-BmZxtdsAjr7Gug&utm_campaign=yelp_api_v3&utm_medium=api_v3_business_search&utm_source=GWOCZh9-BmZxtdsAjr7Gug,2673,"[{'alias': 'mexican', 'title': 'Mexican'}, {'alias': 'lounges', 'title': 'Lounges'}, {'alias': 'cocktailbars', 'title': 'Cocktail Bars'}]",4.0,"{'latitude': 42.3506838, 'longitude': -71.07745495784889}",['delivery'],$$,"{'address1': '271 Dartmouth St', 'address2': None, 'address3': '', 'city': 'Boston', 'zip_code': '02116', 'country': 'US', 'state': 'MA', 'display_address': ['271 Dartmouth St', 'Boston, MA 02116']}",+16173695609,(617) 369-5609,600.3751694698631,3
xlOMKjE4omTgkI1eduWj8A,the-friendly-toast-boston-back-bay,The Friendly Toast - Boston,https://www.yelp.com/biz/the-friendly-toast-boston-back-bay?adjust_creative=GWOCZh9-BmZxtdsAjr7Gug&utm_campaign=yelp_api_v3&utm_medium=api_v3_business_search&utm_source=GWOCZh9-BmZxtdsAjr7Gug,3376,"[{'alias': 'bars', 'title': 'Bars'}, {'alias': 'breakfast_brunch', 'title': 'Breakfast & Brunch'}, {'alias': 'diners', 'title': 'Diners'}]",4.3,"{'latitude': 42.348516, 'longitude': -71.073248}","['restaurant_reservation', 'pickup', 'delivery']",$$,"{'address1': '35 Stanhope St', 'address2': None, 'address3': '', 'city': 'Back Bay', 'zip_code': '02116', 'country': 'US', 'state': 'MA', 'display_address': ['35 Stanhope St', 'Back Bay, MA 02116']}",+16174567849,(617) 456-7849,180.95837331290016,3
lCMN0raxlHnBFDoLgkz4sw,milkweed-boston,Milkweed,https://www.yelp.com/biz/milkweed-boston?adjust_creative=GWOCZh9-BmZxtdsAjr7Gug&utm_campaign=yelp_api_v3&utm_medium=api_v3_business_search&utm_source=GWOCZh9-BmZxtdsAjr7Gug,1181,"[{'alias': 'newamerican', 'title': 'New American'}, {'alias': 'breakfast_brunch', 'title': 'Breakfast & Brunch'}, {'alias': 'cocktailbars', 'title': 'Cocktail Bars'}]",4.2,"{'latitude': 42.332183, 'longitude': -71.099586}",['delivery'],$$,"{'address1': '1508 Tremont St', 'address2': '', 'address3': None, 'city': 'Boston', 'zip_code': '02120', 'country': 'US', 'state': 'MA', 'display_address': ['1508 Tremont St', 'Boston, MA 02120']}",+16175168913,(617) 516-8913,2908.3126242712588,2
uXOVFQraz1va1TrtgiqYTg,the-daily-catch-boston,The Daily Catch,https://www.yelp.com/biz/the-daily-catch-boston?adjust_creative=GWOCZh9-BmZxtdsAjr7Gug&utm_campaign=yelp_api_v3&utm_medium=api_v3_business_search&utm_source=GWOCZh9-BmZxtdsAjr7Gug,2002,"[{'alias': 'italian', 'title': 'Italian'}, {'alias': 'seafood', 'title': 'Seafood'}]",4.1,"{'latitude': 42.36406, 'longitude': -71.05397}","['pickup', 'delivery']",$$$,"{'address1': '323 Hanover St', 'address2': '', 'address3': '', 'city': 'Boston', 'zip_code': '02113', 'country': 'US', 'state': 'MA', 'display_address': ['323 Hanover St', 'Boston, MA 02113']}",+16175238567,(617) 523-8567,2299.7584595393646,2
mzxHBocpgM4rkiuxjn_kYw,moon-bar-boston-3,Moon Bar,https://www.yelp.com/biz/moon-bar-boston-3?adjust_creative=GWOCZh9-BmZxtdsAjr7Gug&utm_campaign=yelp_api_v3&utm_medium=api_v3_business_search&utm_source=GWOCZh9-BmZxtdsAjr7Gug,29,"[{'alias': 'tapasmallplates', 'title': 'Tapas/Small Plates'}, {'alias': 'cocktailbars', 'title': 'Cocktail Bars'}, {'alias': 'seafood', 'title': 'Seafood'}]",4.8,"{'latitude': 42.3498387, 'longitude': -71.0706306}",[],,"{'address1': '129 Columbus Ave', 'address2': '', 'address3': None, 'city': 'Boston', 'zip_code': '02116', 'country': 'US', 'state': 'MA', 'display_address': ['129 Columbus Ave', 'Boston, MA 02116']}",+16179175193,(617) 917-5193,226.91219168464707,2
sqlQoONRTiQ0OPW3aAgs1w,1928-beacon-hill-boston,1928 Beacon Hill,https://www.yelp.com/biz/1928-beacon-hill-boston?adjust_creative=GWOCZh9-BmZxtdsAjr7Gug&utm_campaign=yelp_api_v3&utm_medium=api_v3_business_search&utm_source=GWOCZh9-BmZxtdsAjr7Gug,231,"[{'alias': 'tradamerican', 'title': 'American'}, {'alias': 'bars', 'title': 'Bars'}, {'alias': 'steak', 'title': 'Steakhouses'}]",4.0,"{'latitude': 42.35804359999999, 'longitude': -71.0697871}","['pickup', 'delivery']",$$$,"{'address1': '97 Mount Vernon St', 'address2': None, 'address3': '', 'city': 'Boston', 'zip_code': '02108', 'country': 'US', 'state': 'MA', 'display_address': ['97 Mount Vernon St', 'Boston, MA 02108']}",+16173560900,(617) 356-0900,1140.692536708278,2
xZ22_0eJOgaiKqIhoSHrPw,bostonia-public-house-boston-4,Bostonia Public House,https://www.yelp.com/biz/bostonia-public-house-boston-4?adjust_creative=GWOCZh9-BmZxtdsAjr7Gug&utm_campaign=yelp_api_v3&utm_medium=api_v3_business_search&utm_source=GWOCZh9-BmZxtdsAjr7Gug,2187,"[{'alias': 'newamerican', 'title': 'New American'}, {'alias': 'musicvenues', 'title': 'Music Venues'}, {'alias': 'cocktailbars', 'title': 'Cocktail Bars'}]",4.2,"{'latitude': 42.359213, 'longitude': -71.054296}","['pickup', 'delivery']",$$$,"{'address1': '131 State St', 'address2': '', 'address3': '', 'city': 'Boston', 'zip_code': '02109', 'country': 'US', 'state': 'MA', 'display_address': ['131 State St', 'Boston, MA 02109']}",+16179489800,(617) 948-9800,1880.9978483543537,2
X0mY5Pf7Fj_kfWmwDEqwdQ,4th-wall-restaurant-and-bar-boston,4th Wall Restaurant & Bar,https://www.yelp.com/biz/4th-wall-restaurant-and-bar-boston?adjust_creative=GWOCZh9-BmZxtdsAjr7Gug&utm_campaign=yelp_api_v3&utm_medium=api_v3_business_search&utm_source=GWOCZh9-BmZxtdsAjr7Gug,239,"[{'alias': 'pubs', 'title': 'Pubs'}, {'alias': 'newamerican', 'title': 'New American'}]",4.0,"{'latitude': 42.35134, 'longitude': -71.06458}","['restaurant_reservation', 'pickup', 'delivery']",$$,"{'address1': '228 Tremont St', 'address2': '', 'address3': None, 'city': 'Boston', 'zip_code': '02116', 'country': 'US', 'state': 'MA', 'display_address': ['228 Tremont St', 'Boston, MA 02116']}",+18579570909,(857) 957-0909,669.0589737286047,2
-YDSIWRnTYhLVrAlIHIGXQ,mooncusser-boston-4,Mooncusser,https://www.yelp.com/biz/mooncusser-boston-4?adjust_creative=GWOCZh9-BmZxtdsAjr7Gug&utm_campaign=yelp_api_v3&utm_medium=api_v3_business_search&utm_source=GWOCZh9-BmZxtdsAjr7Gug,208,"[{'alias': 'seafood', 'title': 'Seafood'}]",4.4,"{'latitude': 42.34982, 'longitude': -71.07062}",['delivery'],$$$,"{'address1': '304 Stuart St', 'address2': None, 'address3': '', 'city': 'Boston', 'zip_code': '02116', 'country': 'US', 'state': 'MA', 'display_address': ['304 Stuart St', 'Boston, MA 02116']}",+16179175193,(617) 917-5193,220.8084089354283,3
Xesye6qIiWLRxJ8XO8mo5g,dynasty-boston,Dynasty,https://www.yelp.com/biz/dynasty-boston?adjust_creative=GWOCZh9-BmZxtdsAjr7Gug&utm_campaign=yelp_api_v3&utm_medium=api_v3_business_search&utm_source=GWOCZh9-BmZxtdsAjr7Gug,211,"[{'alias': 'cantonese', 'title': 'Cantonese'}, {'alias': 'dimsum', 'title': 'Dim Sum'}]",4.3,"{'latitude': 42.350613, 'longitude': -71.0599079}","['pickup', 'delivery']",,"{'address1': '14 Hudson St', 'address2': None, 'address3': '', 'city': 'Boston', 'zip_code': '02111', 'country': 'US', 'state': 'MA', 'display_address': ['14 Hudson St', 'Boston, MA 02111']}",+16176038796,(617) 603-8796,979.1795447669707,3
XK3V6XjaQDuFJKi0WLsNZw,the-kenmore-boston,The Kenmore,https://www.yelp.com/biz/the-kenmore-boston?adjust_creative=GWOCZh9-BmZxtdsAjr7Gug&utm_campaign=yelp_api_v3&utm_medium=api_v3_business_search&utm_source=GWOCZh9-BmZxtdsAjr7Gug,95,"[{'alias': 'bars', 'title': 'Bars'}, {'alias': 'burgers', 'title': 'Burgers'}, {'alias': 'hotdog', 'title': 'Hot Dogs'}]",4.5,"{'latitude': 42.34851, 'longitude': -71.09385}","['pickup', 'delivery']",$$,"{'address1': '476 Commonwealth Ave', 'address2': None, 'address3': '', 'city': 'Boston', 'zip_code': '02215', 'country': 'US', 'state': 'MA', 'display_address': ['476 Commonwealth Ave', 'Boston, MA 02215']}",+16172666662,(617) 266-6662,1860.6199358234346,2
4MClvr12OXBNvGu8h1yGpA,sarma-somerville,Sarma,https://www.yelp.com/biz/sarma-somerville?adjust_creative=GWOCZh9-BmZxtdsAjr7Gug&utm_campaign=yelp_api_v3&utm_medium=api_v3_business_search&utm_source=GWOCZh9-BmZxtdsAjr7Gug,1355,"[{'alias': 'mideastern', 'title': 'Middle Eastern'}, {'alias': 'tapasmallplates', 'title': 'Tapas/Small Plates'}, {'alias': 'mediterranean', 'title': 'Mediterranean'}]",4.4,"{'latitude': 42.3881803, 'longitude': -71.0955453}",['delivery'],$$$$,"{'address1': '249 Pearl St', 'address2': '', 'address3': '', 'city': 'Somerville', 'zip_code': '02145', 'country': 'US', 'state': 'MA', 'display_address': ['249 Pearl St', 'Somerville, MA 02145']}",+16177644464,(617) 764-4464,4909.711563876625,2
nyy38msunExaObJOeH7j0Q,bootleg-special-boston,Bootleg Special,https://www.yelp.com/biz/bootleg-special-boston?adjust_creative=GWOCZh9-BmZxtdsAjr7Gug&utm_campaign=yelp_api_v3&utm_medium=api_v3_business_search&utm_source=GWOCZh9-BmZxtdsAjr7Gug,1238,"[{'alias': 'cajun', 'title': 'Cajun/Creole'}, {'alias': 'cocktailbars', 'title': 'Cocktail Bars'}, {'alias': 'tapasmallplates', 'title': 'Tapas/Small Plates'}]",4.0,"{'latitude': 42.3471199, 'longitude': -71.06834}","['restaurant_reservation', 'pickup', 'delivery']",$$,"{'address1': '400 Tremont St', 'address2': None, 'address3': '', 'city': 'Boston', 'zip_code': '02116', 'country': 'US', 'state': 'MA', 'display_address': ['400 Tremont St', 'Boston, MA 02116']}",+16174511800,(617) 451-1800,258.08125426364296,2
nvlxtOwbGqPW8E6_sYTfvw,contessa-boston-boston-3,Contessa - Boston,https://www.yelp.com/biz/contessa-boston-boston-3?adjust_creative=GWOCZh9-BmZxtdsAjr7Gug&utm_campaign=yelp_api_v3&utm_medium=api_v3_business_search&utm_source=GWOCZh9-BmZxtdsAjr7Gug,657,"[{'alias': 'italian', 'title': 'Italian'}, {'alias': 'breakfast_brunch', 'title': 'Breakfast & Brunch'}, {'alias': 'cocktailbars', 'title': 'Cocktail Bars'}]",3.8,"{'latitude': 42.352773, 'longitude': -71.071741}",[],$$$$,"{'address1': '3 Newbury St', 'address2': '', 'address3': None, 'city': 'Boston', 'zip_code': '02116', 'country': 'US', 'state': 'MA', 'display_address': ['3 Newbury St', 'Boston, MA 02116']}",+12122543000,(212) 254-3000,549.5219408432756,3
gfok4Hsdqt6wSqJhY2QM6g,la-famiglia-giorgios-boston-3,La Famiglia Giorgio's,https://www.yelp.com/biz/la-famiglia-giorgios-boston-3?adjust_creative=GWOCZh9-BmZxtdsAjr7Gug&utm_campaign=yelp_api_v3&utm_medium=api_v3_business_search&utm_source=GWOCZh9-BmZxtdsAjr7Gug,2002,"[{'alias': 'italian', 'title': 'Italian'}, {'alias': 'gluten_free', 'title': 'Gluten-Free'}, {'alias': 'pizza', 'title': 'Pizza'}]",4.0,"{'latitude': 42.364589, 'longitude': -71.055717}","['pickup', 'delivery']",$$,"{'address1': '112 Salem St', 'address2': '', 'address3': '', 'city': 'Boston', 'zip_code': '02113', 'country': 'US', 'state': 'MA', 'display_address': ['112 Salem St', 'Boston, MA 02113']}",+16173676711,(617) 367-6711,2255.2163107133074,3
_QUh5vFHSuw8R_uiFZ7XKQ,parish-cafe-and-bar-boston,Parish Cafe & Bar,https://www.yelp.com/biz/parish-cafe-and-bar-boston?adjust_creative=GWOCZh9-BmZxtdsAjr7Gug&utm_campaign=yelp_api_v3&utm_medium=api_v3_business_search&utm_source=GWOCZh9-BmZxtdsAjr7Gug,1642,"[{'alias': 'sandwiches', 'title': 'Sandwiches'}, {'alias': 'tradamerican', 'title': 'American'}, {'alias': 'cocktailbars', 'title': 'Cocktail Bars'}]",4.0,"{'latitude': 42.351855, 'longitude': -71.071647}","['pickup', 'delivery']",$$,"{'address1': '361 Boylston St', 'address2': '', 'address3': '', 'city': 'Boston', 'zip_code': '02116', 'country': 'US', 'state': 'MA', 'display_address': ['361 Boylston St', 'Boston, MA 02116']}",+16172474777,(617) 247-4777,451.51286472757556,3
PIFSzQsmaWG2h6awYUveTw,yume-ga-arukara-boston-2,Yume Ga Arukara,https://www.yelp.com/biz/yume-ga-arukara-boston-2?adjust_creative=GWOCZh9-BmZxtdsAjr7Gug&utm_campaign=yelp_api_v3&utm_medium=api_v3_business_search&utm_source=GWOCZh9-BmZxtdsAjr7Gug,180,"[{'alias': 'japanese', 'title': 'Japanese'}, {'alias': 'noodles', 'title': 'Noodles'}]",4.5,"{'latitude': 42.34980835591655, 'longitude': -71.04374541855259}",[],$$,"{'address1': '70 Pier 4 Blvd', 'address2': 'Ste 260', 'address3': None, 'city': 'Boston', 'zip_code': '02210', 'country': 'US', 'state': 'MA', 'display_address': ['70 Pier 4 Blvd', 'Ste 260', 'Boston, MA 02210']}",,,2270.3129791233882,2
v4Xj1RbLT6VRK7kHKPRLZg,little-whale-boston,Little Whale,https://www.yelp.com/biz/little-whale-boston?adjust_creative=GWOCZh9-BmZxtdsAjr7Gug&utm_campaign=yelp_api_v3&utm_medium=api_v3_business_search&utm_source=GWOCZh9-BmZxtdsAjr7Gug,198,"[{'alias': 'bars', 'title': 'Bars'}, {'alias': 'seafood', 'title': 'Seafood'}]",4.1,"{'latitude': 42.34859, 'longitude': -71.08532}",[],,"{'address1': '314 Newbury St', 'address2': '', 'address3': None, 'city': 'Boston', 'zip_code': '02115', 'country': 'US', 'state': 'MA', 'display_address': ['314 Newbury St', 'Boston, MA 02115']}",+18572770800,(857) 277-0800,1159.9294841027106,2
43VsaBIodLWAiSeblCcDcQ,mooo-seaport-boston-3,Mooo Seaport,https://www.yelp.com/biz/mooo-seaport-boston-3?adjust_creative=GWOCZh9-BmZxtdsAjr7Gug&utm_campaign=yelp_api_v3&utm_medium=api_v3_business_search&utm_source=GWOCZh9-BmZxtdsAjr7Gug,130,"[{'alias': 'steak', 'title': 'Steakhouses'}, {'alias': 'bars', 'title': 'Bars'}]",4.4,"{'latitude': 42.34943, 'longitude': -71.05038}",[],$$$$,"{'address1': '49 Melcher St', 'address2': None, 'address3': '', 'city': 'Boston', 'zip_code': '02210', 'country': 'US', 'state': 'MA', 'display_address': ['49 Melcher St', 'Boston, MA 02210']}",+16175568000,(617) 556-8000,1735.7192237700444,2
HsKe3Y-Glm5xPGDwMBE1mg,chickadee-boston,Chickadee,https://www.yelp.com/biz/chickadee-boston?adjust_creative=GWOCZh9-BmZxtdsAjr7Gug&utm_campaign=yelp_api_v3&utm_medium=api_v3_business_search&utm_source=GWOCZh9-BmZxtdsAjr7Gug,329,"[{'alias': 'newamerican', 'title': 'New American'}, {'alias': 'mediterranean', 'title': 'Mediterranean'}, {'alias': 'cocktailbars', 'title': 'Cocktail Bars'}]",4.5,"{'latitude': 42.3442600048014, 'longitude': -71.0309400781989}",['delivery'],,"{'address1': '21 Drydock Ave', 'address2': '', 'address3': None, 'city': 'Boston', 'zip_code': '02210', 'country': 'US', 'state': 'MA', 'display_address': ['21 Drydock Ave', 'Boston, MA 02210']}",+16175315591,(617) 531-5591,3336.0947677278,3
twXlQB0UMBrAVas53QN9BA,mida-boston-3,MIDA,https://www.yelp.com/biz/mida-boston-3?adjust_creative=GWOCZh9-BmZxtdsAjr7Gug&utm_campaign=yelp_api_v3&utm_medium=api_v3_business_search&utm_source=GWOCZh9-BmZxtdsAjr7Gug,679,"[{'alias': 'italian', 'title': 'Italian'}, {'alias': 'bars', 'title': 'Bars'}, {'alias': 'noodles', 'title': 'Noodles'}]",4.2,"{'latitude': 42.3390798790878, 'longitude': -71.0804313331291}",['delivery'],$$,"{'address1': '782 Tremont St', 'address2': '', 'address3': None, 'city': 'Boston', 'zip_code': '02118', 'country': 'US', 'state': 'MA', 'display_address': ['782 Tremont St', 'Boston, MA 02118']}",+16179363490,(617) 936-3490,1232.6488285887442,3
BRjvpMJ8C_1_mdB3n3tAgA,mahaniyom-brookline,Mahaniyom,https://www.yelp.com/biz/mahaniyom-brookline?adjust_creative=GWOCZh9-BmZxtdsAjr7Gug&utm_campaign=yelp_api_v3&utm_medium=api_v3_business_search&utm_source=GWOCZh9-BmZxtdsAjr7Gug,366,"[{'alias': 'cocktailbars', 'title': 'Cocktail Bars'}, {'alias': 'thai', 'title': 'Thai'}, {'alias': 'tapasmallplates', 'title': 'Tapas/Small Plates'}]",4.5,"{'latitude': 42.332646, 'longitude': -71.118868}",['pickup'],$$,"{'address1': '236 Washington St', 'address2': None, 'address3': None, 'city': 'Brookline', 'zip_code': '02445', 'country': 'US', 'state': 'MA', 'display_address': ['236 Washington St', 'Brookline, MA 02445']}",+16174875986,(617) 487-5986,4255.423984184249,2
UW23GK9Srsqxxx400FzJoA,comfort-kitchen-dorchester,Comfort Kitchen,https://www.yelp.com/biz/comfort-kitchen-dorchester?adjust_creative=GWOCZh9-BmZxtdsAjr7Gug&utm_campaign=yelp_api_v3&utm_medium=api_v3_business_search&utm_source=GWOCZh9-BmZxtdsAjr7Gug,158,"[{'alias': 'comfortfood', 'title': 'Comfort Food'}, {'alias': 'caribbean', 'title': 'Caribbean'}, {'alias': 'panasian', 'title': 'Pan Asian'}]",4.6,"{'latitude': 42.3174634, 'longitude': -71.06431079206543}",[],,"{'address1': '611 Columbia Rd', 'address2': '', 'address3': None, 'city': 'Dorchester', 'zip_code': '02125', 'country': 'US', 'state': 'MA', 'display_address': ['611 Columbia Rd', 'Dorchester, MA 02125']}",+16173296910,(617) 329-6910,3425.63856596296,2
IxBQC9gg4E6gHHqM54zr0g,kchickin-boston,KChickin,https://www.yelp.com/biz/kchickin-boston?adjust_creative=GWOCZh9-BmZxtdsAjr7Gug&utm_campaign=yelp_api_v3&utm_medium=api_v3_business_search&utm_source=GWOCZh9-BmZxtdsAjr7Gug,117,"[{'alias': 'japanese', 'title': 'Japanese'}, {'alias': 'korean', 'title': 'Korean'}, {'alias': 'chicken_wings', 'title': 'Chicken Wings'}]",4.6,"{'latitude': 42.34313954421505, 'longitude': -71.0988722}","['pickup', 'delivery']",$$,"{'address1': '86 Peterborough St', 'address2': None, 'address3': '', 'city': 'Boston', 'zip_code': '02215', 'country': 'US', 'state': 'MA', 'display_address': ['86 Peterborough St', 'Boston, MA 02215']}",+16175301181,(617) 530-1181,2330.066705272487,2
ZrSNKHiKK_PBB6UHx22FaA,21st-amendment-boston,21st Amendment,https://www.yelp.com/biz/21st-amendment-boston?adjust_creative=GWOCZh9-BmZxtdsAjr7Gug&utm_campaign=yelp_api_v3&utm_medium=api_v3_business_search&utm_source=GWOCZh9-BmZxtdsAjr7Gug,506,"[{'alias': 'bars', 'title': 'Bars'}, {'alias': 'sandwiches', 'title': 'Sandwiches'}, {'alias': 'pizza', 'title': 'Pizza'}]",4.1,"{'latitude': 42.358355, 'longitude': -71.062686}","['pickup', 'delivery']",$$,"{'address1': '150 Bowdoin Sq', 'address2': '', 'address3': '', 'city': 'Boston', 'zip_code': '02108', 'country': 'US', 'state': 'MA', 'display_address': ['150 Bowdoin Sq', 'Boston, MA 02108']}",+16172277100,(617) 227-7100,1364.2167710837723,2
GwwX5JjuOVpw0ZlBvCqEOg,coppa-enoteca-boston,Coppa Enoteca,https://www.yelp.com/biz/coppa-enoteca-boston?adjust_creative=GWOCZh9-BmZxtdsAjr7Gug&utm_campaign=yelp_api_v3&utm_medium=api_v3_business_search&utm_source=GWOCZh9-BmZxtdsAjr7Gug,1089,"[{'alias': 'italian', 'title': 'Italian'}, {'alias': 'tapasmallplates', 'title': 'Tapas/Small Plates'}, {'alias': 'pastashops', 'title': 'Pasta Shops'}]",4.0,"{'latitude': 42.3434600830078, 'longitude': -71.068733215332}","['pickup', 'delivery']",$$$,"{'address1': '253 Shawmut Ave', 'address2': '', 'address3': '', 'city': 'Boston', 'zip_code': '02118', 'country': 'US', 'state': 'MA', 'display_address': ['253 Shawmut Ave', 'Boston, MA 02118']}",+16173910902,(617) 391-0902,532.3719056653091,2
cwUUnKCZs8Zild6n2uwiSA,publico-street-bistro-and-garden-boston,Publico Street Bistro & Garden,https://www.yelp.com/biz/publico-street-bistro-and-garden-boston?adjust_creative=GWOCZh9-BmZxtdsAjr7Gug&utm_campaign=yelp_api_v3&utm_medium=api_v3_business_search&utm_source=GWOCZh9-BmZxtdsAjr7Gug,368,"[{'alias': 'newamerican', 'title': 'New American'}, {'alias': 'bars', 'title': 'Bars'}, {'alias': 'breakfast_brunch', 'title': 'Breakfast & Brunch'}]",4.3,"{'latitude': 42.3372, 'longitude': -71.04375}","['pickup', 'delivery']",$$$,"{'address1': '11 Dorchester St', 'address2': '', 'address3': None, 'city': 'Boston', 'zip_code': '02127', 'country': 'US', 'state': 'MA', 'display_address': ['11 Dorchester St', 'Boston, MA 02127']}",+16176225700,(617) 622-5700,2555.9368856999154,2
EbUZhM4fLpsWQ8fpBhhgEQ,mike-and-pattys-bay-village-boston,Mike & Patty's - Bay Village,https://www.yelp.com/biz/mike-and-pattys-bay-village-boston?adjust_creative=GWOCZh9-BmZxtdsAjr7Gug&utm_campaign=yelp_api_v3&utm_medium=api_v3_business_search&utm_source=GWOCZh9-BmZxtdsAjr7Gug,2246,"[{'alias': 'sandwiches', 'title': 'Sandwiches'}, {'alias': 'breakfast_brunch', 'title': 'Breakfast & Brunch'}]",4.4,"{'latitude': 42.348561, 'longitude': -71.067928}","['pickup', 'delivery']",$$,"{'address1': '12 Church St', 'address2': '', 'address3': '', 'city': 'Boston', 'zip_code': '02116', 'country': 'US', 'state': 'MA', 'display_address': ['12 Church St', 'Boston, MA 02116']}",+16174233447,(617) 423-3447,283.9483626062025,2
jIxhHWqxKd5ZWBIEmsFxWQ,citrus-and-salt-boston,Citrus & Salt,https://www.yelp.com/biz/citrus-and-salt-boston?adjust_creative=GWOCZh9-BmZxtdsAjr7Gug&utm_campaign=yelp_api_v3&utm_medium=api_v3_business_search&utm_source=GWOCZh9-BmZxtdsAjr7Gug,1043,"[{'alias': 'cocktailbars', 'title': 'Cocktail Bars'}, {'alias': 'mexican', 'title': 'Mexican'}, {'alias': 'tapasmallplates', 'title': 'Tapas/Small Plates'}]",3.9,"{'latitude': 42.348906320775264, 'longitude': -71.0488567}","['pickup', 'delivery']",$$,"{'address1': '319 A St', 'address2': '', 'address3': None, 'city': 'Boston', 'zip_code': '02210', 'country': 'US', 'state': 'MA', 'display_address': ['319 A St', 'Boston, MA 02210']}",+16174246711,(617) 424-6711,1843.5326952591106,2
poswq7BdLM9Iryd9palDVQ,srv-boston-boston,SRV Boston,https://www.yelp.com/biz/srv-boston-boston?adjust_creative=GWOCZh9-BmZxtdsAjr7Gug&utm_campaign=yelp_api_v3&utm_medium=api_v3_business_search&utm_source=GWOCZh9-BmZxtdsAjr7Gug,627,"[{'alias': 'italian', 'title': 'Italian'}, {'alias': 'wine_bars', 'title': 'Wine Bars'}]",4.4,"{'latitude': 42.3409180006501, 'longitude': -71.0816150531173}",['delivery'],$$$,"{'address1': '569 Columbus Ave', 'address2': '', 'address3': '', 'city': 'Boston', 'zip_code': '02118', 'country': 'US', 'state': 'MA', 'display_address': ['569 Columbus Ave', 'Boston, MA 02118']}",+16175369500,(617) 536-9500,1148.6112840272483,2
b8_a5LuSt0Gcy-TZIvDl3g,black-lamb-boston,Black Lamb,https://www.yelp.com/biz/black-lamb-boston?adjust_creative=GWOCZh9-BmZxtdsAjr7Gug&utm_campaign=yelp_api_v3&utm_medium=api_v3_business_search&utm_source=GWOCZh9-BmZxtdsAjr7Gug,306,"[{'alias': 'newamerican', 'title': 'New American'}, {'alias': 'seafood', 'title': 'Seafood'}, {'alias': 'cocktailbars', 'title': 'Cocktail Bars'}]",3.9,"{'latitude': 42.34369, 'longitude': -71.07263}","['pickup', 'delivery']",,"{'address1': '571 Tremont St', 'address2': None, 'address3': '', 'city': 'Boston', 'zip_code': '02118', 'country': 'US', 'state': 'MA', 'display_address': ['571 Tremont St', 'Boston, MA 02118']}",+16179826330,(617) 982-6330,478.6413371941115,4
Pk4KPrAHNVhwU25GDPvdAQ,row-34-cambridge-cambridge,Row 34 - Cambridge,https://www.yelp.com/biz/row-34-cambridge-cambridge?adjust_creative=GWOCZh9-BmZxtdsAjr7Gug&utm_campaign=yelp_api_v3&utm_medium=api_v3_business_search&utm_source=GWOCZh9-BmZxtdsAjr7Gug,103,"[{'alias': 'seafood', 'title': 'Seafood'}, {'alias': 'beerbar', 'title': 'Beer Bar'}]",4.3,"{'latitude': 42.3623427760809, 'longitude': -71.0866897}",[],,"{'address1': '314 Main St', 'address2': '', 'address3': None, 'city': 'Cambridge', 'zip_code': '02142', 'country': 'US', 'state': 'MA', 'display_address': ['314 Main St', 'Cambridge, MA 02142']}",+16178191120,(617) 819-1120,2052.0654606128387,3
V_6rG2oL56DVDIKPWnZ41A,french-quarter-boston,French Quarter,https://www.yelp.com/biz/french-quarter-boston?adjust_creative=GWOCZh9-BmZxtdsAjr7Gug&utm_campaign=yelp_api_v3&utm_medium=api_v3_business_search&utm_source=GWOCZh9-BmZxtdsAjr7Gug,324,"[{'alias': 'bars', 'title': 'Bars'}, {'alias': 'cajun', 'title': 'Cajun/Creole'}]",4.1,"{'latitude': 42.3538514201836, 'longitude': -71.0625303627357}","['pickup', 'delivery']",$$,"{'address1': '545 Washington St', 'address2': '', 'address3': None, 'city': 'Boston', 'zip_code': '02111', 'country': 'US', 'state': 'MA', 'display_address': ['545 Washington St', 'Boston, MA 02111']}",+16175425555,(617) 542-5555,979.394341324512,2
eJzWmVgMY5x1n281Qw6YDQ,kava-neo-taverna-boston-2,KAVA neo-taverna,https://www.yelp.com/biz/kava-neo-taverna-boston-2?adjust_creative=GWOCZh9-BmZxtdsAjr7Gug&utm_campaign=yelp_api_v3&utm_medium=api_v3_business_search&utm_source=GWOCZh9-BmZxtdsAjr7Gug,539,"[{'alias': 'greek', 'title': 'Greek'}, {'alias': 'bars', 'title': 'Bars'}]",4.3,"{'latitude': 42.34239, 'longitude': -71.07043}",['delivery'],$$$,"{'address1': '315 Shawmut Ave', 'address2': '', 'address3': '', 'city': 'Boston', 'zip_code': '02118', 'country': 'US', 'state': 'MA', 'display_address': ['315 Shawmut Ave', 'Boston, MA 02118']}",+16173561100,(617) 356-1100,611.3095366893209,2
oBEI6c3hWNUMIRP5oh8Ptw,laughing-monk-cafe-boston,Laughing Monk Cafe,https://www.yelp.com/biz/laughing-monk-cafe-boston?adjust_creative=GWOCZh9-BmZxtdsAjr7Gug&utm_campaign=yelp_api_v3&utm_medium=api_v3_business_search&utm_source=GWOCZh9-BmZxtdsAjr7Gug,466,"[{'alias': 'sushi', 'title': 'Sushi Bars'}, {'alias': 'thai', 'title': 'Thai'}]",4.4,"{'latitude': 42.3340845, 'longitude': -71.1053358}","['pickup', 'delivery']",$$,"{'address1': '737 Huntington Ave', 'address2': None, 'address3': '', 'city': 'Boston', 'zip_code': '02115', 'country': 'US', 'state': 'MA', 'display_address': ['737 Huntington Ave', 'Boston, MA 02115']}",+16172328000,(617) 232-8000,3205.2088811385315,2
lhsSex-lUya1F8TitknFtg,shy-bird-cambridge,Shy Bird,https://www.yelp.com/biz/shy-bird-cambridge?adjust_creative=GWOCZh9-BmZxtdsAjr7Gug&utm_campaign=yelp_api_v3&utm_medium=api_v3_business_search&utm_source=GWOCZh9-BmZxtdsAjr7Gug,334,"[{'alias': 'cocktailbars', 'title': 'Cocktail Bars'}, {'alias': 'breakfast_brunch', 'title': 'Breakfast & Brunch'}, {'alias': 'coffee', 'title': 'Coffee & Tea'}]",3.8,"{'latitude': 42.3626900684943, 'longitude': -71.08405939029981}",[],$$,"{'address1': '390 Third St', 'address2': '', 'address3': None, 'city': 'Cambridge', 'zip_code': '02142', 'country': 'US', 'state': 'MA', 'display_address': ['390 Third St', 'Cambridge, MA 02142']}",+16177144200,(617) 714-4200,1958.3279850252343,2
wxe0Hxxhv4FQtI8EvrgReA,monument-restaurant-and-tavern-boston,Monument Restaurant & Tavern,https://www.yelp.com/biz/monument-restaurant-and-tavern-boston?adjust_creative=GWOCZh9-BmZxtdsAjr7Gug&utm_campaign=yelp_api_v3&utm_medium=api_v3_business_search&utm_source=GWOCZh9-BmZxtdsAjr7Gug,348,"[{'alias': 'bars', 'title': 'Bars'}, {'alias': 'tradamerican', 'title': 'American'}, {'alias': 'breakfast_brunch', 'title': 'Breakfast & Brunch'}]",4.3,"{'latitude': 42.3769209851841, 'longitude': -71.0660490700896}",['delivery'],$$,"{'address1': '251 Main St', 'address2': '', 'address3': None, 'city': 'Boston', 'zip_code': '02129', 'country': 'US', 'state': 'MA', 'display_address': ['251 Main St', 'Boston, MA 02129']}",+16173375191,(617) 337-5191,3261.5074594427497,2
PUZSvR-nEHlhEi0gSADu7w,piattini-boston-3,Piattini,https://www.yelp.com/biz/piattini-boston-3?adjust_creative=GWOCZh9-BmZxtdsAjr7Gug&utm_campaign=yelp_api_v3&utm_medium=api_v3_business_search&utm_source=GWOCZh9-BmZxtdsAjr7Gug,1144,"[{'alias': 'italian', 'title': 'Italian'}, {'alias': 'wine_bars', 'title': 'Wine Bars'}, {'alias': 'beerbar', 'title': 'Beer Bar'}]",3.9,"{'latitude': 42.34969, 'longitude': -71.08122}","['pickup', 'delivery']",$$,"{'address1': '226 Newbury St', 'address2': '', 'address3': '', 'city': 'Boston', 'zip_code': '02116', 'country': 'US', 'state': 'MA', 'display_address': ['226 Newbury St', 'Boston, MA 02116']}",+16175362020,(617) 536-2020,846.6318662184409,2
ecNJ3i9leabp-kFVtf_WTw,the-banks-seafood-and-steak-boston,The Banks Seafood & Steak,https://www.yelp.com/biz/the-banks-seafood-and-steak-boston?adjust_creative=GWOCZh9-BmZxtdsAjr7Gug&utm_campaign=yelp_api_v3&utm_medium=api_v3_business_search&utm_source=GWOCZh9-BmZxtdsAjr7Gug,319,"[{'alias': 'seafood', 'title': 'Seafood'}, {'alias': 'cocktailbars', 'title': 'Cocktail Bars'}]",4.1,"{'latitude': 42.34875, 'longitude': -71.07392}",[],$$$,"{'address1': '406 Stuart St', 'address2': '', 'address3': None, 'city': 'Boston', 'zip_code': '02116', 'country': 'US', 'state': 'MA', 'display_address': ['406 Stuart St', 'Boston, MA 02116']}",+16173990015,(617) 399-0015,255.40866370003107,2
xnt5Hj32maOSQ6C2A3GDsA,kaia-boston,Kaia,https://www.yelp.com/biz/kaia-boston?adjust_creative=GWOCZh9-BmZxtdsAjr7Gug&utm_campaign=yelp_api_v3&utm_medium=api_v3_business_search&utm_source=GWOCZh9-BmZxtdsAjr7Gug,50,"[{'alias': 'wine_bars', 'title': 'Wine Bars'}, {'alias': 'greek', 'title': 'Greek'}, {'alias': 'cocktailbars', 'title': 'Cocktail Bars'}]",4.3,"{'latitude': 42.34391397119636, 'longitude': -71.0635672443129}",[],,"{'address1': '380 Harrison Ave', 'address2': None, 'address3': None, 'city': 'Boston', 'zip_code': '02118', 'country': 'US', 'state': 'MA', 'display_address': ['380 Harrison Ave', 'Boston, MA 02118']}",+16175140700,(617) 514-0700,767.2711547132911,2
Qz7YOjaJ89TFdWhtt4mAiw,bar-cino-brookline,Bar 'Cino,https://www.yelp.com/biz/bar-cino-brookline?adjust_creative=GWOCZh9-BmZxtdsAjr7Gug&utm_campaign=yelp_api_v3&utm_medium=api_v3_business_search&utm_source=GWOCZh9-BmZxtdsAjr7Gug,334,"[{'alias': 'italian', 'title': 'Italian'}, {'alias': 'cocktailbars', 'title': 'Cocktail Bars'}, {'alias': 'pizza', 'title': 'Pizza'}]",4.3,"{'latitude': 42.34606220053994, 'longitude': -71.10812906992322}","['pickup', 'delivery']",$$,"{'address1': '1032 Beacon St', 'address2': '', 'address3': None, 'city': 'Brookline', 'zip_code': '02446', 'country': 'US', 'state': 'MA', 'display_address': ['1032 Beacon St', 'Brookline, MA 02446']}",+16176083220,(617) 608-3220,3037.790522038337,2
VH0Ib9S3E-dxbQdQC4rffg,mistral-boston,Mistral,https://www.yelp.com/biz/mistral-boston?adjust_creative=GWOCZh9-BmZxtdsAjr7Gug&utm_campaign=yelp_api_v3&utm_medium=api_v3_business_search&utm_source=GWOCZh9-BmZxtdsAjr7Gug,1131,"[{'alias': 'french', 'title': 'French'}, {'alias': 'mediterranean', 'title': 'Mediterranean'}]",4.2,"{'latitude': 42.3481578332115, 'longitude': -71.072759141675}",['pickup'],$$$$,"{'address1': '223 Columbus Ave', 'address2': '', 'address3': '', 'city': 'Boston', 'zip_code': '02116', 'country': 'US', 'state': 'MA', 'display_address': ['223 Columbus Ave', 'Boston, MA 02116']}",+16178679300,(617) 867-9300,129.4384877600692,3
E3Qqa99qFy1oeGMv0wPBBQ,tora-japanese-restaurant-boston,Tora Japanese Restaurant,https://www.yelp.com/biz/tora-japanese-restaurant-boston?adjust_creative=GWOCZh9-BmZxtdsAjr7Gug&utm_campaign=yelp_api_v3&utm_medium=api_v3_business_search&utm_source=GWOCZh9-BmZxtdsAjr7Gug,899,"[{'alias': 'japanese', 'title': 'Japanese'}, {'alias': 'sushi', 'title': 'Sushi Bars'}, {'alias': 'poke', 'title': 'Poke'}]",4.4,"{'latitude': 42.3507412, 'longitude': -71.0606208443837}","['pickup', 'delivery']",$$,"{'address1': '20B Tyler St', 'address2': None, 'address3': '', 'city': 'Boston', 'zip_code': '02111', 'country': 'US', 'state': 'MA', 'display_address': ['20B Tyler St', 'Boston, MA 02111']}",+16175426688,(617) 542-6688,930.5751660646662,3
cg8mfYBkdhaPrvEVblm7gQ,james-hook-and-co-boston-7,James Hook & Co,https://www.yelp.com/biz/james-hook-and-co-boston-7?adjust_creative=GWOCZh9-BmZxtdsAjr7Gug&utm_campaign=yelp_api_v3&utm_medium=api_v3_business_search&utm_source=GWOCZh9-BmZxtdsAjr7Gug,1859,"[{'alias': 'seafood', 'title': 'Seafood'}, {'alias': 'seafoodmarkets', 'title': 'Seafood Markets'}]",4.2,"{'latitude': 42.354974, 'longitude': -71.050931}","['pickup', 'delivery']",$$$,"{'address1': '440 Atlantic Ave', 'address2': '', 'address3': '', 'city': 'Boston', 'zip_code': '02110', 'country': 'US', 'state': 'MA', 'display_address': ['440 Atlantic Ave', 'Boston, MA 02110']}",+16174235501,(617) 423-5501,1842.938717590978,2
HL2EzKNtB8gGP_RBms-yTQ,311-boston-boston,311 Boston,https://www.yelp.com/biz/311-boston-boston?adjust_creative=GWOCZh9-BmZxtdsAjr7Gug&utm_campaign=yelp_api_v3&utm_medium=api_v3_business_search&utm_source=GWOCZh9-BmZxtdsAjr7Gug,47,"[{'alias': 'japanese', 'title': 'Japanese'}]",4.8,"{'latitude': 42.34314895226888, 'longitude': -71.0736172}",[],,"{'address1': '605 Tremont St', 'address2': 'Ste G', 'address3': '', 'city': 'Boston', 'zip_code': '02118', 'country': 'US', 'state': 'MA', 'display_address': ['605 Tremont St', 'Ste G', 'Boston, MA 02118']}",+17818310311,(781) 831-0311,557.0879610305251,2
LypCG_Zni2u3lD073zFdGw,moxies-boston,Moxies Boston Seaport Restaurant,https://www.yelp.com/biz/moxies-boston?adjust_creative=GWOCZh9-BmZxtdsAjr7Gug&utm_campaign=yelp_api_v3&utm_medium=api_v3_business_search&utm_source=GWOCZh9-BmZxtdsAjr7Gug,164,"[{'alias': 'newamerican', 'title': 'New American'}, {'alias': 'lounges', 'title': 'Lounges'}, {'alias': 'cocktailbars', 'title': 'Cocktail Bars'}]",3.9,"{'latitude': 42.347966290796705, 'longitude': -71.03722417717454}",[],,"{'address1': '899 Congress St', 'address2': None, 'address3': None, 'city': 'Boston', 'zip_code': '02210', 'country': 'US', 'state': 'MA', 'display_address': ['899 Congress St', 'Boston, MA 02210']}",+16175803040,(617) 580-3040,2795.7429440419146,2
8jEq6xx9xfQVUvnAtNXzOw,alma-gaucha-boston,Alma Gaucha,https://www.yelp.com/biz/alma-gaucha-boston?adjust_creative=GWOCZh9-BmZxtdsAjr7Gug&utm_campaign=yelp_api_v3&utm_medium=api_v3_business_search&utm_source=GWOCZh9-BmZxtdsAjr7Gug,188,"[{'alias': 'steak', 'title': 'Steakhouses'}, {'alias': 'desserts', 'title': 'Desserts'}, {'alias': 'brazilian', 'title': 'Brazilian'}]",4.3,"{'latitude': 42.34355553380654, 'longitude': -71.0446136}","['pickup', 'delivery']",$$$$,"{'address1': '401 D St Boston', 'address2': None, 'address3': '', 'city': 'Boston', 'zip_code': '02210', 'country': 'US', 'state': 'MA', 'display_address': ['401 D St Boston', 'Boston, MA 02210']}",+16174204900,(617) 420-4900,2239.8125719180166,3
HEaQQAH6qyFXamKkpil91A,paulis-boston,Pauli's,https://www.yelp.com/biz/paulis-boston?adjust_creative=GWOCZh9-BmZxtdsAjr7Gug&utm_campaign=yelp_api_v3&utm_medium=api_v3_business_search&utm_source=GWOCZh9-BmZxtdsAjr7Gug,1685,"[{'alias': 'sandwiches', 'title': 'Sandwiches'}, {'alias': 'seafood', 'title': 'Seafood'}, {'alias': 'burgers', 'title': 'Burgers'}]",4.3,"{'latitude': 42.363244212396, 'longitude': -71.0560854227807}","['pickup', 'delivery']",$$,"{'address1': '65 Salem St', 'address2': None, 'address3': '', 'city': 'Boston', 'zip_code': '02113', 'country': 'US', 'state': 'MA', 'display_address': ['65 Salem St', 'Boston, MA 02113']}",+18572847064,(857) 284-7064,2117.6915388414172,3
ScslTjcxi4ubXOBiLfCOmg,trattoria-il-panino-boston,Trattoria Il Panino,https://www.yelp.com/biz/trattoria-il-panino-boston?adjust_creative=GWOCZh9-BmZxtdsAjr7Gug&utm_campaign=yelp_api_v3&utm_medium=api_v3_business_search&utm_source=GWOCZh9-BmZxtdsAjr7Gug,1481,"[{'alias': 'italian', 'title': 'Italian'}]",3.9,"{'latitude': 42.36391, 'longitude': -71.05477}",['pickup'],$$,"{'address1': '11 Parmenter St', 'address2': None, 'address3': '', 'city': 'Boston', 'zip_code': '02113', 'country': 'US', 'state': 'MA', 'display_address': ['11 Parmenter St', 'Boston, MA 02113']}",+16177201336,(617) 720-1336,2236.1349770212946,3
-djJv_3BnxEC2FKo40JJaQ,tonino-jamaica-plain,Tonino,https://www.yelp.com/biz/tonino-jamaica-plain?adjust_creative=GWOCZh9-BmZxtdsAjr7Gug&utm_campaign=yelp_api_v3&utm_medium=api_v3_business_search&utm_source=GWOCZh9-BmZxtdsAjr7Gug,99,"[{'alias': 'italian', 'title': 'Italian'}, {'alias': 'cocktailbars', 'title': 'Cocktail Bars'}]",4.7,"{'latitude': 42.31251, 'longitude': -71.11437}",[],,"{'address1': '669 Centre St', 'address2': '', 'address3': None, 'city': 'Jamaica Plain', 'zip_code': '02130', 'country': 'US', 'state': 'MA', 'display_address': ['669 Centre St', 'Jamaica Plain, MA 02130']}",+16175249217,(617) 524-9217,5290.460859333564,3
wamk3ZnaaPqZeJBYwVnuOw,ding-ding-xiang-boston,Ding Ding Xiang,https://www.yelp.com/biz/ding-ding-xiang-boston?adjust_creative=GWOCZh9-BmZxtdsAjr7Gug&utm_campaign=yelp_api_v3&utm_medium=api_v3_business_search&utm_source=GWOCZh9-BmZxtdsAjr7Gug,3,"[{'alias': 'chinese', 'title': 'Chinese'}, {'alias': 'japanese', 'title': 'Japanese'}]",4.7,"{'latitude': 42.35161, 'longitude': -71.06095}",[],,"{'address1': '42 Beach St', 'address2': '', 'address3': None, 'city': 'Boston', 'zip_code': '02111', 'country': 'US', 'state': 'MA', 'display_address': ['42 Beach St', 'Boston, MA 02111']}",,,944.1544091590588,3
ecqjHw3jeEApa9eZ622hAA,fin-point-oyster-bar-and-grill-boston-2,Fin Point Oyster Bar & Grill,https://www.yelp.com/biz/fin-point-oyster-bar-and-grill-boston-2?adjust_creative=GWOCZh9-BmZxtdsAjr7Gug&utm_campaign=yelp_api_v3&utm_medium=api_v3_business_search&utm_source=GWOCZh9-BmZxtdsAjr7Gug,597,"[{'alias': 'seafood', 'title': 'Seafood'}, {'alias': 'breakfast_brunch', 'title': 'Breakfast & Brunch'}, {'alias': 'cocktailbars', 'title': 'Cocktail Bars'}]",4.4,"{'latitude': 42.35742537917813, 'longitude': -71.05302558403368}",['delivery'],$$$,"{'address1': '89 Broad St', 'address2': None, 'address3': '', 'city': 'Boston', 'zip_code': '02110', 'country': 'US', 'state': 'MA', 'display_address': ['89 Broad St', 'Boston, MA 02110']}",+16173481234,(617) 348-1234,1837.5840252533342,3
diB9W61WceZTbCRlRk9cxg,desnuda-boston,Desnuda,https://www.yelp.com/biz/desnuda-boston?adjust_creative=GWOCZh9-BmZxtdsAjr7Gug&utm_campaign=yelp_api_v3&utm_medium=api_v3_business_search&utm_source=GWOCZh9-BmZxtdsAjr7Gug,46,"[{'alias': 'latin', 'title': 'Latin American'}, {'alias': 'panasian', 'title': 'Pan Asian'}, {'alias': 'cocktailbars', 'title': 'Cocktail Bars'}]",4.0,"{'latitude': 42.342248775024, 'longitude': -71.07543068602891}",[],,"{'address1': '647 Tremont St', 'address2': None, 'address3': None, 'city': 'Boston', 'zip_code': '02118', 'country': 'US', 'state': 'MA', 'display_address': ['647 Tremont St', 'Boston, MA 02118']}",+16172862333,(617) 286-2333,710.7709294631157,2
AGR_kBvN__I7aTl0rBywAg,atlantic-fish-boston-8,Atlantic Fish,https://www.yelp.com/biz/atlantic-fish-boston-8?adjust_creative=GWOCZh9-BmZxtdsAjr7Gug&utm_campaign=yelp_api_v3&utm_medium=api_v3_business_search&utm_source=GWOCZh9-BmZxtdsAjr7Gug,3272,"[{'alias': 'seafood', 'title': 'Seafood'}, {'alias': 'raw_food', 'title': 'Live/Raw Food'}, {'alias': 'cocktailbars', 'title': 'Cocktail Bars'}]",4.2,"{'latitude': 42.3492217873536, 'longitude': -71.0811272917217}","['pickup', 'delivery']",$$$,"{'address1': '761 Boylston St', 'address2': '', 'address3': '', 'city': 'Boston', 'zip_code': '02116', 'country': 'US', 'state': 'MA', 'display_address': ['761 Boylston St', 'Boston, MA 02116']}",+16172674000,(617) 267-4000,826.6340017964785,2
MUup2lqjjX8JYvYjFCAAeA,bartaco-seaport-boston-2,bartaco Seaport,https://www.yelp.com/biz/bartaco-seaport-boston-2?adjust_creative=GWOCZh9-BmZxtdsAjr7Gug&utm_campaign=yelp_api_v3&utm_medium=api_v3_business_search&utm_source=GWOCZh9-BmZxtdsAjr7Gug,840,"[{'alias': 'tacos', 'title': 'Tacos'}]",4.0,"{'latitude': 42.350966887607285, 'longitude': -71.04755891814392}","['pickup', 'delivery']",$$,"{'address1': '25 Thomson Pl', 'address2': None, 'address3': '', 'city': 'Boston', 'zip_code': '02210', 'country': 'US', 'state': 'MA', 'display_address': ['25 Thomson Pl', 'Boston, MA 02210']}",+16178198226,(617) 819-8226,1977.1264288898888,3
SB6IVbyTvTWRAF3sQgklPQ,ruka-restobar-boston,RUKA Restobar,https://www.yelp.com/biz/ruka-restobar-boston?adjust_creative=GWOCZh9-BmZxtdsAjr7Gug&utm_campaign=yelp_api_v3&utm_medium=api_v3_business_search&utm_source=GWOCZh9-BmZxtdsAjr7Gug,867,"[{'alias': 'sushi', 'title': 'Sushi Bars'}, {'alias': 'latin', 'title': 'Latin American'}, {'alias': 'peruvian', 'title': 'Peruvian'}]",4.0,"{'latitude': 42.35454, 'longitude': -71.06173}",['delivery'],$$,"{'address1': '505 Washington St', 'address2': None, 'address3': '', 'city': 'Boston', 'zip_code': '02111', 'country': 'US', 'state': 'MA', 'display_address': ['505 Washington St', 'Boston, MA 02111']}",+16172660102,(617) 266-0102,1092.495358613373,
UnBs4z6ZnGmgdxXz5dq3CQ,wa-shin-boston,Wa Shin,https://www.yelp.com/biz/wa-shin-boston?adjust_creative=GWOCZh9-BmZxtdsAjr7Gug&utm_campaign=yelp_api_v3&utm_medium=api_v3_business_search&utm_source=GWOCZh9-BmZxtdsAjr7Gug,75,"[{'alias': 'japanese', 'title': 'Japanese'}, {'alias': 'sushi', 'title': 'Sushi Bars'}]",5.0,"{'latitude': 42.350421682864045, 'longitude': -71.0685094}",[],$$$$,"{'address1': '222 Stuart St', 'address2': None, 'address3': '', 'city': 'Boston', 'zip_code': '02116', 'country': 'US', 'state': 'MA', 'display_address': ['222 Stuart St', 'Boston, MA 02116']}",+18572899290,(857) 289-9290,364.3851254165272,
KdPIqoR5NqpcnOAKZZEONQ,spin-boston-boston,SPIN Boston,https://www.yelp.com/biz/spin-boston-boston?adjust_creative=GWOCZh9-BmZxtdsAjr7Gug&utm_campaign=yelp_api_v3&utm_medium=api_v3_business_search&utm_source=GWOCZh9-BmZxtdsAjr7Gug,58,"[{'alias': 'venues', 'title': 'Venues & Event Spaces'}, {'alias': 'cocktailbars', 'title': 'Cocktail Bars'}, {'alias': 'tradamerican', 'title': 'American'}]",4.3,"{'latitude': 42.34996, 'longitude': -71.05033}",[],$$,"{'address1': '30 Melcher St', 'address2': None, 'address3': '', 'city': 'Boston', 'zip_code': '02210', 'country': 'US', 'state': 'MA', 'display_address': ['30 Melcher St', 'Boston, MA 02210']}",+16174042272,(617) 404-2272,1729.0449918634067,2
Kz4TmxkLtnPSR8NyXFzkHg,buttermilk-and-bourbon-watertown,Buttermilk & Bourbon,https://www.yelp.com/biz/buttermilk-and-bourbon-watertown?adjust_creative=GWOCZh9-BmZxtdsAjr7Gug&utm_campaign=yelp_api_v3&utm_medium=api_v3_business_search&utm_source=GWOCZh9-BmZxtdsAjr7Gug,215,"[{'alias': 'tapasmallplates', 'title': 'Tapas/Small Plates'}]",3.6,"{'latitude': 42.361660905354704, 'longitude': -71.15804197379511}","['pickup', 'delivery']",$$,"{'address1': '100 Arsenal Yards Blvd', 'address2': '', 'address3': None, 'city': 'Watertown', 'zip_code': '02472', 'country': 'US', 'state': 'MA', 'display_address': ['100 Arsenal Yards Blvd', 'Watertown, MA 02472']}",,,7296.03557629197,2
S7giZLOHX_P6ARudAI6d5w,savr-boston,SAVR,https://www.yelp.com/biz/savr-boston?adjust_creative=GWOCZh9-BmZxtdsAjr7Gug&utm_campaign=yelp_api_v3&utm_medium=api_v3_business_search&utm_source=GWOCZh9-BmZxtdsAjr7Gug,154,"[{'alias': 'tradamerican', 'title': 'American'}, {'alias': 'cocktailbars', 'title': 'Cocktail Bars'}]",4.2,"{'latitude': 42.35076547265942, 'longitude': -71.042766}","['pickup', 'delivery']",$$$,"{'address1': '150 Seaport Blvd', 'address2': '', 'address3': None, 'city': 'Boston', 'zip_code': '02210', 'country': 'US', 'state': 'MA', 'display_address': ['150 Seaport Blvd', 'Boston, MA 02210']}",+16175537287,(617) 553-7287,2362.70101558508,2
1C32E52HmhRC3GNwkX2nZg,moonshine-152-boston,Moonshine 152,https://www.yelp.com/biz/moonshine-152-boston?adjust_creative=GWOCZh9-BmZxtdsAjr7Gug&utm_campaign=yelp_api_v3&utm_medium=api_v3_business_search&utm_source=GWOCZh9-BmZxtdsAjr7Gug,655,"[{'alias': 'newamerican', 'title': 'New American'}, {'alias': 'asianfusion', 'title': 'Asian Fusion'}]",4.4,"{'latitude': 42.34133, 'longitude': -71.0569151}","['pickup', 'delivery']",$$,"{'address1': '152 Dorchester Ave', 'address2': '', 'address3': '', 'city': 'Boston', 'zip_code': '02127', 'country': 'US', 'state': 'MA', 'display_address': ['152 Dorchester Ave', 'Boston, MA 02127']}",+16177524191,(617) 752-4191,1360.8169726116485,4
uBXOc3uxpCSmd22P6LOeew,mamma-maria-boston,Mamma Maria,https://www.yelp.com/biz/mamma-maria-boston?adjust_creative=GWOCZh9-BmZxtdsAjr7Gug&utm_campaign=yelp_api_v3&utm_medium=api_v3_business_search&utm_source=GWOCZh9-BmZxtdsAjr7Gug,1037,"[{'alias': 'italian', 'title': 'Italian'}]",4.3,"{'latitude': 42.36409, 'longitude': -71.0533}","['pickup', 'delivery']",$$$,"{'address1': '3 North Sq', 'address2': '', 'address3': '', 'city': 'Boston', 'zip_code': '02113', 'country': 'US', 'state': 'MA', 'display_address': ['3 North Sq', 'Boston, MA 02113']}",+16175230077,(617) 523-0077,2327.9985192618205,4
-S_m_GBqkGEjABeO0FaxzA,state-street-provisions-boston,State Street Provisions,https://www.yelp.com/biz/state-street-provisions-boston?adjust_creative=GWOCZh9-BmZxtdsAjr7Gug&utm_campaign=yelp_api_v3&utm_medium=api_v3_business_search&utm_source=GWOCZh9-BmZxtdsAjr7Gug,860,"[{'alias': 'newamerican', 'title': 'New American'}, {'alias': 'breakfast_brunch', 'title': 'Breakfast & Brunch'}, {'alias': 'pizza', 'title': 'Pizza'}]",3.9,"{'latitude': 42.3596693269481, 'longitude': -71.0513299055129}","['pickup', 'delivery']",$$,"{'address1': '255 State St', 'address2': '', 'address3': 'Long Wharf', 'city': 'Boston', 'zip_code': '02109', 'country': 'US', 'state': 'MA', 'display_address': ['255 State St', 'Long Wharf', 'Boston, MA 02109']}",+16178638363,(617) 863-8363,2091.635459398456,4
R-Ki4sv6Ld5dCnImJIUoCw,the-red-fox-boston,The Red Fox,https://www.yelp.com/biz/the-red-fox-boston?adjust_creative=GWOCZh9-BmZxtdsAjr7Gug&utm_campaign=yelp_api_v3&utm_medium=api_v3_business_search&utm_source=GWOCZh9-BmZxtdsAjr7Gug,72,"[{'alias': 'cocktailbars', 'title': 'Cocktail Bars'}, {'alias': 'newamerican', 'title': 'New American'}, {'alias': 'italian', 'title': 'Italian'}]",4.1,"{'latitude': 42.36536, 'longitude': -71.0513}",[],,"{'address1': '326 Commercial St', 'address2': '', 'address3': '', 'city': 'Boston', 'zip_code': '02113', 'country': 'US', 'state': 'MA', 'display_address': ['326 Commercial St', 'Boston, MA 02113']}",,,2546.2526680447318,2
2us-KtZSl1N9uZwzGTd4dw,rebels-guild-boston,Rebel's Guild,https://www.yelp.com/biz/rebels-guild-boston?adjust_creative=GWOCZh9-BmZxtdsAjr7Gug&utm_campaign=yelp_api_v3&utm_medium=api_v3_business_search&utm_source=GWOCZh9-BmZxtdsAjr7Gug,100,"[{'alias': 'tradamerican', 'title': 'American'}]",3.4,"{'latitude': 42.3503716, 'longitude': -71.0674657}",['delivery'],,"{'address1': '200 Stuart St', 'address2': None, 'address3': '', 'city': 'Boston', 'zip_code': '02116', 'country': 'US', 'state': 'MA', 'display_address': ['200 Stuart St', 'Boston, MA 02116']}",+16174572625,(617) 457-2625,418.93729871507577,2
H0lnJ44GvEkHoSV4WsQwtw,little-donkey-cambridge,Little Donkey,https://www.yelp.com/biz/little-donkey-cambridge?adjust_creative=GWOCZh9-BmZxtdsAjr7Gug&utm_campaign=yelp_api_v3&utm_medium=api_v3_business_search&utm_source=GWOCZh9-BmZxtdsAjr7Gug,1038,"[{'alias': 'tapasmallplates', 'title': 'Tapas/Small Plates'}, {'alias': 'bars', 'title': 'Bars'}, {'alias': 'seafood', 'title': 'Seafood'}]",3.9,"{'latitude': 42.36437195, 'longitude': -71.10148541}","['pickup', 'delivery']",$$$,"{'address1': '505 Massachusetts Ave', 'address2': None, 'address3': '', 'city': 'Cambridge', 'zip_code': '02139', 'country': 'US', 'state': 'MA', 'display_address': ['505 Massachusetts Ave', 'Cambridge, MA 02139']}",+16179451008,(617) 945-1008,3090.9069693854553,2
i6uHrxuS1D_6V8WhaWLy5A,lukes-lobster-back-bay-boston,Luke's Lobster Back Bay,https://www.yelp.com/biz/lukes-lobster-back-bay-boston?adjust_creative=GWOCZh9-BmZxtdsAjr7Gug&utm_campaign=yelp_api_v3&utm_medium=api_v3_business_search&utm_source=GWOCZh9-BmZxtdsAjr7Gug,2157,"[{'alias': 'seafood', 'title': 'Seafood'}, {'alias': 'soup', 'title': 'Soup'}, {'alias': 'sandwiches', 'title': 'Sandwiches'}]",4.2,"{'latitude': 42.34869123638961, 'longitude': -71.0792269348443}","['pickup', 'delivery']",$$,"{'address1': '75 Exeter Street', 'address2': '', 'address3': '', 'city': 'Boston', 'zip_code': '02116', 'country': 'US', 'state': 'MA', 'display_address': ['75 Exeter Street', 'Boston, MA 02116']}",+18573504626,(857) 350-4626,662.8623675513837,4
VWrRmfeal9Y1Pk4gyn-N1w,geppetto-cambridge,Geppetto,https://www.yelp.com/biz/geppetto-cambridge?adjust_creative=GWOCZh9-BmZxtdsAjr7Gug&utm_campaign=yelp_api_v3&utm_medium=api_v3_business_search&utm_source=GWOCZh9-BmZxtdsAjr7Gug,88,"[{'alias': 'italian', 'title': 'Italian'}, {'alias': 'wine_bars', 'title': 'Wine Bars'}]",4.3,"{'latitude': 42.37209089748114, 'longitude': -71.07555330320587}",[],$$$,"{'address1': '100 N First St', 'address2': '', 'address3': None, 'city': 'Cambridge', 'zip_code': '02141', 'country': 'US', 'state': 'MA', 'display_address': ['100 N First St', 'Cambridge, MA 02141']}",+16179451349,(617) 945-1349,2719.540979688895,4
W0Y_oPs3hqYb5JNmSg7jZQ,bayao-cafe-quincy,Bayao Cafe,https://www.yelp.com/biz/bayao-cafe-quincy?adjust_creative=GWOCZh9-BmZxtdsAjr7Gug&utm_campaign=yelp_api_v3&utm_medium=api_v3_business_search&utm_source=GWOCZh9-BmZxtdsAjr7Gug,61,"[{'alias': 'hkcafe', 'title': 'Hong Kong Style Cafe'}]",4.2,"{'latitude': 42.27272, 'longitude': -71.02484}",[],,"{'address1': '429 Hancock St', 'address2': '', 'address3': None, 'city': 'Quincy', 'zip_code': '02171', 'country': 'US', 'state': 'MA', 'display_address': ['429 Hancock St', 'Quincy, MA 02171']}",+16178455322,(617) 845-5322,9180.71418979283,4
m1ertlgQIxAl74D7nCsvbQ,earls-kitchen-bar-boston-2,Earls Kitchen + Bar,https://www.yelp.com/biz/earls-kitchen-bar-boston-2?adjust_creative=GWOCZh9-BmZxtdsAjr7Gug&utm_campaign=yelp_api_v3&utm_medium=api_v3_business_search&utm_source=GWOCZh9-BmZxtdsAjr7Gug,1703,"[{'alias': 'newamerican', 'title': 'New American'}, {'alias': 'cocktailbars', 'title': 'Cocktail Bars'}, {'alias': 'steak', 'title': 'Steakhouses'}]",3.9,"{'latitude': 42.34722514515457, 'longitude': -71.08189270406079}","['pickup', 'delivery']",$$,"{'address1': '800 Boylston Ave', 'address2': 'Ste 107', 'address3': None, 'city': 'Boston', 'zip_code': '02199', 'country': 'US', 'state': 'MA', 'display_address': ['800 Boylston Ave', 'Ste 107', 'Boston, MA 02199']}",+18579570949,(857) 957-0949,877.8611370710688,2
NQGKPB8wg6ioUX2sJWx2Jg,tap-151-bar-and-grill-cambridge,Tap 151 Bar & Grill,https://www.yelp.com/biz/tap-151-bar-and-grill-cambridge?adjust_creative=GWOCZh9-BmZxtdsAjr7Gug&utm_campaign=yelp_api_v3&utm_medium=api_v3_business_search&utm_source=GWOCZh9-BmZxtdsAjr7Gug,26,"[{'alias': 'newamerican', 'title': 'New American'}, {'alias': 'gastropubs', 'title': 'Gastropubs'}, {'alias': 'burgers', 'title': 'Burgers'}]",4.4,"{'latitude': 42.37231704214953, 'longitude': -71.07583131506351}","['pickup', 'delivery']",,"{'address1': '151 N First St', 'address2': '', 'address3': None, 'city': 'Cambridge', 'zip_code': '02141', 'country': 'US', 'state': 'MA', 'display_address': ['151 N First St', 'Cambridge, MA 02141']}",+16179450610,(617) 945-0610,2747.5157252371373,2
NjQvMu1LDzmsKzdpsbRpQw,pappare-ristorante-and-bar-boston,Pappare Ristorante & Bar,https://www.yelp.com/biz/pappare-ristorante-and-bar-boston?adjust_creative=GWOCZh9-BmZxtdsAjr7Gug&utm_campaign=yelp_api_v3&utm_medium=api_v3_business_search&utm_source=GWOCZh9-BmZxtdsAjr7Gug,31,"[{'alias': 'italian', 'title': 'Italian'}, {'alias': 'wine_bars', 'title': 'Wine Bars'}]",4.5,"{'latitude': 42.36530885429066, 'longitude': -71.053243}",[],,"{'address1': '360 Hanover St', 'address2': '', 'address3': None, 'city': 'Boston', 'zip_code': '02113', 'country': 'US', 'state': 'MA', 'display_address': ['360 Hanover St', 'Boston, MA 02113']}",+16177789733,(617) 778-9733,2441.312997781796,2
72PQGMhrEcIuWH-S44TprA,myers-and-chang-boston,Myers & Chang,https://www.yelp.com/biz/myers-and-chang-boston?adjust_creative=GWOCZh9-BmZxtdsAjr7Gug&utm_campaign=yelp_api_v3&utm_medium=api_v3_business_search&utm_source=GWOCZh9-BmZxtdsAjr7Gug,1973,"[{'alias': 'asianfusion', 'title': 'Asian Fusion'}, {'alias': 'taiwanese', 'title': 'Taiwanese'}, {'alias': 'cocktailbars', 'title': 'Cocktail Bars'}]",3.9,"{'latitude': 42.3438187315924, 'longitude': -71.066250270967}","['pickup', 'delivery']",$$$,"{'address1': '1145 Washington St', 'address2': '', 'address3': '', 'city': 'Boston', 'zip_code': '02118', 'country': 'US', 'state': 'MA', 'display_address': ['1145 Washington St', 'Boston, MA 02118']}",+16175425200,(617) 542-5200,607.0314234733801,2
MKIngNGj0_cBKV4leGuCjw,the-tip-tap-room-boston,The Tip Tap Room,https://www.yelp.com/biz/the-tip-tap-room-boston?adjust_creative=GWOCZh9-BmZxtdsAjr7Gug&utm_campaign=yelp_api_v3&utm_medium=api_v3_business_search&utm_source=GWOCZh9-BmZxtdsAjr7Gug,841,"[{'alias': 'newamerican', 'title': 'New American'}, {'alias': 'bars', 'title': 'Bars'}]",4.0,"{'latitude': 42.36105, 'longitude': -71.063986}","['pickup', 'delivery']",$$,"{'address1': '138 Cambridge St', 'address2': '', 'address3': '', 'city': 'Boston', 'zip_code': '02114', 'country': 'US', 'state': 'MA', 'display_address': ['138 Cambridge St', 'Boston, MA 02114']}",+18573503344,(857) 350-3344,1585.1475883018695,2
HkEDMsHDCpdiwjhipAi7Zg,mountain-house-boston,Mountain House,https://www.yelp.com/biz/mountain-house-boston?adjust_creative=GWOCZh9-BmZxtdsAjr7Gug&utm_campaign=yelp_api_v3&utm_medium=api_v3_business_search&utm_source=GWOCZh9-BmZxtdsAjr7Gug,151,"[{'alias': 'szechuan', 'title': 'Szechuan'}, {'alias': 'seafood', 'title': 'Seafood'}]",4.5,"{'latitude': 42.35298267761845, 'longitude': -71.1296533}","['pickup', 'delivery']",,"{'address1': '89 Brighton Ave', 'address2': '', 'address3': None, 'city': 'Boston', 'zip_code': '02134', 'country': 'US', 'state': 'MA', 'display_address': ['89 Brighton Ave', 'Boston, MA 02134']}",+16173296920,(617) 329-6920,4833.8950284773555,2
iTRIURBV7JhMVEsSJQ2IFw,jahunger-cambridge-cambridge-4,Jahunger - Cambridge,https://www.yelp.com/biz/jahunger-cambridge-cambridge-4?adjust_creative=GWOCZh9-BmZxtdsAjr7Gug&utm_campaign=yelp_api_v3&utm_medium=api_v3_business_search&utm_source=GWOCZh9-BmZxtdsAjr7Gug,73,"[{'alias': 'noodles', 'title': 'Noodles'}, {'alias': 'asianfusion', 'title': 'Asian Fusion'}]",4.3,"{'latitude': 42.357364, 'longitude': -71.107752}","['pickup', 'delivery']",,"{'address1': '272 Brookline St', 'address2': '', 'address3': None, 'city': 'Cambridge', 'zip_code': '02139', 'country': 'US', 'state': 'MA', 'display_address': ['272 Brookline St', 'Cambridge, MA 02139']}",+16178019725,(617) 801-9725,3179.3282218014606,2
EQ4nEmE2IiIGkKc6JUuimA,mariel-boston-3,Mariel,https://www.yelp.com/biz/mariel-boston-3?adjust_creative=GWOCZh9-BmZxtdsAjr7Gug&utm_campaign=yelp_api_v3&utm_medium=api_v3_business_search&utm_source=GWOCZh9-BmZxtdsAjr7Gug,677,"[{'alias': 'cuban', 'title': 'Cuban'}]",3.9,"{'latitude': 42.35743325792081, 'longitude': -71.05606905474852}",['delivery'],$$$,"{'address1': '10 Post Office Square', 'address2': 'Ste 120', 'address3': '', 'city': 'Boston', 'zip_code': '02109', 'country': 'US', 'state': 'MA', 'display_address': ['10 Post Office Square', 'Ste 120', 'Boston, MA 02109']}",+16173338776,(617) 333-8776,1640.8325193046535,2
izIFz80N-0W4O_QRim4Bfw,shy-bird-boston-3,Shy Bird,https://www.yelp.com/biz/shy-bird-boston-3?adjust_creative=GWOCZh9-BmZxtdsAjr7Gug&utm_campaign=yelp_api_v3&utm_medium=api_v3_business_search&utm_source=GWOCZh9-BmZxtdsAjr7Gug,33,"[{'alias': 'diners', 'title': 'Diners'}, {'alias': 'beverage_stores', 'title': 'Beverage Store'}, {'alias': 'breakfast_brunch', 'title': 'Breakfast & Brunch'}]",3.9,"{'latitude': 42.34476, 'longitude': -71.10141}",[],$$,"{'address1': '201 Brookline Ave', 'address2': '', 'address3': None, 'city': 'Boston', 'zip_code': '02215', 'country': 'US', 'state': 'MA', 'display_address': ['201 Brookline Ave', 'Boston, MA 02215']}",,,2532.3804458305995,2
dKYT_NdJ6g-3CeEkAZfc1w,bab-al-yemen-boston-boston,Bab Al-Yemen  Boston,https://www.yelp.com/biz/bab-al-yemen-boston-boston?adjust_creative=GWOCZh9-BmZxtdsAjr7Gug&utm_campaign=yelp_api_v3&utm_medium=api_v3_business_search&utm_source=GWOCZh9-BmZxtdsAjr7Gug,222,"[{'alias': 'arabian', 'title': 'Arabic'}, {'alias': 'mideastern', 'title': 'Middle Eastern'}]",4.5,"{'latitude': 42.34856, 'longitude': -71.09348}","['pickup', 'delivery']",,"{'address1': '468 Commonwealth Ave', 'address2': '', 'address3': None, 'city': 'Boston', 'zip_code': '02215', 'country': 'US', 'state': 'MA', 'display_address': ['468 Commonwealth Ave', 'Boston, MA 02215']}",+18572502943,(857) 250-2943,1829.7184480070543,2
lacm0mVrC2d0YMvDxiOKuQ,lanner-noodles-and-bar-cambridge,Lanner Noodles & Bar,https://www.yelp.com/biz/lanner-noodles-and-bar-cambridge?adjust_creative=GWOCZh9-BmZxtdsAjr7Gug&utm_campaign=yelp_api_v3&utm_medium=api_v3_business_search&utm_source=GWOCZh9-BmZxtdsAjr7Gug,160,"[{'alias': 'noodles', 'title': 'Noodles'}, {'alias': 'bars', 'title': 'Bars'}]",4.3,"{'latitude': 42.364156, 'longitude': -71.102968}","['pickup', 'delivery']",$$,"{'address1': '24 Pearl St', 'address2': '', 'address3': None, 'city': 'Cambridge', 'zip_code': '02139', 'country': 'US', 'state': 'MA', 'display_address': ['24 Pearl St', 'Cambridge, MA 02139']}",+16173953206,(617) 395-3206,3179.147911626588,4
46-d_dXeYInu20_bdiFsAQ,shy-bird-boston,Shy Bird,https://www.yelp.com/biz/shy-bird-boston?adjust_creative=GWOCZh9-BmZxtdsAjr7Gug&utm_campaign=yelp_api_v3&utm_medium=api_v3_business_search&utm_source=GWOCZh9-BmZxtdsAjr7Gug,97,"[{'alias': 'salad', 'title': 'Salad'}, {'alias': 'breakfast_brunch', 'title': 'Breakfast & Brunch'}, {'alias': 'sandwiches', 'title': 'Sandwiches'}]",4.0,"{'latitude': 42.3373073960168, 'longitude': -71.05611960000108}",[],$$,"{'address1': '12 Old Colony Ave', 'address2': '', 'address3': None, 'city': 'Boston', 'zip_code': '02127', 'country': 'US', 'state': 'MA', 'display_address': ['12 Old Colony Ave', 'Boston, MA 02127']}",+16177668309,(617) 766-8309,1707.9451977892725,4
_ot-elUYRhQqQeAlpJdv2A,oak-bistro-cambridge,Oak Bistro,https://www.yelp.com/biz/oak-bistro-cambridge?adjust_creative=GWOCZh9-BmZxtdsAjr7Gug&utm_campaign=yelp_api_v3&utm_medium=api_v3_business_search&utm_source=GWOCZh9-BmZxtdsAjr7Gug,108,"[{'alias': 'newamerican', 'title': 'New American'}, {'alias': 'burgers', 'title': 'Burgers'}]",4.7,"{'latitude': 42.37358, 'longitude': -71.09894}",[],,"{'address1': '1287 Cambridge St', 'address2': '', 'address3': None, 'city': 'Cambridge', 'zip_code': '02139', 'country': 'US', 'state': 'MA', 'display_address': ['1287 Cambridge St', 'Cambridge, MA 02139']}",+16177144696,(617) 714-4696,3656.9390486461134,2
n8eD8FmvGOGVivGAUUmvwA,el-barco-boston-3,El Barco,https://www.yelp.com/biz/el-barco-boston-3?adjust_creative=GWOCZh9-BmZxtdsAjr7Gug&utm_campaign=yelp_api_v3&utm_medium=api_v3_business_search&utm_source=GWOCZh9-BmZxtdsAjr7Gug,13,"[{'alias': 'mexican', 'title': 'Mexican'}]",4.5,"{'latitude': 42.34706, 'longitude': -71.08565}",[],,"{'address1': '50 Dalton St', 'address2': '', 'address3': None, 'city': 'Boston', 'zip_code': '02115', 'country': 'US', 'state': 'MA', 'display_address': ['50 Dalton St', 'Boston, MA 02115']}",+16178679955,(617) 867-9955,1181.719458487761,2
lU9exoIY22IdoKgcyJXnIA,somenya-soba-restaurant-boston-2,Somenya - Soba restaurant,https://www.yelp.com/biz/somenya-soba-restaurant-boston-2?adjust_creative=GWOCZh9-BmZxtdsAjr7Gug&utm_campaign=yelp_api_v3&utm_medium=api_v3_business_search&utm_source=GWOCZh9-BmZxtdsAjr7Gug,171,"[{'alias': 'japanese', 'title': 'Japanese'}]",4.4,"{'latitude': 42.350522, 'longitude': -71.060306}",[],$$,"{'address1': '23 Hudson St', 'address2': 'Ste B3', 'address3': '', 'city': 'Boston', 'zip_code': '02111', 'country': 'US', 'state': 'MA', 'display_address': ['23 Hudson St', 'Ste B3', 'Boston, MA 02111']}",+16179933368,(617) 993-3368,946.742318139629,2
j1WPxYKT3Qyt1PohcQfNtg,orinoco-brookline,Orinoco,https://www.yelp.com/biz/orinoco-brookline?adjust_creative=GWOCZh9-BmZxtdsAjr7Gug&utm_campaign=yelp_api_v3&utm_medium=api_v3_business_search&utm_source=GWOCZh9-BmZxtdsAjr7Gug,516,"[{'alias': 'caribbean', 'title': 'Caribbean'}, {'alias': 'venezuelan', 'title': 'Venezuelan'}]",3.9,"{'latitude': 42.3338191846724, 'longitude': -71.1190102987469}","['pickup', 'delivery']",$$,"{'address1': '22 Harvard St', 'address2': '', 'address3': '', 'city': 'Brookline', 'zip_code': '02445', 'country': 'US', 'state': 'MA', 'display_address': ['22 Harvard St', 'Brookline, MA 02445']}",+16172329505,(617) 232-9505,4224.258928217147,2
SZOHLkP5FYpSXmQEZRkSvw,woods-hill-pier-4-boston,Woods Hill Pier 4,https://www.yelp.com/biz/woods-hill-pier-4-boston?adjust_creative=GWOCZh9-BmZxtdsAjr7Gug&utm_campaign=yelp_api_v3&utm_medium=api_v3_business_search&utm_source=GWOCZh9-BmZxtdsAjr7Gug,297,"[{'alias': 'newamerican', 'title': 'New American'}]",3.9,"{'latitude': 42.353163464035575, 'longitude': -71.04187781473573}",['delivery'],$$$,"{'address1': '300 Pier 4 Blvd', 'address2': None, 'address3': '', 'city': 'Boston', 'zip_code': '02210', 'country': 'US', 'state': 'MA', 'display_address': ['300 Pier 4 Blvd', 'Boston, MA 02210']}",+16179814577,(617) 981-4577,2484.6656207636584,2
Q8g68ZDAt93h_n_wTbwshA,shōjō-boston-boston-2,Shōjō-Boston,https://www.yelp.com/biz/sh%C5%8Dj%C5%8D-boston-boston-2?adjust_creative=GWOCZh9-BmZxtdsAjr7Gug&utm_campaign=yelp_api_v3&utm_medium=api_v3_business_search&utm_source=GWOCZh9-BmZxtdsAjr7Gug,1072,"[{'alias': 'asianfusion', 'title': 'Asian Fusion'}, {'alias': 'cocktailbars', 'title': 'Cocktail Bars'}, {'alias': 'japanese', 'title': 'Japanese'}]",3.9,"{'latitude': 42.35113, 'longitude': -71.06077}",[],$$,"{'address1': '9A Tyler St', 'address2': None, 'address3': '', 'city': 'Boston', 'zip_code': '02111', 'country': 'US', 'state': 'MA', 'display_address': ['9A Tyler St', 'Boston, MA 02111']}",+16174237888,(617) 423-7888,932.4578806647488,2
hdBsXpL9uAllcb2QsqzK7g,redwhite-boston-boston-2,REDWHITE - Boston,https://www.yelp.com/biz/redwhite-boston-boston-2?adjust_creative=GWOCZh9-BmZxtdsAjr7Gug&utm_campaign=yelp_api_v3&utm_medium=api_v3_business_search&utm_source=GWOCZh9-BmZxtdsAjr7Gug,533,"[{'alias': 'sushi', 'title': 'Sushi Bars'}, {'alias': 'noodles', 'title': 'Noodles'}, {'alias': 'ramen', 'title': 'Ramen'}]",4.3,"{'latitude': 42.348799, 'longitude': -71.08472}","['pickup', 'delivery']",$$,"{'address1': '294 Newbury St', 'address2': None, 'address3': '', 'city': 'Boston', 'zip_code': '02115', 'country': 'US', 'state': 'MA', 'display_address': ['294 Newbury St', 'Boston, MA 02115']}",+18572770609,(857) 277-0609,1120.6917979233353,2
kiEx6SbKY69fgDF-KVpEWA,casarecce-boston,Casarecce,https://www.yelp.com/biz/casarecce-boston?adjust_creative=GWOCZh9-BmZxtdsAjr7Gug&utm_campaign=yelp_api_v3&utm_medium=api_v3_business_search&utm_source=GWOCZh9-BmZxtdsAjr7Gug,428,"[{'alias': 'italian', 'title': 'Italian'}, {'alias': 'seafood', 'title': 'Seafood'}, {'alias': 'wine_bars', 'title': 'Wine Bars'}]",4.3,"{'latitude': 42.3638188412758, 'longitude': -71.0546583932293}","['pickup', 'delivery']",$$,"{'address1': '285 Hanover St', 'address2': '', 'address3': None, 'city': 'Boston', 'zip_code': '02113', 'country': 'US', 'state': 'MA', 'display_address': ['285 Hanover St', 'Boston, MA 02113']}",+16172483839,(617) 248-3839,2239.0623273277765,2
HNN830X84LLDteJ4qGeamA,baleia-boston,Baleia,https://www.yelp.com/biz/baleia-boston?adjust_creative=GWOCZh9-BmZxtdsAjr7Gug&utm_campaign=yelp_api_v3&utm_medium=api_v3_business_search&utm_source=GWOCZh9-BmZxtdsAjr7Gug,70,"[{'alias': 'wine_bars', 'title': 'Wine Bars'}, {'alias': 'seafood', 'title': 'Seafood'}, {'alias': 'cocktailbars', 'title': 'Cocktail Bars'}]",4.4,"{'latitude': 42.34366616353146, 'longitude': -71.0626837}",[],,"{'address1': '264 E Berkeley St', 'address2': '', 'address3': None, 'city': 'Boston', 'zip_code': '02118', 'country': 'US', 'state': 'MA', 'display_address': ['264 E Berkeley St', 'Boston, MA 02118']}",+16175053243,(617) 505-3243,842.8651021413303,2
79lPDkugFkbhA6T4Fhxm_g,judys-bay-cambridge,Judy's Bay,https://www.yelp.com/biz/judys-bay-cambridge?adjust_creative=GWOCZh9-BmZxtdsAjr7Gug&utm_campaign=yelp_api_v3&utm_medium=api_v3_business_search&utm_source=GWOCZh9-BmZxtdsAjr7Gug,146,"[{'alias': 'seafood', 'title': 'Seafood'}, {'alias': 'japanese', 'title': 'Japanese'}, {'alias': 'panasian', 'title': 'Pan Asian'}]",4.4,"{'latitude': 42.36819, 'longitude': -71.09786}",[],$$$,"{'address1': '279A Broadway', 'address2': '', 'address3': None, 'city': 'Cambridge', 'zip_code': '02139', 'country': 'US', 'state': 'MA', 'display_address': ['279A Broadway', 'Cambridge, MA 02139']}",,,3150.26672282576,2
NJsT9kBEOW3uyPcvmZrfJA,yume-ga-arukara-cambridge-2,Yume Ga Arukara,https://www.yelp.com/biz/yume-ga-arukara-cambridge-2?adjust_creative=GWOCZh9-BmZxtdsAjr7Gug&utm_campaign=yelp_api_v3&utm_medium=api_v3_business_search&utm_source=GWOCZh9-BmZxtdsAjr7Gug,796,"[{'alias': 'japanese', 'title': 'Japanese'}, {'alias': 'noodles', 'title': 'Noodles'}]",4.6,"{'latitude': 42.387225, 'longitude': -71.118534}",['delivery'],$$,"{'address1': '1815 Massachusetts Ave', 'address2': '', 'address3': None, 'city': 'Cambridge', 'zip_code': '02140', 'country': 'US', 'state': 'MA', 'display_address': ['1815 Massachusetts Ave', 'Cambridge, MA 02140']}",,,5854.2329178607215,2
8a_P_6kYaIM2HdOEd0xzmg,committee-boston,Committee,https://www.yelp.com/biz/committee-boston?adjust_creative=GWOCZh9-BmZxtdsAjr7Gug&utm_campaign=yelp_api_v3&utm_medium=api_v3_business_search&utm_source=GWOCZh9-BmZxtdsAjr7Gug,959,"[{'alias': 'mediterranean', 'title': 'Mediterranean'}, {'alias': 'greek', 'title': 'Greek'}, {'alias': 'cocktailbars', 'title': 'Cocktail Bars'}]",3.9,"{'latitude': 42.35326915689515, 'longitude': -71.04611364860729}",['delivery'],$$$,"{'address1': '50 Northern Ave', 'address2': '', 'address3': '', 'city': 'Boston', 'zip_code': '02210', 'country': 'US', 'state': 'MA', 'display_address': ['50 Northern Ave', 'Boston, MA 02210']}",+16177375051,(617) 737-5051,2151.4586580341706,3
2XoPo7BcS4AQQAnsYp5Jhg,pammys-cambridge-2,Pammy's,https://www.yelp.com/biz/pammys-cambridge-2?adjust_creative=GWOCZh9-BmZxtdsAjr7Gug&utm_campaign=yelp_api_v3&utm_medium=api_v3_business_search&utm_source=GWOCZh9-BmZxtdsAjr7Gug,504,"[{'alias': 'italian', 'title': 'Italian'}, {'alias': 'newamerican', 'title': 'New American'}]",4.3,"{'latitude': 42.36847, 'longitude': -71.1092199}",['delivery'],$$$,"{'address1': '928 Massachusetts Ave', 'address2': '', 'address3': None, 'city': 'Cambridge', 'zip_code': '02139', 'country': 'US', 'state': 'MA', 'display_address': ['928 Massachusetts Ave', 'Cambridge, MA 02139']}",+16179451761,(617) 945-1761,3863.585268970869,2
_Jpq7NSqsusJBjeOAgZ9xQ,korean-momma-cambridge,Korean Momma,https://www.yelp.com/biz/korean-momma-cambridge?adjust_creative=GWOCZh9-BmZxtdsAjr7Gug&utm_campaign=yelp_api_v3&utm_medium=api_v3_business_search&utm_source=GWOCZh9-BmZxtdsAjr7Gug,7,"[{'alias': 'desserts', 'title': 'Desserts'}, {'alias': 'coffee', 'title': 'Coffee & Tea'}, {'alias': 'popuprestaurants', 'title': 'Pop-Up Restaurants'}]",4.9,"{'latitude': 42.3605098, 'longitude': -71.105167}",[],,"{'address1': '155 Brookline St', 'address2': '', 'address3': None, 'city': 'Cambridge', 'zip_code': '02139', 'country': 'US', 'state': 'MA', 'display_address': ['155 Brookline St', 'Cambridge, MA 02139']}",+19173653859,(917) 365-3859,3123.3877106971904,2
XDMBxa6iR5wSAQU29whqnQ,maguro-brookline,MAGURO,https://www.yelp.com/biz/maguro-brookline?adjust_creative=GWOCZh9-BmZxtdsAjr7Gug&utm_campaign=yelp_api_v3&utm_medium=api_v3_business_search&utm_source=GWOCZh9-BmZxtdsAjr7Gug,339,"[{'alias': 'sushi', 'title': 'Sushi Bars'}, {'alias': 'thai', 'title': 'Thai'}, {'alias': 'izakaya', 'title': 'Izakaya'}]",4.3,"{'latitude': 42.341684, 'longitude': -71.121484}","['pickup', 'delivery']",$$,"{'address1': '1335 Beacon St', 'address2': None, 'address3': '', 'city': 'Brookline', 'zip_code': '02446', 'country': 'US', 'state': 'MA', 'display_address': ['1335 Beacon St', 'Brookline, MA 02446']}",+16178606372,(617) 860-6372,4195.702849611405,2
j4GcfVzq1BCXGoPtNGOtgg,cafe-polonia-boston-2,Cafe Polonia,https://www.yelp.com/biz/cafe-polonia-boston-2?adjust_creative=GWOCZh9-BmZxtdsAjr7Gug&utm_campaign=yelp_api_v3&utm_medium=api_v3_business_search&utm_source=GWOCZh9-BmZxtdsAjr7Gug,574,"[{'alias': 'polish', 'title': 'Polish'}, {'alias': 'wine_bars', 'title': 'Wine Bars'}, {'alias': 'modern_european', 'title': 'Modern European'}]",4.5,"{'latitude': 42.32882070199995, 'longitude': -71.05705449897997}","['pickup', 'delivery']",$$,"{'address1': '611 Dorchester Ave', 'address2': '', 'address3': '', 'city': 'Boston', 'zip_code': '02127', 'country': 'US', 'state': 'MA', 'display_address': ['611 Dorchester Ave', 'Boston, MA 02127']}",+16172690110,(617) 269-0110,2415.252280608023,2
yQL8SrSETbbCI1U5esVJQw,ciao-pizza-and-pasta-chelsea-2,Ciao! Pizza & Pasta,https://www.yelp.com/biz/ciao-pizza-and-pasta-chelsea-2?adjust_creative=GWOCZh9-BmZxtdsAjr7Gug&utm_campaign=yelp_api_v3&utm_medium=api_v3_business_search&utm_source=GWOCZh9-BmZxtdsAjr7Gug,1203,"[{'alias': 'italian', 'title': 'Italian'}, {'alias': 'pizza', 'title': 'Pizza'}]",4.8,"{'latitude': 42.38922766970073, 'longitude': -71.04094618889991}",['delivery'],$$,"{'address1': '59 Williams St', 'address2': None, 'address3': '', 'city': 'Chelsea', 'zip_code': '02150', 'country': 'US', 'state': 'MA', 'display_address': ['59 Williams St', 'Chelsea, MA 02150']}",+16172869346,(617) 286-9346,5231.894951853677,2
Gx0UVCzWbqeUQpXNZU2ftw,the-quiet-few-boston,The Quiet Few,https://www.yelp.com/biz/the-quiet-few-boston?adjust_creative=GWOCZh9-BmZxtdsAjr7Gug&utm_campaign=yelp_api_v3&utm_medium=api_v3_business_search&utm_source=GWOCZh9-BmZxtdsAjr7Gug,112,"[{'alias': 'beer_and_wine', 'title': 'Beer, Wine & Spirits'}, {'alias': 'burgers', 'title': 'Burgers'}, {'alias': 'cocktailbars', 'title': 'Cocktail Bars'}]",4.6,"{'latitude': 42.3672353758772, 'longitude': -71.0359430100869}",[],$$,"{'address1': '331 Sumner St', 'address2': '', 'address3': None, 'city': 'Boston', 'zip_code': '02128', 'country': 'US', 'state': 'MA', 'display_address': ['331 Sumner St', 'Boston, MA 02128']}",+16175611061,(617) 561-1061,3614.358420462823,2
PAb6rpNnRPKZoiSDc2U4-g,nautilus-pier-4-boston,Nautilus Pier 4,https://www.yelp.com/biz/nautilus-pier-4-boston?adjust_creative=GWOCZh9-BmZxtdsAjr7Gug&utm_campaign=yelp_api_v3&utm_medium=api_v3_business_search&utm_source=GWOCZh9-BmZxtdsAjr7Gug,185,"[{'alias': 'seafood', 'title': 'Seafood'}, {'alias': 'asianfusion', 'title': 'Asian Fusion'}, {'alias': 'tapasmallplates', 'title': 'Tapas/Small Plates'}]",4.1,"{'latitude': 42.35259337673137, 'longitude': -71.04231804599259}",[],,"{'address1': '300 Pier Four Blvd', 'address2': '', 'address3': None, 'city': 'Boston', 'zip_code': '02210', 'country': 'US', 'state': 'MA', 'display_address': ['300 Pier Four Blvd', 'Boston, MA 02210']}",+18579570998,(857) 957-0998,2435.018694688053,3
25jq12iDKjHzyTFGHXtlFQ,ali-baba-boston,Ali Baba,https://www.yelp.com/biz/ali-baba-boston?adjust_creative=GWOCZh9-BmZxtdsAjr7Gug&utm_campaign=yelp_api_v3&utm_medium=api_v3_business_search&utm_source=GWOCZh9-BmZxtdsAjr7Gug,261,"[{'alias': 'turkish', 'title': 'Turkish'}, {'alias': 'halal', 'title': 'Halal'}, {'alias': 'mediterranean', 'title': 'Mediterranean'}]",4.0,"{'latitude': 42.3436126, 'longitude': -71.0648162}","['pickup', 'delivery']",$$,"{'address1': '145 E Berkeley St', 'address2': '', 'address3': '', 'city': 'Boston', 'zip_code': '02118', 'country': 'US', 'state': 'MA', 'display_address': ['145 E Berkeley St', 'Boston, MA 02118']}",+16174820654,(617) 482-0654,707.2008862347282,3
sNFqPTKUKVJ0z-8XDL89Hg,mood-restaurant-and-cafe-boston,Mood Restaurant & Cafe,https://www.yelp.com/biz/mood-restaurant-and-cafe-boston?adjust_creative=GWOCZh9-BmZxtdsAjr7Gug&utm_campaign=yelp_api_v3&utm_medium=api_v3_business_search&utm_source=GWOCZh9-BmZxtdsAjr7Gug,67,"[{'alias': 'coffee', 'title': 'Coffee & Tea'}, {'alias': 'mediterranean', 'title': 'Mediterranean'}, {'alias': 'breakfast_brunch', 'title': 'Breakfast & Brunch'}]",4.9,"{'latitude': 42.36441, 'longitude': -71.055352}",[],,"{'address1': '115 Salem St', 'address2': '', 'address3': None, 'city': 'Boston', 'zip_code': '02113', 'country': 'US', 'state': 'MA', 'display_address': ['115 Salem St', 'Boston, MA 02113']}",+16175149184,(617) 514-9184,2254.539738595513,3
3Ij5-sg_-N7Gdbx9SOnq7A,110-grill-boston-2,110 Grill,https://www.yelp.com/biz/110-grill-boston-2?adjust_creative=GWOCZh9-BmZxtdsAjr7Gug&utm_campaign=yelp_api_v3&utm_medium=api_v3_business_search&utm_source=GWOCZh9-BmZxtdsAjr7Gug,145,"[{'alias': 'newamerican', 'title': 'New American'}, {'alias': 'tradamerican', 'title': 'American'}, {'alias': 'gluten_free', 'title': 'Gluten-Free'}]",3.6,"{'latitude': 42.48487, 'longitude': -71.21219}",['delivery'],$$,"{'address1': '1 District Ave', 'address2': None, 'address3': '', 'city': 'Boston', 'zip_code': '02125', 'country': 'US', 'state': 'MA', 'display_address': ['1 District Ave', 'Boston, MA 02125']}",+16175068873,(617) 506-8873,2673.7663514708365,3
YjIqkrxX8A7aXX0opK06tQ,kestra-boston,Kestra,https://www.yelp.com/biz/kestra-boston?adjust_creative=GWOCZh9-BmZxtdsAjr7Gug&utm_campaign=yelp_api_v3&utm_medium=api_v3_business_search&utm_source=GWOCZh9-BmZxtdsAjr7Gug,31,"[{'alias': 'newamerican', 'title': 'New American'}, {'alias': 'bars', 'title': 'Bars'}, {'alias': 'mediterranean', 'title': 'Mediterranean'}]",4.0,"{'latitude': 42.346956, 'longitude': -71.042674}",[],,"{'address1': '450 Summer St', 'address2': '', 'address3': '', 'city': 'Boston', 'zip_code': '02210', 'country': 'US', 'state': 'MA', 'display_address': ['450 Summer St', 'Boston, MA 02210']}",+16174766664,(617) 476-6664,2350.3816435399467,3
5STbrZ-GGRZbhH26s7j4nA,regal-cafe-boston,Regal Cafe,https://www.yelp.com/biz/regal-cafe-boston?adjust_creative=GWOCZh9-BmZxtdsAjr7Gug&utm_campaign=yelp_api_v3&utm_medium=api_v3_business_search&utm_source=GWOCZh9-BmZxtdsAjr7Gug,163,"[{'alias': 'pizza', 'title': 'Pizza'}, {'alias': 'chicken_wings', 'title': 'Chicken Wings'}, {'alias': 'sandwiches', 'title': 'Sandwiches'}]",1.2,"{'latitude': 42.2847475, 'longitude': -71.0920679}","['pickup', 'delivery']",$$$$,"{'address1': '686 Morton St', 'address2': '', 'address3': '', 'city': 'Boston', 'zip_code': '02126', 'country': 'US', 'state': 'MA', 'display_address': ['686 Morton St', 'Boston, MA 02126']}",+16178222502,(617) 822-2502,7221.665897331774,3
G7jAJbUlITLpP9UESjAyZA,prima-boston,Prima,https://www.yelp.com/biz/prima-boston?adjust_creative=GWOCZh9-BmZxtdsAjr7Gug&utm_campaign=yelp_api_v3&utm_medium=api_v3_business_search&utm_source=GWOCZh9-BmZxtdsAjr7Gug,163,"[{'alias': 'wine_bars', 'title': 'Wine Bars'}, {'alias': 'italian', 'title': 'Italian'}, {'alias': 'steak', 'title': 'Steakhouses'}]",3.9,"{'latitude': 42.37239558579313, 'longitude': -71.06161590320642}",[],,"{'address1': '10 City Square', 'address2': '', 'address3': None, 'city': 'Boston', 'zip_code': '02129', 'country': 'US', 'state': 'MA', 'display_address': ['10 City Square', 'Boston, MA 02129']}",+16178047400,(617) 804-7400,2842.547381697102,2
kb0VfKZKHHhvDze3JZqi0Q,q-restaurant-boston,Q Restaurant,https://www.yelp.com/biz/q-restaurant-boston?adjust_creative=GWOCZh9-BmZxtdsAjr7Gug&utm_campaign=yelp_api_v3&utm_medium=api_v3_business_search&utm_source=GWOCZh9-BmZxtdsAjr7Gug,1519,"[{'alias': 'chinese', 'title': 'Chinese'}, {'alias': 'sushi', 'title': 'Sushi Bars'}, {'alias': 'hotpot', 'title': 'Hot Pot'}]",4.1,"{'latitude': 42.35171301783728, 'longitude': -71.06261550873032}","['pickup', 'delivery']",$$$,"{'address1': '660 Washington St', 'address2': '', 'address3': '', 'city': 'Boston', 'zip_code': '02111', 'country': 'US', 'state': 'MA', 'display_address': ['660 Washington St', 'Boston, MA 02111']}",+18573503968,(857) 350-3968,829.4615825724279,2
QbDQhTki0-Wsd5xna3q01g,coquette-boston,Coquette,https://www.yelp.com/biz/coquette-boston?adjust_creative=GWOCZh9-BmZxtdsAjr7Gug&utm_campaign=yelp_api_v3&utm_medium=api_v3_business_search&utm_source=GWOCZh9-BmZxtdsAjr7Gug,291,"[{'alias': 'breakfast_brunch', 'title': 'Breakfast & Brunch'}, {'alias': 'pizza', 'title': 'Pizza'}, {'alias': 'cocktailbars', 'title': 'Cocktail Bars'}]",3.8,"{'latitude': 42.3470497, 'longitude': -71.04219116268241}",[],$$$,"{'address1': '450 Summer St Boston Ma 02210', 'address2': None, 'address3': '', 'city': 'Boston', 'zip_code': '02210', 'country': 'US', 'state': 'MA', 'display_address': ['450 Summer St Boston Ma 02210', 'Boston, MA 02210']}",+16178820090,(617) 882-0090,2389.160118317572,2
LCFZDAaLRpmaidikraTWiw,stillwater-boston,Stillwater,https://www.yelp.com/biz/stillwater-boston?adjust_creative=GWOCZh9-BmZxtdsAjr7Gug&utm_campaign=yelp_api_v3&utm_medium=api_v3_business_search&utm_source=GWOCZh9-BmZxtdsAjr7Gug,273,"[{'alias': 'cocktailbars', 'title': 'Cocktail Bars'}, {'alias': 'comfortfood', 'title': 'Comfort Food'}]",4.2,"{'latitude': 42.35221, 'longitude': -71.05905}","['pickup', 'delivery']",$$,"{'address1': '120 Kingston St', 'address2': '', 'address3': None, 'city': 'Boston', 'zip_code': '02111', 'country': 'US', 'state': 'MA', 'display_address': ['120 Kingston St', 'Boston, MA 02111']}",+16179363079,(617) 936-3079,1112.307016229421,2
WkjIWu8rIpAAUhnqsuik9w,season-to-taste-cambridge-2,Season to Taste,https://www.yelp.com/biz/season-to-taste-cambridge-2?adjust_creative=GWOCZh9-BmZxtdsAjr7Gug&utm_campaign=yelp_api_v3&utm_medium=api_v3_business_search&utm_source=GWOCZh9-BmZxtdsAjr7Gug,296,"[{'alias': 'newamerican', 'title': 'New American'}]",4.6,"{'latitude': 42.38240777135571, 'longitude': -71.1199961137054}",[],$$$$,"{'address1': '1678 Massachusetts Ave', 'address2': '', 'address3': '', 'city': 'Cambridge', 'zip_code': '02138', 'country': 'US', 'state': 'MA', 'display_address': ['1678 Massachusetts Ave', 'Cambridge, MA 02138']}",+16178269037,(617) 826-9037,5551.263777694252,2
56A-LqB37r4KSO1aYxDxDA,mikiya-wagyu-shabu-house-boston-2,Mikiya Wagyu Shabu House,https://www.yelp.com/biz/mikiya-wagyu-shabu-house-boston-2?adjust_creative=GWOCZh9-BmZxtdsAjr7Gug&utm_campaign=yelp_api_v3&utm_medium=api_v3_business_search&utm_source=GWOCZh9-BmZxtdsAjr7Gug,96,"[{'alias': 'hotpot', 'title': 'Hot Pot'}, {'alias': 'japanese', 'title': 'Japanese'}]",4.6,"{'latitude': 42.350566, 'longitude': -71.060298}",['restaurant_reservation'],,"{'address1': '21 Hudson St', 'address2': None, 'address3': '', 'city': 'Boston', 'zip_code': '02111', 'country': 'US', 'state': 'MA', 'display_address': ['21 Hudson St', 'Boston, MA 02111']}",+16172296386,(617) 229-6386,951.1938802322453,3
ThiFjxBkrYNAGNRwGAuJPg,davios-boston,Davio's,https://www.yelp.com/biz/davios-boston?adjust_creative=GWOCZh9-BmZxtdsAjr7Gug&utm_campaign=yelp_api_v3&utm_medium=api_v3_business_search&utm_source=GWOCZh9-BmZxtdsAjr7Gug,734,"[{'alias': 'italian', 'title': 'Italian'}, {'alias': 'steak', 'title': 'Steakhouses'}]",3.9,"{'latitude': 42.350249222962816, 'longitude': -71.07023668301059}","['pickup', 'delivery']",$$$,"{'address1': '75 Arlington St', 'address2': '', 'address3': '', 'city': 'Boston', 'zip_code': '02116', 'country': 'US', 'state': 'MA', 'display_address': ['75 Arlington St', 'Boston, MA 02116']}",+16173574810,(617) 357-4810,280.1939674330372,3
4-Tp4hstdC5XVvO4otGkuA,wink-and-nod-boston,Wink & Nod,https://www.yelp.com/biz/wink-and-nod-boston?adjust_creative=GWOCZh9-BmZxtdsAjr7Gug&utm_campaign=yelp_api_v3&utm_medium=api_v3_business_search&utm_source=GWOCZh9-BmZxtdsAjr7Gug,544,"[{'alias': 'cocktailbars', 'title': 'Cocktail Bars'}, {'alias': 'newamerican', 'title': 'New American'}, {'alias': 'tapasmallplates', 'title': 'Tapas/Small Plates'}]",3.9,"{'latitude': 42.34661456304687, 'longitude': -71.06959434171861}",['pickup'],$$$,"{'address1': '3 Appleton St', 'address2': '', 'address3': '', 'city': 'Boston', 'zip_code': '02116', 'country': 'US', 'state': 'MA', 'display_address': ['3 Appleton St', 'Boston, MA 02116']}",+17814350394,(781) 435-0394,192.30819015005545,2
sqr1T-KLQ7ED49SlAEx49w,sojuba-boston,SOJUba,https://www.yelp.com/biz/sojuba-boston?adjust_creative=GWOCZh9-BmZxtdsAjr7Gug&utm_campaign=yelp_api_v3&utm_medium=api_v3_business_search&utm_source=GWOCZh9-BmZxtdsAjr7Gug,562,"[{'alias': 'korean', 'title': 'Korean'}, {'alias': 'lounges', 'title': 'Lounges'}, {'alias': 'chicken_wings', 'title': 'Chicken Wings'}]",3.8,"{'latitude': 42.34528835941449, 'longitude': -71.0963626245369}","['pickup', 'delivery']",$$,"{'address1': '1265 Boylston St', 'address2': None, 'address3': '', 'city': 'Boston', 'zip_code': '02215', 'country': 'US', 'state': 'MA', 'display_address': ['1265 Boylston St', 'Boston, MA 02215']}",+16174241260,(617) 424-1260,2083.7971852585674,2
IOokyz1oaXHP47o4Qi2n0A,merai-brookline,Merai,https://www.yelp.com/biz/merai-brookline?adjust_creative=GWOCZh9-BmZxtdsAjr7Gug&utm_campaign=yelp_api_v3&utm_medium=api_v3_business_search&utm_source=GWOCZh9-BmZxtdsAjr7Gug,56,"[{'alias': 'thai', 'title': 'Thai'}, {'alias': 'cocktailbars', 'title': 'Cocktail Bars'}]",4.4,"{'latitude': 42.33366, 'longitude': -71.119087}",[],,"{'address1': '14 Harvard St', 'address2': '', 'address3': None, 'city': 'Brookline', 'zip_code': '02445', 'country': 'US', 'state': 'MA', 'display_address': ['14 Harvard St', 'Brookline, MA 02445']}",+16175056851,(617) 505-6851,4231.0636833773215,2
RhFZ1x65h_N7hcytq2o6DA,tulum-mexican-cuisine-somerville,Tulum Mexican Cuisine,https://www.yelp.com/biz/tulum-mexican-cuisine-somerville?adjust_creative=GWOCZh9-BmZxtdsAjr7Gug&utm_campaign=yelp_api_v3&utm_medium=api_v3_business_search&utm_source=GWOCZh9-BmZxtdsAjr7Gug,76,"[{'alias': 'tapasmallplates', 'title': 'Tapas/Small Plates'}, {'alias': 'mexican', 'title': 'Mexican'}]",4.4,"{'latitude': 42.38232, 'longitude': -71.08122}","['pickup', 'delivery']",,"{'address1': '3 Washington St', 'address2': None, 'address3': '', 'city': 'Somerville', 'zip_code': '02143', 'country': 'US', 'state': 'MA', 'display_address': ['3 Washington St', 'Somerville, MA 02143']}",+16177641608,(617) 764-1608,3920.3452752776957,2
s04-wSKxALS4Xym6OEryyA,224-boston-street-restaurant-dorchester,224 Boston Street Restaurant,https://www.yelp.com/biz/224-boston-street-restaurant-dorchester?adjust_creative=GWOCZh9-BmZxtdsAjr7Gug&utm_campaign=yelp_api_v3&utm_medium=api_v3_business_search&utm_source=GWOCZh9-BmZxtdsAjr7Gug,358,"[{'alias': 'newamerican', 'title': 'New American'}]",3.9,"{'latitude': 42.3222800528043, 'longitude': -71.0609253598022}",['pickup'],$$$,"{'address1': '224 Boston St', 'address2': '', 'address3': '', 'city': 'Dorchester', 'zip_code': '02125', 'country': 'US', 'state': 'MA', 'display_address': ['224 Boston St', 'Dorchester, MA 02125']}",+16172651217,(617) 265-1217,2966.155154764849,2
87f7kR7nTz8WHnmtLM_S6w,o-ya-boston,O Ya,https://www.yelp.com/biz/o-ya-boston?adjust_creative=GWOCZh9-BmZxtdsAjr7Gug&utm_campaign=yelp_api_v3&utm_medium=api_v3_business_search&utm_source=GWOCZh9-BmZxtdsAjr7Gug,853,"[{'alias': 'japanese', 'title': 'Japanese'}]",4.4,"{'latitude': 42.3514083135866, 'longitude': -71.056866645813}",['pickup'],$$$$,"{'address1': '9 East St Pl', 'address2': '', 'address3': '', 'city': 'Boston', 'zip_code': '02111', 'country': 'US', 'state': 'MA', 'display_address': ['9 East St Pl', 'Boston, MA 02111']}",+16176549900,(617) 654-9900,1246.2350638455794,2
b6kl3dGpXtT-V6sXZgCQiA,jiro-s-sushi-boston,Jiro‘s Sushi,https://www.yelp.com/biz/jiro-s-sushi-boston?adjust_creative=GWOCZh9-BmZxtdsAjr7Gug&utm_campaign=yelp_api_v3&utm_medium=api_v3_business_search&utm_source=GWOCZh9-BmZxtdsAjr7Gug,46,"[{'alias': 'sushi', 'title': 'Sushi Bars'}]",4.7,"{'latitude': 42.35085, 'longitude': -71.061828}","['pickup', 'delivery']",,"{'address1': '32 Kneeland St', 'address2': None, 'address3': '', 'city': 'Boston', 'zip_code': '02111', 'country': 'US', 'state': 'MA', 'display_address': ['32 Kneeland St', 'Boston, MA 02111']}",+18578952981,(857) 895-2981,844.4597276179392,2
nLuirUqh4KUGWmNR-pLbuA,marcelino-s-seaport-boston-2,Marcelino’s Seaport,https://www.yelp.com/biz/marcelino-s-seaport-boston-2?adjust_creative=GWOCZh9-BmZxtdsAjr7Gug&utm_campaign=yelp_api_v3&utm_medium=api_v3_business_search&utm_source=GWOCZh9-BmZxtdsAjr7Gug,45,"[{'alias': 'bars', 'title': 'Bars'}, {'alias': 'mediterranean', 'title': 'Mediterranean'}]",3.8,"{'latitude': 42.35424, 'longitude': -71.04805}",[],,"{'address1': '2 Northern Ave', 'address2': '', 'address3': None, 'city': 'Boston', 'zip_code': '02210', 'country': 'US', 'state': 'MA', 'display_address': ['2 Northern Ave', 'Boston, MA 02210']}",+18579570094,(857) 957-0094,2040.4548867287308,3
S95hAQ-TXwPqEETKj6mbDA,mida-east-boston-boston-2,Mida - East Boston,https://www.yelp.com/biz/mida-east-boston-boston-2?adjust_creative=GWOCZh9-BmZxtdsAjr7Gug&utm_campaign=yelp_api_v3&utm_medium=api_v3_business_search&utm_source=GWOCZh9-BmZxtdsAjr7Gug,96,"[{'alias': 'pizza', 'title': 'Pizza'}, {'alias': 'italian', 'title': 'Italian'}, {'alias': 'wine_bars', 'title': 'Wine Bars'}]",4.1,"{'latitude': 42.36743194655053, 'longitude': -71.04252317961101}",[],,"{'address1': '65 Lewis St', 'address2': '', 'address3': None, 'city': 'Boston', 'zip_code': '02128', 'country': 'US', 'state': 'MA', 'display_address': ['65 Lewis St', 'Boston, MA 02128']}",+16179961224,(617) 996-1224,3211.5600813939695,3
BPKkIaYaa6kXP13VRGWpYw,liyin-rice-roll-master-brookline,LiYin Rice Roll Master,https://www.yelp.com/biz/liyin-rice-roll-master-brookline?adjust_creative=GWOCZh9-BmZxtdsAjr7Gug&utm_campaign=yelp_api_v3&utm_medium=api_v3_business_search&utm_source=GWOCZh9-BmZxtdsAjr7Gug,62,"[{'alias': 'cantonese', 'title': 'Cantonese'}]",4.0,"{'latitude': 42.34636188549889, 'longitude': -71.1071406}","['pickup', 'delivery']",,"{'address1': '1004 Beacon St', 'address2': '', 'address3': None, 'city': 'Brookline', 'zip_code': '02446', 'country': 'US', 'state': 'MA', 'display_address': ['1004 Beacon St', 'Brookline, MA 02446']}",+16175056915,(617) 505-6915,2954.6835380911175,2
a1MlN1JBNAmGiZYWNIsu7A,waverly-kitchen-and-bar-boston,Waverly Kitchen & Bar,https://www.yelp.com/biz/waverly-kitchen-and-bar-boston?adjust_creative=GWOCZh9-BmZxtdsAjr7Gug&utm_campaign=yelp_api_v3&utm_medium=api_v3_business_search&utm_source=GWOCZh9-BmZxtdsAjr7Gug,109,"[{'alias': 'cocktailbars', 'title': 'Cocktail Bars'}, {'alias': 'breakfast_brunch', 'title': 'Breakfast & Brunch'}, {'alias': 'tapasmallplates', 'title': 'Tapas/Small Plates'}]",4.7,"{'latitude': 42.37949793162956, 'longitude': -71.06329339999999}",[],,"{'address1': '231 Bunker Hill St', 'address2': '', 'address3': None, 'city': 'Boston', 'zip_code': '02129', 'country': 'US', 'state': 'MA', 'display_address': ['231 Bunker Hill St', 'Boston, MA 02129']}",+16173806500,(617) 380-6500,3580.0955856112405,2
NGfMhFKfWCyfJuYLDlQsgQ,ssaanjh-indian-brookline,Ssaanjh Indian,https://www.yelp.com/biz/ssaanjh-indian-brookline?adjust_creative=GWOCZh9-BmZxtdsAjr7Gug&utm_campaign=yelp_api_v3&utm_medium=api_v3_business_search&utm_source=GWOCZh9-BmZxtdsAjr7Gug,43,"[{'alias': 'indpak', 'title': 'Indian'}]",4.5,"{'latitude': 42.34637866550152, 'longitude': -71.1075764}",[],,"{'address1': '1012 Beacon St', 'address2': '', 'address3': None, 'city': 'Brookline', 'zip_code': '02446', 'country': 'US', 'state': 'MA', 'display_address': ['1012 Beacon St', 'Brookline, MA 02446']}",+16177865555,(617) 786-5555,2990.340871649825,2
WoI1IisL_AgmWdiJLRb-Zw,democracy-brewing-boston,Democracy Brewing,https://www.yelp.com/biz/democracy-brewing-boston?adjust_creative=GWOCZh9-BmZxtdsAjr7Gug&utm_campaign=yelp_api_v3&utm_medium=api_v3_business_search&utm_source=GWOCZh9-BmZxtdsAjr7Gug,365,"[{'alias': 'tradamerican', 'title': 'American'}, {'alias': 'breweries', 'title': 'Breweries'}, {'alias': 'venues', 'title': 'Venues & Event Spaces'}]",4.2,"{'latitude': 42.35505, 'longitude': -71.06222}",['delivery'],$$,"{'address1': '35 Temple Pl', 'address2': '', 'address3': None, 'city': 'Boston', 'zip_code': '02111', 'country': 'US', 'state': 'MA', 'display_address': ['35 Temple Pl', 'Boston, MA 02111']}",+18572638604,(857) 263-8604,1098.8863686623156,2
ANS_99in7H56CgBPoELspQ,tony-and-elaine-s-boston,Tony & Elaine’s,https://www.yelp.com/biz/tony-and-elaine-s-boston?adjust_creative=GWOCZh9-BmZxtdsAjr7Gug&utm_campaign=yelp_api_v3&utm_medium=api_v3_business_search&utm_source=GWOCZh9-BmZxtdsAjr7Gug,375,"[{'alias': 'italian', 'title': 'Italian'}]",4.2,"{'latitude': 42.3655842, 'longitude': -71.05820853191132}","['pickup', 'delivery']",$$,"{'address1': '111 N Washington St', 'address2': '', 'address3': None, 'city': 'Boston', 'zip_code': '02114', 'country': 'US', 'state': 'MA', 'display_address': ['111 N Washington St', 'Boston, MA 02114']}",+16175800321,(617) 580-0321,2244.8580987432074,2
Ny9Pd535FByy0Y2ku8jbEg,clay-pot-cafe-boston-3,Clay Pot Cafe,https://www.yelp.com/biz/clay-pot-cafe-boston-3?adjust_creative=GWOCZh9-BmZxtdsAjr7Gug&utm_campaign=yelp_api_v3&utm_medium=api_v3_business_search&utm_source=GWOCZh9-BmZxtdsAjr7Gug,19,"[{'alias': 'cantonese', 'title': 'Cantonese'}, {'alias': 'noodles', 'title': 'Noodles'}]",4.5,"{'latitude': 42.35238925939135, 'longitude': -71.12862814217806}","['restaurant_reservation', 'pickup', 'delivery']",,"{'address1': '70 Brighton Ave', 'address2': '', 'address3': None, 'city': 'Boston', 'zip_code': '02134', 'country': 'US', 'state': 'MA', 'display_address': ['70 Brighton Ave', 'Boston, MA 02134']}",+16178707866,(617) 870-7866,4742.785798397791,2
QI4bVuFLwx_gArFCruDa9Q,celeste-somerville-2,Celeste,https://www.yelp.com/biz/celeste-somerville-2?adjust_creative=GWOCZh9-BmZxtdsAjr7Gug&utm_campaign=yelp_api_v3&utm_medium=api_v3_business_search&utm_source=GWOCZh9-BmZxtdsAjr7Gug,288,"[{'alias': 'peruvian', 'title': 'Peruvian'}, {'alias': 'latin', 'title': 'Latin American'}, {'alias': 'seafood', 'title': 'Seafood'}]",4.3,"{'latitude': 42.38142, 'longitude': -71.09723}",['delivery'],$$,"{'address1': '21 Bow St', 'address2': '', 'address3': None, 'city': 'Somerville', 'zip_code': '02143', 'country': 'US', 'state': 'MA', 'display_address': ['21 Bow St', 'Somerville, MA 02143']}",+16176165319,(617) 616-5319,4296.33164698408,2
AGb4oHnAs2AJ0orD_Gx17A,mida-boston-5,Mida,https://www.yelp.com/biz/mida-boston-5?adjust_creative=GWOCZh9-BmZxtdsAjr7Gug&utm_campaign=yelp_api_v3&utm_medium=api_v3_business_search&utm_source=GWOCZh9-BmZxtdsAjr7Gug,27,"[{'alias': 'wine_bars', 'title': 'Wine Bars'}, {'alias': 'italian', 'title': 'Italian'}, {'alias': 'pizza', 'title': 'Pizza'}]",4.2,"{'latitude': 42.34376749173426, 'longitude': -71.1017911}",[],,"{'address1': '1391 Boylston St', 'address2': '', 'address3': None, 'city': 'Boston', 'zip_code': '02215', 'country': 'US', 'state': 'MA', 'display_address': ['1391 Boylston St', 'Boston, MA 02215']}",+16176520248,(617) 652-0248,2551.067389052473,2
pHIfIJiANQNDO_JxQKnorw,field-and-vine-somerville,Field & Vine,https://www.yelp.com/biz/field-and-vine-somerville?adjust_creative=GWOCZh9-BmZxtdsAjr7Gug&utm_campaign=yelp_api_v3&utm_medium=api_v3_business_search&utm_source=GWOCZh9-BmZxtdsAjr7Gug,183,"[{'alias': 'newamerican', 'title': 'New American'}, {'alias': 'bars', 'title': 'Bars'}, {'alias': 'raw_food', 'title': 'Live/Raw Food'}]",4.4,"{'latitude': 42.380015427224514, 'longitude': -71.09449600273092}",['delivery'],$$$,"{'address1': '9 Sanborn Ct', 'address2': None, 'address3': '', 'city': 'Somerville', 'zip_code': '02143', 'country': 'US', 'state': 'MA', 'display_address': ['9 Sanborn Ct', 'Somerville, MA 02143']}",+16177182333,(617) 718-2333,4055.691480847812,2
qVNYCZi2ofv-oe293JsYkg,75-chestnut-boston,75 Chestnut,https://www.yelp.com/biz/75-chestnut-boston?adjust_creative=GWOCZh9-BmZxtdsAjr7Gug&utm_campaign=yelp_api_v3&utm_medium=api_v3_business_search&utm_source=GWOCZh9-BmZxtdsAjr7Gug,626,"[{'alias': 'newamerican', 'title': 'New American'}, {'alias': 'diners', 'title': 'Diners'}, {'alias': 'steak', 'title': 'Steakhouses'}]",3.9,"{'latitude': 42.35695, 'longitude': -71.07097}",['pickup'],$$,"{'address1': '75 Chestnut St', 'address2': '', 'address3': '', 'city': 'Boston', 'zip_code': '02108', 'country': 'US', 'state': 'MA', 'display_address': ['75 Chestnut St', 'Boston, MA 02108']}",+16172272175,(617) 227-2175,1008.9343248896109,2
IJ2MnBlIvib0aU2hbmr0hg,the-brewers-fork-boston,The Brewer's Fork,https://www.yelp.com/biz/the-brewers-fork-boston?adjust_creative=GWOCZh9-BmZxtdsAjr7Gug&utm_campaign=yelp_api_v3&utm_medium=api_v3_business_search&utm_source=GWOCZh9-BmZxtdsAjr7Gug,552,"[{'alias': 'pizza', 'title': 'Pizza'}, {'alias': 'gastropubs', 'title': 'Gastropubs'}, {'alias': 'wine_bars', 'title': 'Wine Bars'}]",4.4,"{'latitude': 42.37671, 'longitude': -71.05649}",['delivery'],$$,"{'address1': '7 Moulton St', 'address2': '', 'address3': '', 'city': 'Boston', 'zip_code': '02129', 'country': 'US', 'state': 'MA', 'display_address': ['7 Moulton St', 'Boston, MA 02129']}",+16173375703,(617) 337-5703,3428.5844668974673,2
_rFGIsI4O_15Cr5P6zni1w,anoushella-boston,anoush'ella,https://www.yelp.com/biz/anoushella-boston?adjust_creative=GWOCZh9-BmZxtdsAjr7Gug&utm_campaign=yelp_api_v3&utm_medium=api_v3_business_search&utm_source=GWOCZh9-BmZxtdsAjr7Gug,350,"[{'alias': 'lebanese', 'title': 'Lebanese'}, {'alias': 'mediterranean', 'title': 'Mediterranean'}, {'alias': 'armenian', 'title': 'Armenian'}]",4.3,"{'latitude': 42.338903, 'longitude': -71.073977}","['delivery', 'pickup']",$$,"{'address1': '35 W Newton St', 'address2': '', 'address3': None, 'city': 'Boston', 'zip_code': '02118', 'country': 'US', 'state': 'MA', 'display_address': ['35 W Newton St', 'Boston, MA 02118']}",+18572653195,(857) 265-3195,1018.831291790031,3
fmw_0vST7GjdibObHWLOuQ,franklin-cafe-boston-5,Franklin Cafe,https://www.yelp.com/biz/franklin-cafe-boston-5?adjust_creative=GWOCZh9-BmZxtdsAjr7Gug&utm_campaign=yelp_api_v3&utm_medium=api_v3_business_search&utm_source=GWOCZh9-BmZxtdsAjr7Gug,580,"[{'alias': 'lounges', 'title': 'Lounges'}, {'alias': 'newamerican', 'title': 'New American'}, {'alias': 'cocktailbars', 'title': 'Cocktail Bars'}]",4.0,"{'latitude': 42.34291, 'longitude': -71.06895}","['delivery', 'pickup']",$$,"{'address1': '278 Shawmut Ave', 'address2': '', 'address3': '', 'city': 'Boston', 'zip_code': '02118', 'country': 'US', 'state': 'MA', 'display_address': ['278 Shawmut Ave', 'Boston, MA 02118']}",+16173500010,(617) 350-0010,578.6264628904432,3
D2pEDsQBUO5GIgyT8oKUxg,the-helmand-restaurant-cambridge,The Helmand Restaurant,https://www.yelp.com/biz/the-helmand-restaurant-cambridge?adjust_creative=GWOCZh9-BmZxtdsAjr7Gug&utm_campaign=yelp_api_v3&utm_medium=api_v3_business_search&utm_source=GWOCZh9-BmZxtdsAjr7Gug,1015,"[{'alias': 'afghani', 'title': 'Afghan'}, {'alias': 'halal', 'title': 'Halal'}, {'alias': 'bars', 'title': 'Bars'}]",4.2,"{'latitude': 42.36649, 'longitude': -71.07801}","['delivery', 'pickup']",$$$,"{'address1': '143 1st St', 'address2': '', 'address3': '', 'city': 'Cambridge', 'zip_code': '02142', 'country': 'US', 'state': 'MA', 'display_address': ['143 1st St', 'Cambridge, MA 02142']}",+16174924646,(617) 492-4646,2145.2117281844244,2
a0O5NuSQpM8hct6_hKFlpA,tasty-mo-mo-somerville,Tasty Mo:Mo,https://www.yelp.com/biz/tasty-mo-mo-somerville?adjust_creative=GWOCZh9-BmZxtdsAjr7Gug&utm_campaign=yelp_api_v3&utm_medium=api_v3_business_search&utm_source=GWOCZh9-BmZxtdsAjr7Gug,414,"[{'alias': 'himalayan', 'title': 'Himalayan/Nepalese'}]",4.4,"{'latitude': 42.3961826, 'longitude': -71.1036769}","['delivery', 'pickup']",$,"{'address1': '508 Medford St', 'address2': None, 'address3': '', 'city': 'Somerville', 'zip_code': '02145', 'country': 'US', 'state': 'MA', 'display_address': ['508 Medford St', 'Somerville, MA 02145']}",+16177640222,(617) 764-0222,5999.3634665057125,2
r-4e7Co5QyA0jfVRp3mRpw,zhi-wei-cafe-boston,Zhi Wei Cafe,https://www.yelp.com/biz/zhi-wei-cafe-boston?adjust_creative=GWOCZh9-BmZxtdsAjr7Gug&utm_campaign=yelp_api_v3&utm_medium=api_v3_business_search&utm_source=GWOCZh9-BmZxtdsAjr7Gug,116,"[{'alias': 'chinese', 'title': 'Chinese'}, {'alias': 'noodles', 'title': 'Noodles'}]",4.3,"{'latitude': 42.351081, 'longitude': -71.057132}","['delivery', 'pickup']",$$,"{'address1': '104 South St', 'address2': None, 'address3': '', 'city': 'Boston', 'zip_code': '02111', 'country': 'US', 'state': 'MA', 'display_address': ['104 South St', 'Boston, MA 02111']}",+18572770937,(857) 277-0937,1207.9330393983323,2
ZBA9F260eSD82SDTU511tg,kyuramen-brookline-brookline-2,Kyuramen - Brookline,https://www.yelp.com/biz/kyuramen-brookline-brookline-2?adjust_creative=GWOCZh9-BmZxtdsAjr7Gug&utm_campaign=yelp_api_v3&utm_medium=api_v3_business_search&utm_source=GWOCZh9-BmZxtdsAjr7Gug,259,"[{'alias': 'ramen', 'title': 'Ramen'}, {'alias': 'noodles', 'title': 'Noodles'}]",4.3,"{'latitude': 42.346378, 'longitude': -71.107286}","['delivery', 'pickup']",$$,"{'address1': '1008 Beacon St', 'address2': 'Unit F', 'address3': '', 'city': 'Brookline', 'zip_code': '02446', 'country': 'US', 'state': 'MA', 'display_address': ['1008 Beacon St', 'Unit F', 'Brookline, MA 02446']}",+16175056100,(617) 505-6100,2969.58443833292,2
HvS2_mcp34JkMlw1Q37dhg,sufra-mediterranean-food-boston-2,Sufra Mediterranean Food,https://www.yelp.com/biz/sufra-mediterranean-food-boston-2?adjust_creative=GWOCZh9-BmZxtdsAjr7Gug&utm_campaign=yelp_api_v3&utm_medium=api_v3_business_search&utm_source=GWOCZh9-BmZxtdsAjr7Gug,91,"[{'alias': 'mediterranean', 'title': 'Mediterranean'}, {'alias': 'halal', 'title': 'Halal'}]",4.2,"{'latitude': 42.34258, 'longitude': -71.09732}","['delivery', 'pickup']",,"{'address1': '52 Queensberry St', 'address2': None, 'address3': '', 'city': 'Boston', 'zip_code': '02215', 'country': 'US', 'state': 'MA', 'display_address': ['52 Queensberry St', 'Boston, MA 02215']}",+17816458080,(781) 645-8080,2219.1379208140706,2
h4Un3Tw0yKn7uCLseO7Bvg,yankee-lobster-boston,Yankee Lobster,https://www.yelp.com/biz/yankee-lobster-boston?adjust_creative=GWOCZh9-BmZxtdsAjr7Gug&utm_campaign=yelp_api_v3&utm_medium=api_v3_business_search&utm_source=GWOCZh9-BmZxtdsAjr7Gug,2447,"[{'alias': 'seafoodmarkets', 'title': 'Seafood Markets'}, {'alias': 'seafood', 'title': 'Seafood'}, {'alias': 'sandwiches', 'title': 'Sandwiches'}]",4.1,"{'latitude': 42.347849486763394, 'longitude': -71.03591061358324}","['delivery', 'pickup']",$$$,"{'address1': '300 Northern Ave', 'address2': '', 'address3': '', 'city': 'Boston', 'zip_code': '02210', 'country': 'US', 'state': 'MA', 'display_address': ['300 Northern Ave', 'Boston, MA 02210']}",+16173459799,(617) 345-9799,2903.6608012423894,2
JzFweQSjdivBYiLA96UF5Q,connollys-publik-house-boston-3,Connolly's Publik House,https://www.yelp.com/biz/connollys-publik-house-boston-3?adjust_creative=GWOCZh9-BmZxtdsAjr7Gug&utm_campaign=yelp_api_v3&utm_medium=api_v3_business_search&utm_source=GWOCZh9-BmZxtdsAjr7Gug,181,"[{'alias': 'tradamerican', 'title': 'American'}, {'alias': 'pubs', 'title': 'Pubs'}, {'alias': 'pizza', 'title': 'Pizza'}]",2.5,"{'latitude': 42.367539, 'longitude': -71.023045}",['delivery'],$$,"{'address1': '1 Hotel Dr', 'address2': '', 'address3': 'Hilton-Boston Logan Airport', 'city': 'Boston', 'zip_code': '02128', 'country': 'US', 'state': 'MA', 'display_address': ['1 Hotel Dr', 'Hilton-Boston Logan Airport', 'Boston, MA 02128']}",+16175686700,(617) 568-6700,4417.9815428593765,4
_98MfEQ67r9-V78gmy8_Pg,grill-23-and-bar-boston,Grill 23 & Bar,https://www.yelp.com/biz/grill-23-and-bar-boston?adjust_creative=GWOCZh9-BmZxtdsAjr7Gug&utm_campaign=yelp_api_v3&utm_medium=api_v3_business_search&utm_source=GWOCZh9-BmZxtdsAjr7Gug,1365,"[{'alias': 'seafood', 'title': 'Seafood'}, {'alias': 'steak', 'title': 'Steakhouses'}, {'alias': 'wine_bars', 'title': 'Wine Bars'}]",4.0,"{'latitude': 42.3494218727725, 'longitude': -71.0720500564835}",['pickup'],$$$$,"{'address1': '161 Berkeley St', 'address2': '', 'address3': '', 'city': 'Boston', 'zip_code': '02116', 'country': 'US', 'state': 'MA', 'display_address': ['161 Berkeley St', 'Boston, MA 02116']}",+16175422255,(617) 542-2255,187.80006008768987,4
jtI6MymdMhcSg30cg4DNgg,naksan-bbq-boston,Naksan BBQ,https://www.yelp.com/biz/naksan-bbq-boston?adjust_creative=GWOCZh9-BmZxtdsAjr7Gug&utm_campaign=yelp_api_v3&utm_medium=api_v3_business_search&utm_source=GWOCZh9-BmZxtdsAjr7Gug,219,"[{'alias': 'korean', 'title': 'Korean'}, {'alias': 'bbq', 'title': 'Barbeque'}]",4.0,"{'latitude': 42.34854, 'longitude': -71.13904}",[],$$$$,"{'address1': '1414 Commonwealth Ave', 'address2': '', 'address3': None, 'city': 'Boston', 'zip_code': '02135', 'country': 'US', 'state': 'MA', 'display_address': ['1414 Commonwealth Ave', 'Boston, MA 02135']}",+16176180515,(617) 618-0515,5575.4592394814545,2
ly8RyiktGZwwVSAv6KZEtQ,ocean-prime-boston-2,Ocean Prime,https://www.yelp.com/biz/ocean-prime-boston-2?adjust_creative=GWOCZh9-BmZxtdsAjr7Gug&utm_campaign=yelp_api_v3&utm_medium=api_v3_business_search&utm_source=GWOCZh9-BmZxtdsAjr7Gug,784,"[{'alias': 'seafood', 'title': 'Seafood'}, {'alias': 'steak', 'title': 'Steakhouses'}, {'alias': 'cocktailbars', 'title': 'Cocktail Bars'}]",4.1,"{'latitude': 42.35134542274275, 'longitude': -71.04347833376426}",['delivery'],$$$,"{'address1': '140 Seaport Blvd', 'address2': '', 'address3': '', 'city': 'Boston', 'zip_code': '02210', 'country': 'US', 'state': 'MA', 'display_address': ['140 Seaport Blvd', 'Boston, MA 02210']}",+16176701345,(617) 670-1345,2314.7001660531987,2
DfDrx0bluq5wPODG4Xfsag,kuya-jay-s-ube-kafe-cambridge,Kuya Jay’s Ube Kafe,https://www.yelp.com/biz/kuya-jay-s-ube-kafe-cambridge?adjust_creative=GWOCZh9-BmZxtdsAjr7Gug&utm_campaign=yelp_api_v3&utm_medium=api_v3_business_search&utm_source=GWOCZh9-BmZxtdsAjr7Gug,5,"[{'alias': 'themedcafes', 'title': 'Themed Cafes'}, {'alias': 'coffee', 'title': 'Coffee & Tea'}, {'alias': 'filipino', 'title': 'Filipino'}]",4.6,"{'latitude': 42.366809, 'longitude': -71.082693}",[],,"{'address1': '101 Rogers St', 'address2': None, 'address3': '', 'city': 'Cambridge', 'zip_code': '02142', 'country': 'US', 'state': 'MA', 'display_address': ['101 Rogers St', 'Cambridge, MA 02142']}",+13238236367,(323) 823-6367,2298.7008472122966,2
bZhUufqdpg5qxsDKpIRv5A,bar-mezzana-boston,Bar Mezzana,https://www.yelp.com/biz/bar-mezzana-boston?adjust_creative=GWOCZh9-BmZxtdsAjr7Gug&utm_campaign=yelp_api_v3&utm_medium=api_v3_business_search&utm_source=GWOCZh9-BmZxtdsAjr7Gug,479,"[{'alias': 'italian', 'title': 'Italian'}, {'alias': 'cocktailbars', 'title': 'Cocktail Bars'}]",4.2,"{'latitude': 42.3445756001492, 'longitude': -71.0635791144088}","['delivery', 'pickup']",$$$,"{'address1': '360 Harrison Ave', 'address2': '', 'address3': '', 'city': 'Boston', 'zip_code': '02118', 'country': 'US', 'state': 'MA', 'display_address': ['360 Harrison Ave', 'Boston, MA 02118']}",+16175301770,(617) 530-1770,727.0636035927298,3
JezQYEF3CFjs6Srbs-YkOQ,gufo-cambridge,Gufo,https://www.yelp.com/biz/gufo-cambridge?adjust_creative=GWOCZh9-BmZxtdsAjr7Gug&utm_campaign=yelp_api_v3&utm_medium=api_v3_business_search&utm_source=GWOCZh9-BmZxtdsAjr7Gug,115,"[{'alias': 'pizza', 'title': 'Pizza'}, {'alias': 'italian', 'title': 'Italian'}, {'alias': 'cocktailbars', 'title': 'Cocktail Bars'}]",4.5,"{'latitude': 42.37198568814142, 'longitude': -71.08759134054303}",[],,"{'address1': '660 Cambridge St', 'address2': '', 'address3': None, 'city': 'Cambridge', 'zip_code': '02141', 'country': 'US', 'state': 'MA', 'display_address': ['660 Cambridge St', 'Cambridge, MA 02141']}",,,3001.9698427615544,3
4XM_h6Gs2EdGGqMg6SXKAg,stephanie-s-boston,Stephanie’s,https://www.yelp.com/biz/stephanie-s-boston?adjust_creative=GWOCZh9-BmZxtdsAjr7Gug&utm_campaign=yelp_api_v3&utm_medium=api_v3_business_search&utm_source=GWOCZh9-BmZxtdsAjr7Gug,89,"[{'alias': 'breakfast_brunch', 'title': 'Breakfast & Brunch'}, {'alias': 'sandwiches', 'title': 'Sandwiches'}, {'alias': 'hotdogs', 'title': 'Fast Food'}]",3.6,"{'latitude': 42.364537286316086, 'longitude': -71.02172949999999}",[],$$,"{'address1': '1 Harborside Dr', 'address2': 'Terminal E', 'address3': '', 'city': 'Boston', 'zip_code': '02128', 'country': 'US', 'state': 'MA', 'display_address': ['1 Harborside Dr', 'Terminal E', 'Boston, MA 02128']}",+16175671593,(617) 567-1593,4472.070683429287,2
09pqlAR4TSjQXNTiB4cXjw,jm-curley-boston,Jm Curley,https://www.yelp.com/biz/jm-curley-boston?adjust_creative=GWOCZh9-BmZxtdsAjr7Gug&utm_campaign=yelp_api_v3&utm_medium=api_v3_business_search&utm_source=GWOCZh9-BmZxtdsAjr7Gug,922,"[{'alias': 'newamerican', 'title': 'New American'}, {'alias': 'lounges', 'title': 'Lounges'}]",3.8,"{'latitude': 42.35519797315785, 'longitude': -71.06236771448594}","['delivery', 'pickup']",$$,"{'address1': '21 Temple Pl', 'address2': None, 'address3': '', 'city': 'Boston', 'zip_code': '02111', 'country': 'US', 'state': 'MA', 'display_address': ['21 Temple Pl', 'Boston, MA 02111']}",+16173385333,(617) 338-5333,1095.9257553694117,2
Z6L3VkPmW2PNyTXMIg3bMQ,mr-h-boston,Mr. H,https://www.yelp.com/biz/mr-h-boston?adjust_creative=GWOCZh9-BmZxtdsAjr7Gug&utm_campaign=yelp_api_v3&utm_medium=api_v3_business_search&utm_source=GWOCZh9-BmZxtdsAjr7Gug,110,"[{'alias': 'chinese', 'title': 'Chinese'}, {'alias': 'noodles', 'title': 'Noodles'}, {'alias': 'soup', 'title': 'Soup'}]",3.5,"{'latitude': 42.348532, 'longitude': -71.038778}",[],,"{'address1': '225 Northern Ave Boston Ma 02210', 'address2': '', 'address3': None, 'city': 'Boston', 'zip_code': '02210', 'country': 'US', 'state': 'MA', 'display_address': ['225 Northern Ave Boston Ma 02210', 'Boston, MA 02210']}",+16174588008,(617) 458-8008,2684.231033262888,2
H5gHIypkMNC5rrdOT3aM8w,bell86-brookline,Bell86,https://www.yelp.com/biz/bell86-brookline?adjust_creative=GWOCZh9-BmZxtdsAjr7Gug&utm_campaign=yelp_api_v3&utm_medium=api_v3_business_search&utm_source=GWOCZh9-BmZxtdsAjr7Gug,32,"[{'alias': 'korean', 'title': 'Korean'}]",4.3,"{'latitude': 42.34287555806477, 'longitude': -71.12342944443033}",[],,"{'address1': '308 Harvard St', 'address2': '', 'address3': None, 'city': 'Brookline', 'zip_code': '02446', 'country': 'US', 'state': 'MA', 'display_address': ['308 Harvard St', 'Brookline, MA 02446']}",+16175055723,(617) 505-5723,4324.263530437206,2
8I2CBbVJnWS8w8OfkexE8g,the-warren-tavern-charlestown,The Warren Tavern,https://www.yelp.com/biz/the-warren-tavern-charlestown?adjust_creative=GWOCZh9-BmZxtdsAjr7Gug&utm_campaign=yelp_api_v3&utm_medium=api_v3_business_search&utm_source=GWOCZh9-BmZxtdsAjr7Gug,702,"[{'alias': 'bars', 'title': 'Bars'}, {'alias': 'tradamerican', 'title': 'American'}]",4.1,"{'latitude': 42.37414757461346, 'longitude': -71.06310135958823}","['delivery', 'pickup']",$$,"{'address1': '2 Pleasant St', 'address2': '', 'address3': '', 'city': 'Charlestown', 'zip_code': '02129', 'country': 'US', 'state': 'MA', 'display_address': ['2 Pleasant St', 'Charlestown, MA 02129']}",+16172418142,(617) 241-8142,3000.599158327897,4
gCsidBqhALICug9E2AphCw,basile-fine-italian-kitchen-boston,Basile - Fine Italian Kitchen,https://www.yelp.com/biz/basile-fine-italian-kitchen-boston?adjust_creative=GWOCZh9-BmZxtdsAjr7Gug&utm_campaign=yelp_api_v3&utm_medium=api_v3_business_search&utm_source=GWOCZh9-BmZxtdsAjr7Gug,617,"[{'alias': 'italian', 'title': 'Italian'}, {'alias': 'cocktailbars', 'title': 'Cocktail Bars'}, {'alias': 'seafood', 'title': 'Seafood'}]",4.0,"{'latitude': 42.3493148, 'longitude': -71.07076}","['delivery', 'pickup']",$$$,"{'address1': '162 Columbus Ave', 'address2': '', 'address3': '', 'city': 'Boston', 'zip_code': '02116', 'country': 'US', 'state': 'MA', 'display_address': ['162 Columbus Ave', 'Boston, MA 02116']}",+16173500007,(617) 350-0007,168.54783659287338,4
RusK8fJrhxc9GIB7tk5eng,greco-boston-12,GRECO,https://www.yelp.com/biz/greco-boston-12?adjust_creative=GWOCZh9-BmZxtdsAjr7Gug&utm_campaign=yelp_api_v3&utm_medium=api_v3_business_search&utm_source=GWOCZh9-BmZxtdsAjr7Gug,667,"[{'alias': 'greek', 'title': 'Greek'}, {'alias': 'salad', 'title': 'Salad'}, {'alias': 'soup', 'title': 'Soup'}]",4.4,"{'latitude': 42.35006, 'longitude': -71.0817}","['delivery', 'pickup']",$$,"{'address1': '225 Newbury St', 'address2': '', 'address3': None, 'city': 'Boston', 'zip_code': '02116', 'country': 'US', 'state': 'MA', 'display_address': ['225 Newbury St', 'Boston, MA 02116']}",+16175891178,(617) 589-1178,892.1281976916662,4
TKWvKUOqoXg0jDyJAv3fWQ,yeanies-boston,Yeanie's,https://www.yelp.com/biz/yeanies-boston?adjust_creative=GWOCZh9-BmZxtdsAjr7Gug&utm_campaign=yelp_api_v3&utm_medium=api_v3_business_search&utm_source=GWOCZh9-BmZxtdsAjr7Gug,42,"[{'alias': 'diners', 'title': 'Diners'}, {'alias': 'burgers', 'title': 'Burgers'}, {'alias': 'sandwiches', 'title': 'Sandwiches'}]",4.5,"{'latitude': 42.31283354116608, 'longitude': -71.05742856860161}","['delivery', 'pickup']",,"{'address1': '39 Savin Hill Ave', 'address2': '', 'address3': None, 'city': 'Boston', 'zip_code': '02125', 'country': 'US', 'state': 'MA', 'display_address': ['39 Savin Hill Ave', 'Boston, MA 02125']}",+16175809980,(617) 580-9980,4054.988791751118,2
wP65HlBXJYnS_4qXrM6oqA,reunion-bbq-boston,Reunion BBQ,https://www.yelp.com/biz/reunion-bbq-boston?adjust_creative=GWOCZh9-BmZxtdsAjr7Gug&utm_campaign=yelp_api_v3&utm_medium=api_v3_business_search&utm_source=GWOCZh9-BmZxtdsAjr7Gug,84,"[{'alias': 'bbq', 'title': 'Barbeque'}, {'alias': 'tradamerican', 'title': 'American'}, {'alias': 'bars', 'title': 'Bars'}]",3.9,"{'latitude': 42.3468, 'longitude': -71.06939}","['pickup', 'delivery', 'restaurant_reservation']",,"{'address1': '439 Tremont St', 'address2': '', 'address3': None, 'city': 'Boston', 'zip_code': '02116', 'country': 'US', 'state': 'MA', 'display_address': ['439 Tremont St', 'Boston, MA 02116']}",+18573172979,(857) 317-2979,202.442221022121,2
PtHxAutwKr5n7RyutoTjjg,laughing-monk-cafe-allston-boston,Laughing Monk Cafe - Allston,https://www.yelp.com/biz/laughing-monk-cafe-allston-boston?adjust_creative=GWOCZh9-BmZxtdsAjr7Gug&utm_campaign=yelp_api_v3&utm_medium=api_v3_business_search&utm_source=GWOCZh9-BmZxtdsAjr7Gug,63,"[{'alias': 'thai', 'title': 'Thai'}]",4.7,"{'latitude': 42.35292, 'longitude': -71.13293}","['delivery', 'pickup']",,"{'address1': '168A Brighton Ave', 'address2': None, 'address3': '', 'city': 'Boston', 'zip_code': '02134', 'country': 'US', 'state': 'MA', 'display_address': ['168A Brighton Ave', 'Boston, MA 02134']}",+16172548488,(617) 254-8488,5101.847951702664,2
f7rqA0KFOoo3QO3_UiOzYw,mae-asian-eatery-cambridge-2,Mae Asian Eatery,https://www.yelp.com/biz/mae-asian-eatery-cambridge-2?adjust_creative=GWOCZh9-BmZxtdsAjr7Gug&utm_campaign=yelp_api_v3&utm_medium=api_v3_business_search&utm_source=GWOCZh9-BmZxtdsAjr7Gug,297,"[{'alias': 'thai', 'title': 'Thai'}, {'alias': 'chinese', 'title': 'Chinese'}, {'alias': 'vietnamese', 'title': 'Vietnamese'}]",4.4,"{'latitude': 42.36332, 'longitude': -71.09684}","['delivery', 'pickup']",$$,"{'address1': '781 Main St', 'address2': '', 'address3': None, 'city': 'Cambridge', 'zip_code': '02139', 'country': 'US', 'state': 'MA', 'display_address': ['781 Main St', 'Cambridge, MA 02139']}",+16173543388,(617) 354-3388,2724.0196290348063,2
4Pt5eZTj8dVw0pGQT8eqWg,crystal-spoons-boston,Crystal Spoons,https://www.yelp.com/biz/crystal-spoons-boston?adjust_creative=GWOCZh9-BmZxtdsAjr7Gug&utm_campaign=yelp_api_v3&utm_medium=api_v3_business_search&utm_source=GWOCZh9-BmZxtdsAjr7Gug,3,"[{'alias': 'indpak', 'title': 'Indian'}, {'alias': 'cocktailbars', 'title': 'Cocktail Bars'}]",4.3,"{'latitude': 42.33409, 'longitude': -71.07952}","['delivery', 'restaurant_reservation']",,"{'address1': '1950 Washington St', 'address2': None, 'address3': '', 'city': 'Boston', 'zip_code': '02118', 'country': 'US', 'state': 'MA', 'display_address': ['1950 Washington St', 'Boston, MA 02118']}",+17814995934,(781) 499-5934,1673.4285745672503,2
QFEEm3joTWU5ZF4suCuRPQ,five-horses-tavern-boston-2,Five Horses Tavern,https://www.yelp.com/biz/five-horses-tavern-boston-2?adjust_creative=GWOCZh9-BmZxtdsAjr7Gug&utm_campaign=yelp_api_v3&utm_medium=api_v3_business_search&utm_source=GWOCZh9-BmZxtdsAjr7Gug,558,"[{'alias': 'bars', 'title': 'Bars'}, {'alias': 'tradamerican', 'title': 'American'}, {'alias': 'breakfast_brunch', 'title': 'Breakfast & Brunch'}]",3.8,"{'latitude': 42.3417445441842, 'longitude': -71.0805253552637}","['delivery', 'pickup']",$$,"{'address1': '535 Columbus Ave', 'address2': '', 'address3': '', 'city': 'Boston', 'zip_code': '02118', 'country': 'US', 'state': 'MA', 'display_address': ['535 Columbus Ave', 'Boston, MA 02118']}",+16179363930,(617) 936-3930,1020.5757983051275,2
xVxjzyMqghCYwVe_dwJzJw,loco-taqueria-and-oyster-bar-boston,Loco Taqueria & Oyster Bar,https://www.yelp.com/biz/loco-taqueria-and-oyster-bar-boston?adjust_creative=GWOCZh9-BmZxtdsAjr7Gug&utm_campaign=yelp_api_v3&utm_medium=api_v3_business_search&utm_source=GWOCZh9-BmZxtdsAjr7Gug,823,"[{'alias': 'cocktailbars', 'title': 'Cocktail Bars'}, {'alias': 'seafood', 'title': 'Seafood'}, {'alias': 'tacos', 'title': 'Tacos'}]",3.9,"{'latitude': 42.3369670759542, 'longitude': -71.0477377406966}",['delivery'],$$,"{'address1': '412 W Broadway', 'address2': '', 'address3': '', 'city': 'Boston', 'zip_code': '02127', 'country': 'US', 'state': 'MA', 'display_address': ['412 W Broadway', 'Boston, MA 02127']}",+16179175626,(617) 917-5626,2279.095993596969,2
rfVeMKm5arxZ1bXe4JPdkg,sunnyside-all-day-brunch-cafe-boston,Sunnyside All Day Brunch Cafe,https://www.yelp.com/biz/sunnyside-all-day-brunch-cafe-boston?adjust_creative=GWOCZh9-BmZxtdsAjr7Gug&utm_campaign=yelp_api_v3&utm_medium=api_v3_business_search&utm_source=GWOCZh9-BmZxtdsAjr7Gug,22,"[{'alias': 'pancakes', 'title': 'Pancakes'}, {'alias': 'beerbar', 'title': 'Beer Bar'}, {'alias': 'wine_bars', 'title': 'Wine Bars'}]",4.7,"{'latitude': 42.3792781, 'longitude': -71.07341269999999}","['delivery', 'pickup']",,"{'address1': '100 C Hood Park Dr', 'address2': '', 'address3': None, 'city': 'Boston', 'zip_code': '02129', 'country': 'US', 'state': 'MA', 'display_address': ['100 C Hood Park Dr', 'Boston, MA 02129']}",,,3500.106194466465,2
SJy51U18u3zJ_TccSKpPdQ,gaga-seafood-restaurant-boston,Gaga Seafood Restaurant,https://www.yelp.com/biz/gaga-seafood-restaurant-boston?adjust_creative=GWOCZh9-BmZxtdsAjr7Gug&utm_campaign=yelp_api_v3&utm_medium=api_v3_business_search&utm_source=GWOCZh9-BmZxtdsAjr7Gug,354,"[{'alias': 'seafood', 'title': 'Seafood'}, {'alias': 'chinese', 'title': 'Chinese'}]",4.1,"{'latitude': 42.35071, 'longitude': -71.06097}","['delivery', 'pickup']",$$,"{'address1': '25-27 Tyler St', 'address2': None, 'address3': '', 'city': 'Boston', 'zip_code': '02111', 'country': 'US', 'state': 'MA', 'display_address': ['25-27 Tyler St', 'Boston, MA 02111']}",+16173388770,(617) 338-8770,910.5800401922478,3
ob-YioxvHUIQKYK2fBw3gA,little-sage-boston,Little Sage,https://www.yelp.com/biz/little-sage-boston?adjust_creative=GWOCZh9-BmZxtdsAjr7Gug&utm_campaign=yelp_api_v3&utm_medium=api_v3_business_search&utm_source=GWOCZh9-BmZxtdsAjr7Gug,26,"[{'alias': 'italian', 'title': 'Italian'}]",4.5,"{'latitude': 42.36512311437055, 'longitude': -71.05332054577568}",[],,"{'address1': '352 Hanover St', 'address2': '', 'address3': None, 'city': 'Boston', 'zip_code': '02113', 'country': 'US', 'state': 'MA', 'display_address': ['352 Hanover St', 'Boston, MA 02113']}",+16177429600,(617) 742-9600,2421.034022308645,3
geqpfK2WO6uHJCDpNofURA,metropolis-cafe-boston-5,Metropolis,https://www.yelp.com/biz/metropolis-cafe-boston-5?adjust_creative=GWOCZh9-BmZxtdsAjr7Gug&utm_campaign=yelp_api_v3&utm_medium=api_v3_business_search&utm_source=GWOCZh9-BmZxtdsAjr7Gug,556,"[{'alias': 'newamerican', 'title': 'New American'}, {'alias': 'wine_bars', 'title': 'Wine Bars'}]",4.0,"{'latitude': 42.3432427456964, 'longitude': -71.0728738615751}","['delivery', 'pickup']",$$,"{'address1': '584 Tremont St', 'address2': '', 'address3': '', 'city': 'Boston', 'zip_code': '02118', 'country': 'US', 'state': 'MA', 'display_address': ['584 Tremont St', 'Boston, MA 02118']}",+16172472931,(617) 247-2931,522.3585385265354,3
A011i0aAT0MNP-7HwYM45Q,a-t-o-keeffes-boston,A.T. O'Keeffe's,https://www.yelp.com/biz/a-t-o-keeffes-boston?adjust_creative=GWOCZh9-BmZxtdsAjr7Gug&utm_campaign=yelp_api_v3&utm_medium=api_v3_business_search&utm_source=GWOCZh9-BmZxtdsAjr7Gug,122,"[{'alias': 'irish_pubs', 'title': 'Irish Pub'}, {'alias': 'sportsbars', 'title': 'Sports Bars'}, {'alias': 'burgers', 'title': 'Burgers'}]",4.0,"{'latitude': 42.34847, 'longitude': -71.08441}",[],$$,"{'address1': '911 Boylston St', 'address2': None, 'address3': '', 'city': 'Boston', 'zip_code': '02215', 'country': 'US', 'state': 'MA', 'display_address': ['911 Boylston St', 'Boston, MA 02215']}",+16179363927,(617) 936-3927,1085.0889128332171,2
K1wwqd6ZSTOKxkmZ-6VV6g,dig-inn-boston-11,Dig Inn,https://www.yelp.com/biz/dig-inn-boston-11?adjust_creative=GWOCZh9-BmZxtdsAjr7Gug&utm_campaign=yelp_api_v3&utm_medium=api_v3_business_search&utm_source=GWOCZh9-BmZxtdsAjr7Gug,555,"[{'alias': 'newamerican', 'title': 'New American'}]",4.1,"{'latitude': 42.3507143, 'longitude': -71.0762011}","['delivery', 'pickup']",$$,"{'address1': '557 Boylston St', 'address2': None, 'address3': '', 'city': 'Boston', 'zip_code': '02116', 'country': 'US', 'state': 'MA', 'display_address': ['557 Boylston St', 'Boston, MA 02116']}",+16179043711,(617) 904-3711,517.7113587927619,3
WYnXpXym2DMtwchDcbilmg,area-four-cambridge-3,Area Four,https://www.yelp.com/biz/area-four-cambridge-3?adjust_creative=GWOCZh9-BmZxtdsAjr7Gug&utm_campaign=yelp_api_v3&utm_medium=api_v3_business_search&utm_source=GWOCZh9-BmZxtdsAjr7Gug,1126,"[{'alias': 'pizza', 'title': 'Pizza'}, {'alias': 'tradamerican', 'title': 'American'}, {'alias': 'bars', 'title': 'Bars'}]",4.0,"{'latitude': 42.36309853382358, 'longitude': -71.09243287806386}",['delivery'],$$,"{'address1': '500 Technology Sq', 'address2': '', 'address3': '', 'city': 'Cambridge', 'zip_code': '02139', 'country': 'US', 'state': 'MA', 'display_address': ['500 Technology Sq', 'Cambridge, MA 02139']}",+16177584444,(617) 758-4444,2430.986457323275,2
tESFh3aM9mC3-aOFIWWNnQ,tall-order-somerville-2,Tall Order,https://www.yelp.com/biz/tall-order-somerville-2?adjust_creative=GWOCZh9-BmZxtdsAjr7Gug&utm_campaign=yelp_api_v3&utm_medium=api_v3_business_search&utm_source=GWOCZh9-BmZxtdsAjr7Gug,14,"[{'alias': 'cocktailbars', 'title': 'Cocktail Bars'}, {'alias': 'tradamerican', 'title': 'American'}]",4.9,"{'latitude': 42.376358, 'longitude': -71.104303}",[],,"{'address1': '70 Beacon St', 'address2': '', 'address3': None, 'city': 'Somerville', 'zip_code': '02143', 'country': 'US', 'state': 'MA', 'display_address': ['70 Beacon St', 'Somerville, MA 02143']}",,,4175.300567486358,3
1aQpK-diOf5B2aA17F8GZw,rock-and-rye-boston,Rock&Rye,https://www.yelp.com/biz/rock-and-rye-boston?adjust_creative=GWOCZh9-BmZxtdsAjr7Gug&utm_campaign=yelp_api_v3&utm_medium=api_v3_business_search&utm_source=GWOCZh9-BmZxtdsAjr7Gug,75,"[{'alias': 'lounges', 'title': 'Lounges'}, {'alias': 'tradamerican', 'title': 'American'}]",3.8,"{'latitude': 42.351256, 'longitude': -71.064275}",[],,"{'address1': '57 Stuart St', 'address2': '', 'address3': None, 'city': 'Boston', 'zip_code': '02116', 'country': 'US', 'state': 'MA', 'display_address': ['57 Stuart St', 'Boston, MA 02116']}",+18572399410,(857) 239-9410,689.3693494979132,3
9a1K6Dp5K70ag2dGu2HmyA,kung-fu-kitchen-brookline-2,Kung Fu Kitchen,https://www.yelp.com/biz/kung-fu-kitchen-brookline-2?adjust_creative=GWOCZh9-BmZxtdsAjr7Gug&utm_campaign=yelp_api_v3&utm_medium=api_v3_business_search&utm_source=GWOCZh9-BmZxtdsAjr7Gug,140,"[{'alias': 'chinese', 'title': 'Chinese'}, {'alias': 'ramen', 'title': 'Ramen'}]",4.3,"{'latitude': 42.34143, 'longitude': -71.12247}","['delivery', 'pickup']",,"{'address1': '1353 Beacon St', 'address2': '', 'address3': None, 'city': 'Brookline', 'zip_code': '02446', 'country': 'US', 'state': 'MA', 'display_address': ['1353 Beacon St', 'Brookline, MA 02446']}",+16176511739,(617) 651-1739,4273.47999543722,3
Dj2AaWdxgYSfOjLVN9cfpg,verveine-cafe-cambridge,Verveine Cafe,https://www.yelp.com/biz/verveine-cafe-cambridge?adjust_creative=GWOCZh9-BmZxtdsAjr7Gug&utm_campaign=yelp_api_v3&utm_medium=api_v3_business_search&utm_source=GWOCZh9-BmZxtdsAjr7Gug,94,"[{'alias': 'cafes', 'title': 'Cafes'}, {'alias': 'bakeries', 'title': 'Bakeries'}]",4.3,"{'latitude': 42.362221, 'longitude': -71.098786}","['delivery', 'pickup']",$$,"{'address1': '298 Massachusetts Ave', 'address2': None, 'address3': '', 'city': 'Cambridge', 'zip_code': '02139', 'country': 'US', 'state': 'MA', 'display_address': ['298 Massachusetts Ave', 'Cambridge, MA 02139']}",+16173953125,(617) 395-3125,2774.7376512422206,2
rdpY_LeMnDnfeK47eDnDOw,lincoln-tavern-and-restaurant-boston,Lincoln Tavern & Restaurant,https://www.yelp.com/biz/lincoln-tavern-and-restaurant-boston?adjust_creative=GWOCZh9-BmZxtdsAjr7Gug&utm_campaign=yelp_api_v3&utm_medium=api_v3_business_search&utm_source=GWOCZh9-BmZxtdsAjr7Gug,1190,"[{'alias': 'newamerican', 'title': 'New American'}, {'alias': 'bars', 'title': 'Bars'}]",3.9,"{'latitude': 42.336323, 'longitude': -71.0476}",['delivery'],$$,"{'address1': '425 W Broadway', 'address2': '', 'address3': '', 'city': 'Boston', 'zip_code': '02127', 'country': 'US', 'state': 'MA', 'display_address': ['425 W Broadway', 'Boston, MA 02127']}",+16177658636,(617) 765-8636,2327.3407908158247,2
n7kjRf3hMYDhCqxG6iC4Cg,orinoco-cambridge,Orinoco,https://www.yelp.com/biz/orinoco-cambridge?adjust_creative=GWOCZh9-BmZxtdsAjr7Gug&utm_campaign=yelp_api_v3&utm_medium=api_v3_business_search&utm_source=GWOCZh9-BmZxtdsAjr7Gug,394,"[{'alias': 'venezuelan', 'title': 'Venezuelan'}, {'alias': 'desserts', 'title': 'Desserts'}, {'alias': 'salad', 'title': 'Salad'}]",4.0,"{'latitude': 42.3718793590212, 'longitude': -71.12057277383143}","['delivery', 'pickup']",$$,"{'address1': '56 John F Kennedy St', 'address2': '', 'address3': '', 'city': 'Cambridge', 'zip_code': '02138', 'country': 'US', 'state': 'MA', 'display_address': ['56 John F Kennedy St', 'Cambridge, MA 02138']}",+16173546900,(617) 354-6900,4855.125484652679,2
Jmyya_ylt3Bks4NTcyWgEg,zuma-boston-2,Zuma,https://www.yelp.com/biz/zuma-boston-2?adjust_creative=GWOCZh9-BmZxtdsAjr7Gug&utm_campaign=yelp_api_v3&utm_medium=api_v3_business_search&utm_source=GWOCZh9-BmZxtdsAjr7Gug,390,"[{'alias': 'japanese', 'title': 'Japanese'}, {'alias': 'sushi', 'title': 'Sushi Bars'}, {'alias': 'cocktailbars', 'title': 'Cocktail Bars'}]",4.0,"{'latitude': 42.34591732031346, 'longitude': -71.0841486839809}","['delivery', 'pickup']",$$$$,"{'address1': '1 Dalton St', 'address2': 'Fl 2', 'address3': None, 'city': 'Boston', 'zip_code': '02199', 'country': 'US', 'state': 'MA', 'display_address': ['1 Dalton St', 'Fl 2', 'Boston, MA 02199']}",+18574492500,(857) 449-2500,1081.9604199698451,2
gM4sz4LasKhCtkgIFI56UA,dovetail-restaurant-and-shop-boston,Dovetail Restaurant & Shop,https://www.yelp.com/biz/dovetail-restaurant-and-shop-boston?adjust_creative=GWOCZh9-BmZxtdsAjr7Gug&utm_campaign=yelp_api_v3&utm_medium=api_v3_business_search&utm_source=GWOCZh9-BmZxtdsAjr7Gug,69,"[{'alias': 'wine_bars', 'title': 'Wine Bars'}, {'alias': 'pastashops', 'title': 'Pasta Shops'}, {'alias': 'seafood', 'title': 'Seafood'}]",4.4,"{'latitude': 42.37523157393522, 'longitude': -71.05452497461872}",[],,"{'address1': '1 6th St', 'address2': '', 'address3': None, 'city': 'Boston', 'zip_code': '02129', 'country': 'US', 'state': 'MA', 'display_address': ['1 6th St', 'Boston, MA 02129']}",+16173375070,(617) 337-5070,3341.0463616315246,4
Z6Io2AbJrof7TPVliMZkAg,fuji-at-ink-block-boston,Fuji at Ink Block,https://www.yelp.com/biz/fuji-at-ink-block-boston?adjust_creative=GWOCZh9-BmZxtdsAjr7Gug&utm_campaign=yelp_api_v3&utm_medium=api_v3_business_search&utm_source=GWOCZh9-BmZxtdsAjr7Gug,765,"[{'alias': 'japanese', 'title': 'Japanese'}, {'alias': 'sushi', 'title': 'Sushi Bars'}, {'alias': 'cocktailbars', 'title': 'Cocktail Bars'}]",4.5,"{'latitude': 42.345077, 'longitude': -71.063505}","['delivery', 'pickup']",$$$,"{'address1': '352 Harrison Ave', 'address2': 'Ste B', 'address3': None, 'city': 'Boston', 'zip_code': '02118', 'country': 'US', 'state': 'MA', 'display_address': ['352 Harrison Ave', 'Ste B', 'Boston, MA 02118']}",+16179363282,(617) 936-3282,706.3573293177284,4
